Date,PX_CLOSE_1D,FX_TO_USD,POINT_VALUE,price_volatility,one_pct_move,block_value,icv_local,ivv_usd,forecast,daily_cash_vol_target,volatility_scaler,subsystem_position,target_contracts,current_position,trades,trade_pnl_usd,carry_pnl_usd,pnl_usd,portfolio_nav_usd
2017-01-02,68.285,1.0,1000.0,,0.68285,682.8499999999999,,,0.0,125000.0,0.0,0.0,0,0.0,0.0,0.0,0.0,0.0,10000000.0
2017-01-03,67.54,1.0,1000.0,1.1,0.6754000000000001,675.4000000000001,742.9400000000002,742.9400000000002,168.25046437128162,125000.0,168.25046437128162,78.62723199547709,56,56.0,56.0,0.0,-0.0,0.0,10000000.0
2017-01-04,68.585,1.0,1000.0,1.11,0.68585,685.8499999999999,761.2935,761.2935,164.19422995204872,125000.0,164.19422995204872,104.13884455874253,74,74.0,18.0,0.0,58519.9999999993,58519.9999999993,10060640.0
2017-01-05,67.755,1.0,1000.0,1.13,0.67755,677.55,765.6314999999998,765.6314999999998,164.2539524562404,125758.0,164.2539524562404,83.81912350004983,60,60.0,-14.0,0.0,-61419.999999999876,-61419.999999999876,9958970.0
2017-01-06,69.0,1.0,1000.0,1.16,0.6900000000000001,690.0000000000001,800.4000000000001,800.4000000000001,155.53114067966015,124487.125,155.53114067966015,111.17574476423911,79,79.0,19.0,0.0,74700.00000000028,74700.00000000028,10116269.999999998
2017-01-09,69.52,1.0,1000.0,1.13,0.6951999999999999,695.1999999999999,785.5759999999998,785.5759999999998,160.96898963308453,126453.37499999999,160.96898963308453,147.0491949554367,105,105.0,26.0,0.0,41079.99999999969,41079.99999999969,10143600.0
2017-01-10,69.11,1.0,1000.0,1.12,0.6911,691.1,774.0320000000002,774.0320000000002,163.81105690720793,126795.0,163.81105690720793,147.290658404278,105,105.0,0.0,0.0,-43049.99999999964,-43049.99999999964,10078279.999999998
2017-01-11,69.285,1.0,1000.0,1.09,0.69285,692.8499999999999,755.2065,755.2065,166.8133152985309,125978.49999999999,166.8133152985309,158.99901119141012,113,113.0,8.0,0.0,18374.9999999997,18374.9999999997,10048775.0
2017-01-12,69.88,1.0,1000.0,1.07,0.6988,698.8,747.716,747.716,167.9911724505026,125609.6875,167.9911724505026,183.59060544020667,131,131.0,18.0,0.0,67234.99999999987,67234.99999999987,10062300.0
2017-02-01,71.34,1.0,1000.0,1.12,0.7134,713.4000000000001,799.0080000000002,799.0080000000002,157.41863660939563,125778.75,157.41863660939563,254.10444830499256,181,181.0,50.0,0.0,191260.00000000105,191260.00000000105,10538559.999999998
2017-02-02,70.83,1.0,1000.0,1.11,0.7083,708.3000000000001,786.2130000000002,786.2130000000002,167.55255891215222,131731.99999999997,167.55255891215222,252.1962021929784,180,180.0,-1.0,0.0,-92310.00000000093,-92310.00000000093,10336809.999999998
2017-02-03,69.36,1.0,1000.0,1.21,0.6936,693.6,839.256,839.256,153.95794012792283,129210.12499999999,153.95794012792283,139.68520270353883,100,100.0,-80.0,0.0,-264599.99999999977,-264599.99999999977,10054929.999999998
2017-02-06,68.89,1.0,1000.0,1.19,0.6889000000000001,688.9000000000001,819.791,819.791,153.31544869363043,125686.62499999999,153.31544869363043,103.2157263710033,74,74.0,-26.0,0.0,-46999.99999999988,-46999.99999999988,9910630.0
2017-02-07,69.505,1.0,1000.0,1.17,0.69505,695.05,813.2084999999998,813.2084999999998,152.33839169167567,123882.875,152.33839169167567,102.94978887302447,73,73.0,-1.0,0.0,45509.99999999962,45509.99999999962,9932580.0
2017-02-08,69.335,1.0,1000.0,1.14,0.6933499999999999,693.3499999999999,790.4189999999999,790.4189999999999,157.07776508408833,124157.25,157.07776508408833,107.0393600448601,76,76.0,3.0,0.0,-12410.000000000124,-12410.000000000124,9821050.0
2017-02-09,69.475,1.0,1000.0,1.11,0.69475,694.75,771.1725,771.1725,159.1902265705792,122763.125,159.1902265705792,115.90079633774515,83,83.0,7.0,0.0,10640.000000000044,10640.000000000044,9830650.000000002
2017-02-10,69.21,1.0,1000.0,1.09,0.6920999999999999,692.0999999999999,754.389,754.389,162.89092895044868,122883.12500000003,162.89092895044868,110.48581534989792,79,79.0,-4.0,0.0,-21995.000000000047,-21995.000000000047,9840975.000000002
2017-03-01,67.54,1.0,1000.0,1.23,0.6754000000000001,675.4000000000001,830.7420000000001,830.7420000000001,148.07507926648708,123012.18750000003,148.07507926648708,26.240730742828305,19,19.0,-60.0,0.0,-131929.999999999,-131929.999999999,9599905.000000002
2017-03-02,67.305,1.0,1000.0,1.2,0.67305,673.0500000000001,807.6600000000001,807.6600000000001,148.57590136938813,119998.81250000003,148.57590136938813,26.615408119336188,19,19.0,0.0,0.0,-4464.999999999989,-4464.999999999989,9623600.000000002
2017-03-03,67.715,1.0,1000.0,1.17,0.67715,677.15,792.2655,792.2655,151.83672645091832,120295.00000000003,151.83672645091832,51.77430718678632,37,37.0,18.0,0.0,7789.999999999935,7789.999999999935,10040890.000000002
2017-03-06,67.22,1.0,1000.0,1.16,0.6722,672.2,779.752,779.752,160.96287665821959,125511.12500000003,160.96287665821959,39.83990526934678,28,28.0,-9.0,0.0,-18315.000000000167,-18315.000000000167,10002175.000000004
2017-03-07,65.865,1.0,1000.0,1.24,0.65865,658.65,816.726,816.726,153.08339332897455,125027.18750000006,153.08339332897455,-19.93920859605033,-14,-14.0,-42.0,0.0,-37940.00000000011,-37940.00000000011,9905435.000000002
2017-03-08,66.155,1.0,1000.0,1.21,0.66155,661.55,800.4754999999999,800.4754999999999,154.68048366252313,123817.93750000003,154.68048366252313,-26.191746493407464,-19,-19.0,-5.0,0.0,-4060.0000000000873,-4060.0000000000873,10016575.000000004
2017-03-09,66.125,1.0,1000.0,1.18,0.66125,661.25,780.275,780.275,160.46546089519728,125207.18750000006,160.46546089519728,-28.33674516922348,-20,-20.0,-1.0,0.0,570.0000000000216,570.0000000000216,10091095.000000002
2017-03-10,66.085,1.0,1000.0,1.14,0.6608499999999999,660.8499999999999,753.3689999999998,753.3689999999998,167.4328084909255,126138.68750000003,167.4328084909255,-25.922881195251108,-18,-18.0,2.0,0.0,800.000000000125,800.000000000125,10100715.000000002
2017-04-03,68.04,1.0,1000.0,1.27,0.6804000000000001,680.4000000000001,864.1080000000002,864.1080000000002,146.11476516824285,126258.93750000003,146.11476516824285,120.84790813930351,86,86.0,104.0,0.0,-35190.000000000226,-35190.000000000226,10007005.000000002
2017-04-04,67.6,1.0,1000.0,1.25,0.6759999999999999,675.9999999999999,844.9999999999999,844.9999999999999,148.0326183431953,125087.56250000003,148.0326183431953,109.90907263541742,78,78.0,-8.0,0.0,-37840.000000001026,-37840.000000001026,10005245.0
2017-04-05,67.415,1.0,1000.0,1.22,0.67415,674.15,822.463,822.463,152.06223562640508,125065.5625,152.06223562640508,106.27110695503754,76,76.0,-2.0,0.0,-14429.999999999069,-14429.999999999069,9978335.000000002
2017-04-06,66.98,1.0,1000.0,1.21,0.6698000000000001,669.8000000000001,810.4580000000001,810.4580000000001,153.8996314429619,124729.18750000003,153.8996314429619,81.0532073939575,58,58.0,-18.0,0.0,-33060.000000000175,-33060.000000000175,9944245.0
2017-04-07,66.845,1.0,1000.0,1.18,0.66845,668.45,788.771,788.771,157.59081216221185,124303.0625,157.59081216221185,71.24098338576675,51,51.0,-7.0,0.0,-7830.0000000002965,-7830.0000000002965,9985635.0
2017-04-10,66.585,1.0,1000.0,1.15,0.6658499999999999,665.8499999999999,765.7274999999998,765.7274999999998,163.0089522708797,124820.4375,163.0089522708797,67.756262876774,48,48.0,-3.0,0.0,-13260.00000000026,-13260.00000000026,9988615.000000002
2017-04-11,66.7,1.0,1000.0,1.12,0.667,667.0,747.0400000000001,747.0400000000001,167.1365489130435,124857.68750000003,167.1365489130435,69.54635203109109,50,50.0,2.0,0.0,5520.000000000437,5520.000000000437,10021195.000000002
2017-04-12,67.165,1.0,1000.0,1.09,0.6716500000000001,671.6500000000001,732.0985000000002,732.0985000000002,171.10393956550928,125264.93750000003,171.10393956550928,95.75540744458641,68,68.0,18.0,0.0,23250.00000000017,23250.00000000017,10049685.000000002
2017-05-01,66.435,1.0,1000.0,1.11,0.66435,664.35,737.4285000000001,737.4285000000001,170.35015937138314,125621.06250000003,170.35015937138314,71.92267313151616,51,51.0,-17.0,0.0,-49640.00000000027,-49640.00000000027,9800125.000000002
2017-05-02,66.745,1.0,1000.0,1.08,0.6674500000000001,667.45,720.8460000000001,720.8460000000001,169.94137790873503,122501.56250000003,169.94137790873503,71.5466506579309,51,51.0,0.0,0.0,15810.000000000116,15810.000000000116,9808195.000000002
2017-05-03,66.975,1.0,1000.0,1.05,0.66975,669.75,703.2375000000001,703.2375000000001,174.3400167084378,122602.43750000003,174.3400167084378,109.69763671564151,78,78.0,27.0,0.0,11729.999999999478,11729.999999999478,9819925.000000002
2017-05-04,67.065,1.0,1000.0,1.02,0.67065,670.65,684.063,684.063,179.44116623761266,122749.06250000003,179.44116623761266,125.6355226102282,90,90.0,12.0,0.0,7020.000000000266,7020.000000000266,9759005.000000004
2017-05-05,67.66,1.0,1000.0,1.0,0.6766,676.6,676.6,676.6,180.29494900975473,121987.56250000006,180.29494900975473,178.6004970791515,127,127.0,37.0,0.0,53549.9999999999,53549.9999999999,9781315.000000004
2017-05-08,67.975,1.0,1000.0,0.98,0.67975,679.75,666.155,666.155,183.54052360186452,122266.43750000006,183.54052360186452,222.6656913516751,159,159.0,32.0,0.0,40004.99999999971,40004.99999999971,9821320.000000004
2017-05-09,67.745,1.0,1000.0,0.96,0.6774500000000001,677.4500000000002,650.3520000000001,650.3520000000001,188.7693126183975,122766.50000000006,188.7693126183975,231.51310382464163,165,165.0,6.0,0.0,-36569.99999999837,-36569.99999999837,9775570.000000004
2017-05-10,67.81,1.0,1000.0,0.93,0.6781,678.1,630.633,630.633,193.76503449708477,122194.62500000006,193.76503449708477,239.67415842352634,171,171.0,6.0,0.0,10724.999999999625,10724.999999999625,9802105.000000004
2017-05-11,67.085,1.0,1000.0,0.95,0.67085,670.8499999999999,637.3074999999999,637.3074999999999,192.25619108515133,122526.31250000006,192.25619108515133,168.00353099761,120,120.0,-51.0,0.0,-123975.00000000146,-123975.00000000146,9667330.000000002
2017-05-12,66.49,1.0,1000.0,0.95,0.6648999999999999,664.9,631.655,631.655,191.30953606003283,120841.62500000003,191.30953606003283,99.59204262021447,71,71.0,-49.0,0.0,-71399.99999999987,-71399.99999999987,9623530.000000002
2017-06-01,65.77,1.0,1000.0,0.97,0.6577,657.6999999999999,637.9689999999999,637.9689999999999,188.5579471729818,120294.12500000003,188.5579471729818,19.458294102094897,14,14.0,-57.0,0.0,-51119.99999999992,-51119.99999999992,9677410.000000002
2017-06-02,66.155,1.0,1000.0,0.95,0.66155,661.55,628.4725,628.4725,192.47878785467947,120967.62500000003,192.47878785467947,79.47541398478494,57,57.0,43.0,0.0,5390.000000000072,5390.000000000072,9741840.000000002
2017-06-05,66.2,1.0,1000.0,0.92,0.662,662.0,609.0400000000001,609.0400000000001,199.94253251017997,121773.00000000003,199.94253251017997,115.6212750055981,82,82.0,25.0,0.0,2565.0000000000973,2565.0000000000973,10034205.000000004
2017-06-06,66.765,1.0,1000.0,0.91,0.66765,667.65,607.5615,607.5615,206.44422416496116,125427.56250000006,206.44422416496116,150.62646560544917,107,107.0,25.0,0.0,46329.99999999981,46329.99999999981,10156655.000000004
2017-06-07,66.575,1.0,1000.0,0.89,0.6657500000000001,665.7500000000001,592.5175000000002,592.5175000000002,214.26909331791893,126958.18750000006,214.26909331791893,158.1759485282978,113,113.0,6.0,0.0,-20329.999999999756,-20329.999999999756,10149205.000000002
2017-06-08,67.165,1.0,1000.0,0.88,0.6716500000000001,671.6500000000001,591.0520000000001,591.0520000000001,214.64281061564805,126865.06250000003,214.64281061564805,194.40934623323636,139,139.0,26.0,0.0,66670.00000000038,66670.00000000038,10210205.000000002
2017-06-09,67.41,1.0,1000.0,0.86,0.6741,674.1,579.726,579.726,220.15152416831404,127627.56250000003,220.15152416831404,239.2724250413014,171,171.0,32.0,0.0,34054.999999998654,34054.999999998654,10224660.000000002
2017-06-12,67.535,1.0,1000.0,0.83,0.67535,675.35,560.5405,560.5405,228.00894850595103,127808.25000000003,228.00894850595103,279.50605766923474,199,199.0,28.0,0.0,21375.0,21375.0,10236145.000000002
2017-07-03,66.78,1.0,1000.0,0.86,0.6678000000000001,667.8000000000001,574.3080000000001,574.3080000000001,222.79301785801349,127951.81250000003,222.79301785801349,70.34166590927029,50,50.0,-149.0,0.0,-150244.9999999991,-150244.9999999991,10230800.000000002
2017-07-04,66.875,1.0,1000.0,0.84,0.6687500000000001,668.7500000000001,561.7500000000001,561.7500000000001,227.65465064530486,127885.00000000003,227.65465064530486,96.3500760762078,69,69.0,19.0,0.0,4749.999999999944,4749.999999999944,10204150.000000004
2017-07-05,66.7,1.0,1000.0,0.82,0.667,667.0,546.9399999999999,546.9399999999999,233.20999561195026,127551.87500000006,233.20999561195026,104.3917193468221,74,74.0,5.0,0.0,-12074.999999999804,-12074.999999999804,10179195.000000002
2017-07-06,66.405,1.0,1000.0,0.81,0.66405,664.0500000000001,537.8805000000001,537.8805000000001,236.558004054804,127239.93750000003,236.558004054804,74.2142752136546,53,53.0,-21.0,0.0,-21830.000000000127,-21830.000000000127,10391885.000000004
2017-07-07,67.095,1.0,1000.0,0.81,0.67095,670.95,543.4695,543.4695,239.01720795739237,129898.56250000006,239.01720795739237,122.08831514087413,87,87.0,34.0,0.0,36569.999999999876,36569.999999999876,10430075.000000002
2017-07-10,66.915,1.0,1000.0,0.8,0.66915,669.15,535.32,535.32,243.54766775013078,130375.93750000003,243.54766775013078,142.68989167147274,102,102.0,15.0,0.0,-15659.999999999358,-15659.999999999358,10337915.000000004
2017-07-11,66.94,1.0,1000.0,0.77,0.6694,669.4,515.438,515.438,250.70704430018753,129223.93750000006,250.70704430018753,167.72198567913466,120,120.0,18.0,0.0,2549.9999999991305,2549.9999999991305,10383715.000000004
2017-07-12,68.075,1.0,1000.0,0.83,0.6807500000000001,680.7500000000001,565.0225,565.0225,229.7190598604481,129796.43750000006,229.7190598604481,223.30038286415416,159,159.0,39.0,0.0,136200.0000000006,136200.0000000006,10390705.000000006
2017-08-01,66.19,1.0,1000.0,1.07,0.6619,661.9000000000001,708.2330000000002,708.2330000000002,183.3913591995855,129883.81250000007,183.3913591995855,45.48452255198653,32,32.0,-127.0,0.0,-299715.0000000008,-299715.0000000008,9846730.0
2017-08-02,65.555,1.0,1000.0,1.07,0.6555500000000001,655.5500000000001,701.4385000000001,701.4385000000001,175.47386549212794,123084.125,175.47386549212794,-5.834266197377797,-4,-4.0,-36.0,0.0,-20319.99999999971,-20319.99999999971,9819450.0
2017-08-03,65.57,1.0,1000.0,1.04,0.6557,655.6999999999999,681.928,681.928,179.99425892469586,122743.125,179.99425892469586,-18.502710978722938,-13,-13.0,-9.0,0.0,-59.99999999994543,-59.99999999994543,9773190.0
2017-08-04,65.82,1.0,1000.0,1.01,0.6581999999999999,658.1999999999999,664.7819999999999,664.7819999999999,183.76682130382594,122164.875,183.76682130382594,-6.7959649350906775,-5,-5.0,8.0,0.0,-3250.0,-3250.0,9786090.000000002
2017-08-07,65.83,1.0,1000.0,0.98,0.6583,658.3,645.1339999999999,645.1339999999999,189.61351440165927,122326.12500000003,189.61351440165927,4.603738994092123,3,3.0,8.0,0.0,-50.00000000002558,-50.00000000002558,9769550.0
2017-08-08,65.47,1.0,1000.0,0.97,0.6547,654.6999999999999,635.059,635.059,192.29610949533824,122119.375,192.29610949533824,-5.780021122844746,-4,-4.0,-7.0,0.0,-1079.9999999999982,-1079.9999999999982,9784790.000000002
2017-08-09,65.47,1.0,1000.0,0.94,0.6547,654.6999999999999,615.4179999999999,615.4179999999999,198.74276507999448,122309.87500000003,198.74276507999448,-9.529572932308183,-7,-7.0,-3.0,0.0,-0.0,0.0,9706250.0
2017-08-10,65.455,1.0,1000.0,0.92,0.65455,654.55,602.186,602.186,201.47948474391632,121328.125,201.47948474391632,-5.2102132150815255,-4,-4.0,3.0,0.0,105.00000000000398,105.00000000000398,9688085.0
2017-08-11,65.005,1.0,1000.0,0.91,0.65005,650.0500000000001,591.5455000000001,591.5455000000001,204.71977641618437,121101.0625,204.71977641618437,-31.239943195064377,-22,-22.0,-18.0,0.0,1800.0000000000114,1800.0000000000114,9656775.000000002
2017-09-01,64.78,1.0,1000.0,0.9,0.6478,647.8000000000001,583.0200000000001,583.0200000000001,207.04210404445817,120709.68750000003,207.04210404445817,68.92777052433476,49,49.0,71.0,0.0,4949.9999999998745,4949.9999999998745,9641245.0
2017-09-04,64.545,1.0,1000.0,0.88,0.6454500000000001,645.45,567.9960000000001,567.9960000000001,212.1767802942274,120515.5625,212.1767802942274,46.40919457294059,33,33.0,-16.0,0.0,-11514.999999999973,-11514.999999999973,9805230.000000002
2017-09-05,63.855,1.0,1000.0,0.9,0.63855,638.55,574.6949999999999,574.6949999999999,213.27029989820696,122565.37500000003,213.27029989820696,-19.724648427745223,-14,-14.0,-47.0,0.0,-22770.00000000016,-22770.00000000016,9719580.000000004
2017-09-06,63.815,1.0,1000.0,0.88,0.63815,638.15,561.572,561.572,216.34759211641617,121494.75000000006,216.34759211641617,-49.88152175026668,-36,-36.0,-22.0,0.0,559.9999999999881,559.9999999999881,9730220.000000002
2017-09-07,63.805,1.0,1000.0,0.85,0.63805,638.05,542.3425,542.3425,224.26372633529556,121627.75000000003,224.26372633529556,-57.102882336037474,-41,-41.0,-5.0,0.0,359.9999999999284,359.9999999999284,9638470.0
2017-09-08,63.74,1.0,1000.0,0.83,0.6374000000000001,637.4000000000001,529.042,529.042,227.73404569013422,120480.875,227.73404569013422,-67.31086902556369,-48,-48.0,-7.0,0.0,2664.999999999907,2664.999999999907,9672375.0
2017-09-11,64.29,1.0,1000.0,0.82,0.6429,642.9,527.178,527.178,229.34319622594265,120904.6875,229.34319622594265,-1.8286053417234496,-1,-1.0,47.0,0.0,-26400.000000000204,-26400.000000000204,9655475.0
2017-09-12,64.255,1.0,1000.0,0.8,0.64255,642.55,514.04,514.04,234.79386331802974,120693.4375,234.79386331802974,28.60662267522672,20,20.0,21.0,0.0,35.0000000000108,35.0000000000108,9705010.0
2017-10-02,63.825,1.0,1000.0,0.8,0.6382500000000001,638.2500000000001,510.60000000000014,510.60000000000014,237.58837641989808,121312.625,237.58837641989808,30.119292693329335,21,21.0,1.0,0.0,-8599.999999999853,-8599.999999999853,9743210.0
2017-10-03,63.215,1.0,1000.0,0.82,0.6321500000000001,632.1500000000001,518.363,518.363,234.9514240020989,121790.125,234.9514240020989,-44.02704595800958,-31,-31.0,-52.0,0.0,-12809.999999999987,-12809.999999999987,9740200.0
2017-10-04,63.385,1.0,1000.0,0.8,0.63385,633.85,507.08000000000004,507.08000000000004,240.10511161946832,121752.5,240.10511161946832,-50.52275389878547,-36,-36.0,-5.0,0.0,-5269.999999999833,-5269.999999999833,9714530.000000002
2017-10-05,63.88,1.0,1000.0,0.79,0.6388,638.8000000000001,504.6520000000001,504.6520000000001,240.62447983957261,121431.62500000003,240.62447983957261,6.920260892536584,5,5.0,41.0,0.0,-17820.000000000164,-17820.000000000164,9706510.000000002
2017-10-06,64.12,1.0,1000.0,0.77,0.6412000000000001,641.2000000000002,493.72400000000016,493.72400000000016,245.74737100080205,121331.37500000003,245.74737100080205,64.38161783060715,46,46.0,41.0,0.0,1200.00000000001,1200.00000000001,9713830.000000002
2017-10-09,64.28,1.0,1000.0,0.75,0.6428,642.8000000000001,482.1,482.1,251.86242480813115,121422.87500000003,251.86242480813115,107.91075810022642,77,77.0,31.0,0.0,7359.999999999844,7359.999999999844,9690950.000000002
2017-10-10,64.4,1.0,1000.0,0.73,0.644,644.0,470.12,470.12,257.6722432570408,121136.87500000003,257.6722432570408,150.75559053932227,108,108.0,31.0,0.0,9240.00000000035,9240.00000000035,9696030.000000004
2017-10-11,64.22,1.0,1000.0,0.71,0.6422,642.2,455.962,455.962,265.8124470898892,121200.37500000006,265.8124470898892,155.34334802421006,111,111.0,3.0,0.0,-19440.000000000735,-19440.000000000735,9698590.000000004
2017-10-12,63.265,1.0,1000.0,0.79,0.63265,632.6500000000001,499.7935000000001,499.7935000000001,242.5649293158075,121232.37500000006,242.5649293158075,27.18139263239716,19,19.0,-92.0,0.0,-106004.99999999981,-106004.99999999981,9571495.000000004
2017-11-01,63.875,1.0,1000.0,0.79,0.63875,638.75,504.6125,504.6125,237.10012633456375,119643.68750000006,237.10012633456375,93.28647090661582,67,67.0,48.0,0.0,11589.999999999989,11589.999999999989,9454465.000000004
2017-11-02,64.395,1.0,1000.0,0.78,0.64395,643.95,502.28100000000006,502.28100000000006,235.28824004889702,118180.81250000006,235.28824004889702,159.68180755477334,114,114.0,47.0,0.0,34839.99999999973,34839.99999999973,9487625.000000004
2017-11-03,65.26,1.0,1000.0,0.81,0.6526000000000001,652.6,528.6060000000001,528.6060000000001,224.35483611612437,118595.31250000006,224.35483611612437,228.8354002744533,163,163.0,49.0,0.0,98610.00000000103,98610.00000000103,9584785.000000004
2017-11-06,65.0,1.0,1000.0,0.8,0.65,650.0,520.0,520.0,230.4034855769232,119809.81250000006,230.4034855769232,247.78632835635995,177,177.0,14.0,0.0,-42380.00000000084,-42380.00000000084,9530405.000000004
2017-11-07,64.4,1.0,1000.0,0.81,0.644,644.0,521.64,521.64,228.3760112338012,119130.06250000006,228.3760112338012,173.82088961892254,124,124.0,-53.0,0.0,-106199.999999999,-106199.999999999,9422385.000000004
2017-11-08,64.07,1.0,1000.0,0.81,0.6406999999999999,640.6999999999999,518.967,518.967,226.95048529097238,117779.81250000006,226.95048529097238,124.86388685074773,89,89.0,-35.0,0.0,-40920.00000000155,-40920.00000000155,9381465.000000002
2017-11-09,63.755,1.0,1000.0,0.8,0.6375500000000001,637.5500000000001,510.0400000000001,510.0400000000001,229.9198347188456,117268.31250000003,229.9198347188456,76.63815990744477,55,55.0,-34.0,0.0,-28034.999999999167,-28034.999999999167,9346870.000000002
2017-11-10,63.625,1.0,1000.0,0.78,0.63625,636.25,496.27500000000003,496.27500000000003,235.42567125081865,116835.87500000003,235.42567125081865,43.540039275153916,31,31.0,-24.0,0.0,-7150.000000000141,-7150.000000000141,9352980.000000002
2017-12-01,66.745,1.0,1000.0,1.3,0.6674500000000001,667.45,867.6850000000001,867.6850000000001,134.7404299947562,116912.25000000003,134.7404299947562,207.56008568035654,148,148.0,117.0,0.0,96720.00000000015,96720.00000000015,9343440.000000002
2017-12-04,66.205,1.0,1000.0,1.29,0.66205,662.0500000000001,854.0445000000001,854.0445000000001,136.75282728241913,116793.00000000003,136.75282728241913,182.7377293452877,130,130.0,-18.0,0.0,-79920.00000000093,-79920.00000000093,9256050.0
2017-12-05,65.54,1.0,1000.0,1.29,0.6554000000000001,655.4000000000001,845.4660000000001,845.4660000000001,136.8483475385172,115700.625,136.8483475385172,133.51789149487158,95,95.0,-35.0,0.0,-86449.99999999897,-86449.99999999897,9165990.000000002
2017-12-06,65.565,1.0,1000.0,1.26,0.65565,655.65,826.119,826.119,138.6905215834523,114574.87500000003,138.6905215834523,128.38721989783258,92,92.0,-3.0,0.0,2374.99999999919,2374.99999999919,9160805.0
2017-12-07,66.055,1.0,1000.0,1.22,0.6605500000000001,660.5500000000001,805.8710000000001,805.8710000000001,142.09478005785044,114510.0625,142.09478005785044,144.76749407549954,103,103.0,11.0,0.0,45080.00000000084,45080.00000000084,9205885.0
2017-12-08,65.82,1.0,1000.0,1.2,0.6581999999999999,658.1999999999999,789.8399999999999,789.8399999999999,145.6922446318242,115073.5625,145.6922446318242,143.98117994636735,103,103.0,0.0,0.0,-24205.000000001404,-24205.000000001404,9053639.999999998
2017-12-11,65.675,1.0,1000.0,1.17,0.65675,656.75,768.3974999999999,768.3974999999999,147.2811923516149,113170.49999999999,147.2811923516149,140.2491509595554,100,100.0,-3.0,0.0,-14934.99999999959,-14934.99999999959,8618205.000000002
2017-12-12,65.745,1.0,1000.0,1.14,0.6574500000000001,657.45,749.4929999999999,749.4929999999999,143.73391412594918,107727.56250000003,143.73391412594918,136.62460378488424,97,97.0,-3.0,0.0,7000.0000000007385,7000.0000000007385,8660725.0
2018-01-01,68.305,1.0,1000.0,1.37,0.68305,683.0500000000001,935.7785000000001,935.7785000000001,115.68876876312075,108259.0625,115.68876876312075,218.81134761377092,156,156.0,59.0,0.0,248320.00000000023,248320.00000000023,9052145.0
2018-01-02,67.775,1.0,1000.0,1.36,0.6777500000000001,677.7500000000001,921.7400000000002,921.7400000000002,122.75892605289992,113151.8125,122.75892605289992,183.94571140137697,131,131.0,-25.0,0.0,-82680.00000000017,-82680.00000000017,9013465.0
2018-01-03,67.46,1.0,1000.0,1.33,0.6746,674.6,897.2180000000001,897.2180000000001,125.57518072530867,112668.3125,125.57518072530867,161.50617030279489,115,115.0,-16.0,0.0,-41265.000000001564,-41265.000000001564,8935299.999999996
2018-01-04,67.185,1.0,1000.0,1.31,0.6718500000000001,671.85,880.1235,880.1235,126.90406516812692,111691.24999999996,126.90406516812692,135.84622512353408,97,97.0,-18.0,0.0,-31624.999999999018,-31624.999999999018,8902444.999999998
2018-01-05,67.285,1.0,1000.0,1.27,0.67285,672.8499999999999,854.5194999999999,854.5194999999999,130.22589010549203,111280.56249999999,130.22589010549203,134.6481111233922,96,96.0,-1.0,0.0,9699.999999999449,9699.999999999449,8912144.999999998
2018-01-08,67.375,1.0,1000.0,1.23,0.67375,673.75,828.7125,828.7125,134.42757590841214,111401.81249999999,134.42757590841214,150.0557974770599,107,107.0,11.0,0.0,8640.000000000327,8640.000000000327,8894114.999999998
2018-01-09,66.98,1.0,1000.0,1.21,0.6698000000000001,669.8000000000001,810.4580000000001,810.4580000000001,137.1772966643552,111176.43749999999,137.1772966643552,128.0267565823297,91,91.0,-16.0,0.0,-42264.99999999957,-42264.99999999957,8914349.999999998
2018-01-10,67.145,1.0,1000.0,1.18,0.67145,671.45,792.311,792.311,140.6384298589821,111429.37499999999,140.6384298589821,141.1365034995906,101,101.0,10.0,0.0,15014.999999999276,15014.999999999276,8960645.0
2018-01-11,67.005,1.0,1000.0,1.15,0.6700499999999999,670.05,770.5574999999999,770.5574999999999,145.35977198327188,112008.0625,145.35977198327188,137.31740631069607,98,98.0,-3.0,0.0,-14140.000000000058,-14140.000000000058,9056704.999999998
2018-01-12,67.005,1.0,1000.0,1.12,0.6700499999999999,670.05,750.456,750.456,150.85336448772478,113208.81249999999,150.85336448772478,144.5958385721911,103,103.0,5.0,0.0,0.0,0.0,9045365.0
2018-02-01,65.815,1.0,1000.0,1.18,0.65815,658.15,776.617,776.617,145.58921901014273,113067.0625,145.58921901014273,95.09659617850266,68,68.0,-35.0,0.0,-122569.99999999977,-122569.99999999977,9232515.0
2018-02-02,65.26,1.0,1000.0,1.18,0.6526000000000001,652.6,770.068,770.068,149.8652554060161,115406.4375,149.8652554060161,54.07984305029561,39,39.0,-29.0,0.0,-37739.9999999995,-37739.9999999995,9312304.999999998
2018-02-05,64.905,1.0,1000.0,1.16,0.64905,649.0500000000001,752.898,752.898,154.60767926067007,116403.81249999999,154.60767926067007,13.860560070469703,10,10.0,-29.0,0.0,-13845.000000000155,-13845.000000000155,9261499.999999998
2018-02-06,65.26,1.0,1000.0,1.13,0.6526000000000001,652.6,737.438,737.438,156.98777388743187,115768.74999999999,156.98777388743187,27.71538261080598,20,20.0,10.0,0.0,3550.00000000004,3550.00000000004,9130299.999999996
2018-02-07,65.265,1.0,1000.0,1.1,0.6526500000000001,652.6500000000001,717.9150000000002,717.9150000000002,158.97251067326903,114128.74999999996,158.97251067326903,39.95401798657378,29,29.0,9.0,0.0,99.99999999990905,99.99999999990905,9239390.0
2018-02-08,64.955,1.0,1000.0,1.08,0.64955,649.55,701.514,701.514,164.63302941922754,115492.375,164.63302941922754,27.59591454708638,20,20.0,-9.0,0.0,-8990.000000000065,-8990.000000000065,9315659.999999996
2018-02-09,65.275,1.0,1000.0,1.05,0.65275,652.75,685.3875,685.3875,169.8976856158012,116445.74999999996,169.8976856158012,54.95683712114071,39,39.0,19.0,0.0,6400.000000000147,6400.000000000147,9268060.0
2018-02-12,65.345,1.0,1000.0,1.02,0.65345,653.4499999999999,666.5189999999999,666.5189999999999,173.8146249394241,115850.75,173.8146249394241,77.82484334962871,56,56.0,17.0,0.0,2729.999999999734,2729.999999999734,9283949.999999998
2018-03-01,64.97,1.0,1000.0,1.01,0.6497,649.7,656.197,656.197,176.85142571514345,116049.37499999999,176.85142571514345,82.6179579705436,59,59.0,3.0,0.0,-21000.0,-21000.0,8934250.0
2018-03-02,65.34,1.0,1000.0,0.98,0.6534000000000001,653.4000000000001,640.3320000000001,640.3320000000001,174.4065968903631,111678.125,174.4065968903631,112.63078032956703,80,80.0,21.0,0.0,21830.00000000027,21830.00000000027,8946279.999999998
2018-03-05,65.125,1.0,1000.0,0.96,0.65125,651.25,625.1999999999999,625.1999999999999,178.86836212412027,111828.49999999999,178.86836212412027,114.77458036337103,82,82.0,2.0,0.0,-17200.000000000273,-17200.000000000273,9277380.0
2018-03-06,65.06,1.0,1000.0,0.94,0.6506000000000001,650.6,611.564,611.564,189.62406224041965,115967.25,189.62406224041965,117.14997871881717,84,84.0,2.0,0.0,-5329.999999999814,-5329.999999999814,9364430.0
2018-03-07,65.69,1.0,1000.0,0.93,0.6569,656.9000000000001,610.9170000000001,610.9170000000001,191.6060201303941,117055.375,191.6060201303941,170.66979153512247,122,122.0,38.0,0.0,52919.99999999962,52919.99999999962,9379429.999999998
2018-03-08,66.235,1.0,1000.0,0.92,0.66235,662.35,609.3620000000001,609.3620000000001,192.4026686928295,117242.87499999999,192.4026686928295,230.8945218099962,165,165.0,43.0,0.0,66490.0000000002,66490.0000000002,9380319.999999998
2018-03-09,66.27,1.0,1000.0,0.89,0.6627,662.6999999999999,589.803,589.803,198.80197286212513,117253.99999999999,198.80197286212513,273.1397566961333,195,195.0,30.0,0.0,5774.999999999437,5774.999999999437,9424965.0
2018-03-12,66.12,1.0,1000.0,0.87,0.6612,661.2,575.244,575.244,204.8036355007614,117812.0625,204.8036355007614,284.2189475782403,203,203.0,8.0,0.0,-29249.999999998337,-29249.999999998337,9365265.0
2018-04-02,64.975,1.0,1000.0,0.95,0.6497499999999999,649.7499999999999,617.2624999999998,617.2624999999998,189.65320669893285,117065.8125,189.65320669893285,69.75269537736354,50,50.0,-153.0,0.0,-232435.00000000207,-232435.00000000207,8910349.999999998
2018-04-03,65.245,1.0,1000.0,0.93,0.6524500000000001,652.45,606.7785000000001,606.7785000000001,183.55853907150626,111379.37499999999,183.55853907150626,85.62862202996993,61,61.0,11.0,0.0,13500.000000000511,13500.000000000511,8925929.999999998
2018-04-04,65.815,1.0,1000.0,0.92,0.65815,658.15,605.498,605.498,184.2683625709746,111574.12499999999,184.2683625709746,143.82305447372156,103,103.0,42.0,0.0,34769.999999999585,34769.999999999585,8957469.999999998
2018-04-05,66.135,1.0,1000.0,0.9,0.6613500000000001,661.3500000000001,595.2150000000001,595.2150000000001,188.11416882975053,111968.37499999999,188.11416882975053,201.82412043197274,144,144.0,41.0,0.0,32960.000000000764,32960.000000000764,8997269.999999998
2018-04-06,65.945,1.0,1000.0,0.88,0.65945,659.4499999999999,580.3159999999999,580.3159999999999,193.80109285285948,112465.87499999999,193.80109285285948,216.14690641906947,154,154.0,10.0,0.0,-27360.000000001717,-27360.000000001717,8956649.999999996
2018-04-09,66.18,1.0,1000.0,0.85,0.6618,661.8000000000001,562.5300000000001,562.5300000000001,199.02605194389622,111958.12499999996,199.02605194389622,247.86500928194914,177,177.0,23.0,0.0,36190.0000000021,36190.0000000021,8998039.999999998
2018-04-10,66.34,1.0,1000.0,0.83,0.6634000000000001,663.4000000000001,550.6220000000001,550.6220000000001,204.26989840580285,112475.49999999999,204.26989840580285,283.3750777047212,202,202.0,25.0,0.0,28319.999999999396,28319.999999999396,9033609.999999998
2018-04-11,65.145,1.0,1000.0,0.93,0.65145,651.4499999999999,605.8485,605.8485,186.38343579294164,112920.12499999999,186.38343579294164,115.05157535786884,82,82.0,-120.0,0.0,-241390.00000000148,-241390.00000000148,8775569.999999996
2018-04-12,65.52,1.0,1000.0,0.91,0.6552,655.2,596.2320000000001,596.2320000000001,183.97976794267993,109694.62499999996,183.97976794267993,107.78785313947085,77,77.0,-5.0,0.0,30750.0,30750.0,8812199.999999996
2018-05-01,64.92,1.0,1000.0,0.91,0.6492,649.2,590.772,590.772,186.4551806788405,110152.49999999996,186.4551806788405,104.51226816075157,75,75.0,-2.0,0.0,-46199.99999999956,-46199.99999999956,8783599.999999996
2018-05-02,65.42,1.0,1000.0,0.9,0.6542,654.2,588.7800000000001,588.7800000000001,186.47882061211308,109794.99999999996,186.47882061211308,121.0356261527293,86,86.0,11.0,0.0,37500.0,37500.0,8830249.999999996
2018-05-03,65.82,1.0,1000.0,0.88,0.6581999999999999,658.1999999999999,579.2159999999999,579.2159999999999,190.56470297781826,110378.12499999996,190.56470297781826,160.6630731676598,115,115.0,29.0,0.0,34399.999999999265,34399.999999999265,8820429.999999996
2018-05-04,66.225,1.0,1000.0,0.86,0.66225,662.25,569.535,569.535,193.58840984311757,110255.37499999996,193.58840984311757,206.64418668002295,147,147.0,32.0,0.0,46575.00000000013,46575.00000000013,8873484.999999996
2018-05-07,66.355,1.0,1000.0,0.84,0.6635500000000001,663.5500000000001,557.3820000000001,557.3820000000001,198.99918278667045,110918.56249999996,198.99918278667045,236.4857627155041,169,169.0,22.0,0.0,19110.00000000142,19110.00000000142,8883854.999999998
2018-05-08,66.015,1.0,1000.0,0.83,0.66015,660.15,547.9245,547.9245,202.67060060282026,111048.18749999999,202.67060060282026,226.80462532004563,162,162.0,-7.0,0.0,-57460.000000000575,-57460.000000000575,8839274.999999998
2018-05-09,65.845,1.0,1000.0,0.81,0.65845,658.4499999999999,533.3444999999999,533.3444999999999,207.16617027080994,110490.93749999999,207.16617027080994,213.70763539649155,152,152.0,-10.0,0.0,-27540.000000000276,-27540.000000000276,8811734.999999998
2018-05-10,66.265,1.0,1000.0,0.8,0.6626500000000001,662.6500000000001,530.1200000000001,530.1200000000001,207.77689485399526,110146.68749999999,207.77689485399526,233.37017574313205,166,166.0,14.0,0.0,63840.00000000026,63840.00000000026,8863474.999999998
2018-05-11,66.13,1.0,1000.0,0.78,0.6613,661.3,515.814,515.814,214.79338967147072,110793.43749999999,214.79338967147072,245.0926388121539,175,175.0,9.0,0.0,-22410.000000000848,-22410.000000000848,8851844.999999998
2018-06-01,66.465,1.0,1000.0,0.76,0.6646500000000001,664.6500000000001,505.13400000000007,505.13400000000007,219.04695090807581,110648.06249999999,219.04695090807581,277.5783834525941,198,198.0,23.0,0.0,58625.00000000139,58625.00000000139,8756479.999999998
2018-06-04,66.78,1.0,1000.0,0.75,0.6678000000000001,667.8000000000001,500.85,500.85,218.54048118199057,109455.99999999999,218.54048118199057,315.3286340952932,225,225.0,27.0,0.0,62369.99999999955,62369.99999999955,8781799.999999998
2018-06-05,66.54,1.0,1000.0,0.73,0.6654000000000001,665.4000000000001,485.7420000000001,485.7420000000001,225.98931119812568,109772.49999999999,225.98931119812568,312.188377421321,223,223.0,-2.0,0.0,-53999.99999999885,-53999.99999999885,8748279.999999998
2018-06-06,66.545,1.0,1000.0,0.71,0.66545,665.4499999999999,472.4694999999999,472.4694999999999,231.4509190540342,109353.49999999999,231.4509190540342,320.4468809693951,229,229.0,6.0,0.0,1114.999999998986,1114.999999998986,8695214.999999998
2018-06-07,66.74,1.0,1000.0,0.69,0.6674,667.4,460.506,460.506,236.02339057471562,108690.18749999999,236.02339057471562,359.77647705453694,257,257.0,28.0,0.0,44654.999999998436,44654.999999998436,8736749.999999996
2018-06-08,65.885,1.0,1000.0,0.75,0.65885,658.85,494.13750000000005,494.13750000000005,221.01009334446374,109209.37499999996,221.01009334446374,194.64382724967555,139,139.0,-118.0,0.0,-219734.99999999738,-219734.99999999738,8515494.999999998
2018-06-11,66.08,1.0,1000.0,0.73,0.6607999999999999,660.8,482.38399999999996,482.38399999999996,220.66172903744734,106443.68749999999,220.66172903744734,194.59732572337177,139,139.0,0.0,0.0,27104.99999999905,27104.99999999905,8622459.999999996
2018-06-12,66.125,1.0,1000.0,0.71,0.66125,661.25,469.48749999999995,469.48749999999995,229.57107484224812,107780.74999999996,229.57107484224812,204.18610238960486,146,146.0,7.0,0.0,6255.000000000237,6255.000000000237,8614414.999999998
2018-07-02,66.635,1.0,1000.0,0.71,0.6663500000000001,666.3500000000001,473.10850000000005,473.10850000000005,227.60146456890962,107680.18749999999,227.60146456890962,214.14525533526975,153,153.0,7.0,0.0,74460.00000000074,74460.00000000074,8313574.999999999
2018-07-03,66.815,1.0,1000.0,0.69,0.66815,668.15,461.02349999999996,461.02349999999996,225.41082504471032,103919.6875,225.41082504471032,229.17418305524353,163,163.0,10.0,0.0,27539.99999999887,27539.99999999887,8337334.999999998
2018-07-04,66.815,1.0,1000.0,0.67,0.66815,668.15,447.6605,447.6605,232.80295558799577,104216.68749999999,232.80295558799577,246.03135052244875,176,176.0,13.0,0.0,0.0,0.0,8344134.999999997
2018-07-05,67.165,1.0,1000.0,0.66,0.6716500000000001,671.6500000000001,443.2890000000001,443.2890000000001,235.29049333504767,104301.68749999997,235.29049333504767,288.67782362261045,206,206.0,30.0,0.0,61600.0000000015,61600.0000000015,8398835.0
2018-07-06,67.645,1.0,1000.0,0.66,0.67645,676.45,446.45700000000005,446.45700000000005,235.15240549481805,104985.4375,235.15240549481805,353.35851648776855,252,252.0,46.0,0.0,98879.99999999789,98879.99999999789,8492314.999999998
2018-07-09,67.5,1.0,1000.0,0.64,0.675,675.0,432.0,432.0,245.7267071759259,106153.93749999999,245.7267071759259,371.1854462672604,265,265.0,13.0,0.0,-36539.999999998996,-36539.999999998996,8465014.999999998
2018-07-10,67.525,1.0,1000.0,0.62,0.67525,675.25,418.655,418.655,252.74435394298405,105812.68749999999,252.74435394298405,397.4902696763246,284,284.0,19.0,0.0,6625.000000001506,6625.000000001506,8483370.0
2018-07-11,67.57,1.0,1000.0,0.61,0.6757,675.6999999999999,412.17699999999996,412.17699999999996,257.2732709491311,106042.125,257.2732709491311,414.34915858331016,296,296.0,12.0,0.0,12779.99999999645,12779.99999999645,8486699.999999996
2018-07-12,67.735,1.0,1000.0,0.59,0.67735,677.35,399.6365,399.6365,265.4506032356903,106083.74999999996,265.4506032356903,444.26182962052036,317,317.0,21.0,0.0,48840.00000000185,48840.00000000185,8520419.999999998
2018-08-01,65.53,1.0,1000.0,0.98,0.6553,655.3,642.194,642.194,165.84591260584807,106505.24999999999,165.84591260584807,-12.614572235689327,-9,-9.0,-326.0,0.0,-698984.9999999994,-698984.9999999994,7929315.0
2018-08-02,64.99,1.0,1000.0,0.98,0.6498999999999999,649.9,636.9019999999999,636.9019999999999,155.6227449434921,99116.4375,155.6227449434921,-60.64375318481031,-43,-43.0,-34.0,0.0,4860.000000000056,4860.000000000056,7886225.000000001
2018-08-03,65.225,1.0,1000.0,0.96,0.65225,652.25,626.16,626.16,157.43230564073085,98577.81250000001,157.43230564073085,-73.44743469930361,-52,-52.0,-9.0,0.0,-10104.999999999976,-10104.999999999976,7777369.999999998
2018-08-06,64.93,1.0,1000.0,0.94,0.6493000000000001,649.3000000000001,610.342,610.342,159.28303311913646,97217.12499999999,159.28303311913646,-85.52072687327406,-61,-61.0,-9.0,0.0,15339.999999999349,15339.999999999349,7762409.999999999
2018-08-07,65.4,1.0,1000.0,0.92,0.654,654.0,601.6800000000001,601.6800000000001,161.2653320702034,97030.125,161.2653320702034,-45.19933460684792,-32,-32.0,29.0,0.0,-28669.99999999993,-28669.99999999993,7762639.999999999
2018-08-08,65.24,1.0,1000.0,0.9,0.6524,652.4,587.16,587.16,165.25819197493018,97033.0,165.25819197493018,-41.88132113653276,-30,-30.0,2.0,0.0,5120.000000000346,5120.000000000346,7758759.999999997
2018-08-09,65.99,1.0,1000.0,0.91,0.6598999999999999,659.9,600.509,600.509,161.5038242557563,96984.49999999997,161.5038242557563,38.952463141358145,28,28.0,58.0,0.0,-22500.0,-22500.0,7701159.999999998
2018-08-10,65.81,1.0,1000.0,0.89,0.6581,658.1,585.7090000000001,585.7090000000001,164.35550759848317,96264.49999999999,164.35550759848317,50.757858165593326,36,36.0,8.0,0.0,-5039.999999999793,-5039.999999999793,7629759.999999998
2018-09-03,67.695,1.0,1000.0,1.06,0.6769499999999999,676.9499999999999,717.567,717.567,132.91023695348306,95371.99999999999,132.91023695348306,179.12075498853352,128,128.0,92.0,0.0,67859.99999999968,67859.99999999968,7847529.999999997
2018-09-04,67.165,1.0,1000.0,1.05,0.6716500000000001,671.6500000000001,705.2325000000001,705.2325000000001,139.09473117021685,98094.12499999997,139.09473117021685,131.0907146996031,94,94.0,-34.0,0.0,-67839.99999999833,-67839.99999999833,7818570.0
2018-09-05,67.18,1.0,1000.0,1.03,0.6718000000000001,671.8000000000001,691.9540000000001,691.9540000000001,141.24078334686988,97732.125,141.24078334686988,115.65760380597074,83,83.0,-11.0,0.0,1410.0000000000534,1410.0000000000534,7876740.000000001
2018-09-06,67.37,1.0,1000.0,1.0,0.6737000000000001,673.7,673.7,673.7,146.1470238978774,98459.25000000001,146.1470238978774,132.28738948851338,94,94.0,11.0,0.0,15769.99999999981,15769.99999999981,7818559.999999998
2018-09-07,66.725,1.0,1000.0,1.0,0.66725,667.25,667.25,667.25,146.46983889097038,97731.99999999999,146.46983889097038,82.33550657926584,59,59.0,-35.0,0.0,-60630.00000000096,-60630.00000000096,7827050.0
2018-09-10,66.6,1.0,1000.0,0.98,0.6659999999999999,665.9999999999999,652.6799999999998,652.6799999999998,149.9021342771343,97838.125,149.9021342771343,62.916359686603485,45,45.0,-14.0,0.0,-7375.0,-7375.0,7819935.0
2018-09-11,66.6,1.0,1000.0,0.95,0.6659999999999999,665.9999999999999,632.6999999999998,632.6999999999998,154.4953176861072,97749.1875,154.4953176861072,55.52304977712894,40,40.0,-5.0,0.0,0.0,0.0,7821885.0
2018-09-12,66.79,1.0,1000.0,0.93,0.6679,667.9000000000001,621.1470000000002,621.1470000000002,157.40808938946816,97773.5625,157.40808938946816,76.7800633690674,55,55.0,15.0,0.0,7600.0000000004775,7600.0000000004775,7825855.000000001
2018-10-01,69.245,1.0,1000.0,1.2,0.69245,692.45,830.94,830.94,117.72593388210943,97823.18750000001,117.72593388210943,140.38178535690477,100,100.0,45.0,0.0,135024.9999999999,135024.9999999999,7965180.000000001
2018-10-02,68.985,1.0,1000.0,1.17,0.68985,689.8499999999999,807.1244999999999,807.1244999999999,123.35736308339051,99564.75000000001,123.35736308339051,133.57018928117375,95,95.0,-5.0,0.0,-26000.000000000513,-26000.000000000513,7944430.0
2018-10-03,68.87,1.0,1000.0,1.14,0.6887000000000001,688.7,785.1179999999999,785.1179999999999,126.4846494412305,99305.375,126.4846494412305,122.17286070035439,87,87.0,-8.0,0.0,-10924.999999999514,-10924.999999999514,7914625.0
2018-10-04,68.46,1.0,1000.0,1.13,0.6846,684.6,773.598,773.598,127.88659290742739,98932.8125,127.88659290742739,93.89965214105904,67,67.0,-20.0,0.0,-35670.00000000094,-35670.00000000094,7857594.999999999
2018-10-05,68.05,1.0,1000.0,1.11,0.6805,680.5,755.355,755.355,130.0314918151068,98219.9375,130.0314918151068,68.1330150698009,49,49.0,-18.0,0.0,-27469.99999999977,-27469.99999999977,7830984.999999999
2018-10-08,67.505,1.0,1000.0,1.11,0.6750499999999999,675.05,749.3055,749.3055,130.63738688692396,97887.3125,130.63738688692396,22.331927375298868,16,16.0,-33.0,0.0,-26705.000000000084,-26705.000000000084,7797139.999999999
2018-10-09,67.475,1.0,1000.0,1.08,0.67475,674.75,728.73,728.73,133.745351501928,97464.25,133.745351501928,5.130208852637749,4,4.0,-12.0,0.0,-480.0000000000182,-480.0000000000182,7794139.999999999
2018-10-10,67.175,1.0,1000.0,1.06,0.67175,671.75,712.0550000000001,712.0550000000001,136.82475370582327,97426.75,136.82475370582327,-12.022110986497006,-9,-9.0,-13.0,0.0,-1199.9999999999886,-1199.9999999999886,7795459.999999999
2018-10-11,67.34,1.0,1000.0,1.03,0.6734,673.4,693.602,693.602,140.48870966346695,97443.25,140.48870966346695,-7.61680134459535,-5,-5.0,4.0,0.0,-1485.0000000000564,-1485.0000000000564,7787394.999999999
2018-10-12,67.615,1.0,1000.0,1.0,0.6761499999999999,676.1499999999999,676.1499999999999,676.1499999999999,143.9657435480293,97342.4375,143.9657435480293,16.01642438516874,11,11.0,16.0,0.0,-1374.9999999999573,-1374.9999999999573,7786379.999999999
2018-11-01,65.775,1.0,1000.0,1.19,0.6577500000000001,657.75,782.7225,782.7225,124.34770943725268,97329.75,124.34770943725268,-93.31756706682356,-67,-67.0,-78.0,0.0,-20239.99999999988,-20239.99999999988,7787889.999999999
2018-11-02,65.625,1.0,1000.0,1.16,0.65625,656.25,761.25,761.25,127.8799671592775,97348.625,127.8799671592775,-106.03161823796688,-76,-76.0,-9.0,0.0,10050.00000000038,10050.00000000038,7766440.0
2018-11-05,65.89,1.0,1000.0,1.13,0.6589,658.9000000000001,744.557,744.557,130.38692806595063,97080.5,130.38692806595063,-87.58906304817862,-62,-62.0,14.0,0.0,-20140.000000000044,-20140.000000000044,7754110.000000001
2018-11-06,66.375,1.0,1000.0,1.1,0.6637500000000001,663.7500000000001,730.1250000000002,730.1250000000002,132.75312446498884,96926.37500000001,132.75312446498884,-45.65176288657442,-33,-33.0,29.0,0.0,-30069.999999999964,-30069.999999999964,7721159.999999999
2018-11-07,65.84,1.0,1000.0,1.1,0.6584000000000001,658.4000000000001,724.2400000000001,724.2400000000001,133.26314481387382,96514.5,133.26314481387382,-55.38444832769166,-40,-40.0,-7.0,0.0,17654.999999999887,17654.999999999887,7724015.0
2018-11-08,66.7,1.0,1000.0,1.1,0.667,667.0,733.7,733.7,131.5935498160011,96550.1875,131.5935498160011,-2.4362039279086334,-2,-2.0,38.0,0.0,-34399.99999999998,-34399.99999999998,7680645.0
2018-11-09,65.815,1.0,1000.0,1.13,0.65815,658.15,743.7094999999999,743.7094999999999,129.09350021749086,96008.0625,129.09350021749086,-30.020430067088522,-21,-21.0,-19.0,0.0,1770.0000000000102,1770.0000000000102,7724655.0
2018-11-12,65.7,1.0,1000.0,1.1,0.657,657.0,722.7,722.7,133.60756537982564,96558.1875,133.60756537982564,-48.181646733161266,-34,-34.0,-13.0,0.0,2414.9999999998927,2414.9999999998927,7749949.999999999
2018-12-03,64.725,1.0,1000.0,1.14,0.64725,647.25,737.8649999999999,737.8649999999999,131.2901072689449,96874.375,131.2901072689449,-75.13479224308428,-54,-54.0,-20.0,0.0,33150.00000000029,33150.00000000029,8015090.0
2018-12-04,64.805,1.0,1000.0,1.11,0.6480500000000001,648.0500000000002,719.3355000000003,719.3355000000003,139.2794113456099,100188.625,139.2794113456099,-85.50716290970605,-61,-61.0,-7.0,0.0,-4320.000000000675,-4320.000000000675,8109370.000000002
2018-12-05,64.36,1.0,1000.0,1.1,0.6436000000000001,643.6,707.96,707.96,143.1819947454659,101367.12500000003,143.1819947454659,-110.54705045544048,-79,-79.0,-18.0,0.0,27145.00000000045,27145.00000000045,8116825.0
2018-12-06,64.54,1.0,1000.0,1.06,0.6454000000000001,645.4000000000001,684.1240000000001,684.1240000000001,148.30690415772577,101460.3125,148.30690415772577,-107.3245513039823,-77,-77.0,2.0,0.0,-14220.000000000538,-14220.000000000538,8232105.000000003
2018-12-07,63.85,1.0,1000.0,1.08,0.6385000000000001,638.5000000000001,689.5800000000002,689.5800000000002,149.22316845036113,102901.31250000004,149.22316845036113,-148.9957560776353,-106,-106.0,-29.0,0.0,53130.00000000037,53130.00000000037,8215314.999999999
2018-12-10,64.44,1.0,1000.0,1.06,0.6444,644.4,683.064,683.064,150.3394081667311,102691.4375,150.3394081667311,-120.1457240382809,-86,-86.0,20.0,0.0,-62539.99999999961,-62539.99999999961,8148634.999999999
2018-12-11,63.815,1.0,1000.0,1.06,0.63815,638.15,676.439,676.439,150.57963467511485,101857.9375,150.57963467511485,-138.54961822331563,-99,-99.0,-13.0,0.0,53750.0,53750.0,8201104.999999999
2018-12-12,63.715,1.0,1000.0,1.04,0.63715,637.15,662.636,662.636,154.70607165925185,102513.8125,154.70607165925185,-165.3332233844149,-118,-118.0,-19.0,0.0,9899.999999999438,9899.999999999438,8218004.999999998
2019-01-01,62.245,1.0,1000.0,1.17,0.62245,622.4499999999999,728.2664999999998,728.2664999999998,141.0542191629026,102725.06249999999,141.0542191629026,-207.13197360529838,-148,-148.0,-30.0,0.0,173460.00000000073,173460.00000000073,8370744.999999999
2019-01-02,61.9,1.0,1000.0,1.15,0.619,619.0,711.8499999999999,711.8499999999999,146.98927091381614,104634.3125,146.98927091381614,-231.31321852910065,-165,-165.0,-17.0,0.0,51059.99999999983,51059.99999999983,8381104.999999999
2019-01-03,61.935,1.0,1000.0,1.12,0.6193500000000001,619.35,693.6720000000001,693.6720000000001,151.02788133296426,104763.8125,151.02788133296426,-243.66910761232526,-174,-174.0,-9.0,0.0,-5775.000000000609,-5775.000000000609,8371369.999999998
2019-01-04,62.17,1.0,1000.0,1.09,0.6217,621.7,677.6530000000001,677.6530000000001,154.4184486750593,104642.12499999999,154.4184486750593,-226.1165480817724,-161,-161.0,13.0,0.0,-40889.9999999999,-40889.9999999999,8332179.999999998
2019-01-07,62.42,1.0,1000.0,1.06,0.6242,624.1999999999999,661.6519999999999,661.6519999999999,157.41243130830102,104152.24999999999,157.41243130830102,-198.35071611715279,-141,-141.0,20.0,0.0,-40250.0,-40250.0,8292349.999999998
2019-01-08,62.4,1.0,1000.0,1.03,0.624,624.0,642.72,642.72,161.27454412496886,103654.37499999999,161.27454412496886,-192.9389035750277,-138,-138.0,3.0,0.0,2820.0000000004407,2820.0000000004407,8306829.999999998
2019-01-09,62.115,1.0,1000.0,1.01,0.62115,621.15,627.3615,627.3615,165.51123235965227,103835.37499999999,165.51123235965227,-210.4006449082552,-150,-150.0,-12.0,0.0,39329.99999999953,39329.99999999953,8331199.999999998
2019-01-10,61.985,1.0,1000.0,0.99,0.61985,619.85,613.6515,613.6515,169.7054435620217,104139.99999999999,169.7054435620217,-233.25897156069004,-166,-166.0,-16.0,0.0,19500.000000000382,19500.000000000382,8334199.999999998
2019-01-11,61.49,1.0,1000.0,0.99,0.6149,614.9,608.751,608.751,171.13318910359078,104177.49999999999,171.13318910359078,-267.2690891760828,-191,-191.0,-25.0,0.0,82169.99999999958,82169.99999999958,8404969.999999998
2019-02-01,62.165,1.0,1000.0,0.98,0.62165,621.6500000000001,609.2170000000001,609.2170000000001,172.45435534464727,105062.12499999999,172.45435534464727,-145.48835127089615,-104,-104.0,87.0,0.0,-128924.99999999945,-128924.99999999945,8225904.999999998
2019-02-04,61.84,1.0,1000.0,0.97,0.6184000000000001,618.4000000000001,599.8480000000001,599.8480000000001,171.416446333071,102823.81249999999,171.416446333071,-175.4070006951503,-125,-125.0,-21.0,0.0,33799.999999999556,33799.999999999556,8260804.999999998
2019-02-05,62.605,1.0,1000.0,0.97,0.62605,626.05,607.2684999999999,607.2684999999999,170.04020873797998,103260.06249999999,170.04020873797998,-94.19211534300977,-67,-67.0,58.0,0.0,-95624.99999999917,-95624.99999999917,8161399.999999999
2019-02-06,62.865,1.0,1000.0,0.95,0.62865,628.6500000000001,597.2175000000001,597.2175000000001,170.8213506804472,102017.5,170.8213506804472,-55.69281701831155,-40,-40.0,27.0,0.0,-17420.000000000342,-17420.000000000342,8143699.999999999
2019-02-07,62.825,1.0,1000.0,0.92,0.6282500000000001,628.2500000000001,577.9900000000001,577.9900000000001,176.12112666309102,101796.25,176.12112666309102,-45.59874256302948,-33,-33.0,7.0,0.0,1599.999999999966,1599.999999999966,8135099.999999999
2019-02-08,62.745,1.0,1000.0,0.9,0.62745,627.4499999999999,564.7049999999999,564.7049999999999,180.0741094907961,101688.75,180.0741094907961,-45.31563080264373,-32,-32.0,1.0,0.0,2640.0000000001783,2640.0000000001783,8139299.999999999
2019-02-11,62.81,1.0,1000.0,0.87,0.6281,628.1,546.447,546.447,186.18685801184745,101741.25,186.18685801184745,-48.209309178616245,-34,-34.0,-2.0,0.0,-2080.0000000001546,-2080.0000000001546,8125619.999999999
2019-02-12,62.95,1.0,1000.0,0.85,0.6295000000000001,629.5000000000001,535.075,535.075,189.82432369294023,101570.25,189.82432369294023,-33.58370005999408,-24,-24.0,10.0,0.0,-4760.000000000019,-4760.000000000019,8115909.999999999
2019-03-01,61.985,1.0,1000.0,0.91,0.61985,619.85,564.0635000000001,564.0635000000001,179.85364236473373,101448.875,179.85364236473373,-149.61673737763311,-107,-107.0,-83.0,0.0,23160.00000000008,23160.00000000008,8145469.999999999
2019-03-04,62.23,1.0,1000.0,0.89,0.6223,622.3,553.847,553.847,183.83845177458758,101818.375,183.83845177458758,-155.01211714117224,-111,-111.0,-4.0,0.0,-26214.999999999727,-26214.999999999727,8367775.0
2019-03-05,62.47,1.0,1000.0,0.87,0.6247,624.7,543.489,543.489,192.4550220887635,104597.1875,192.4550220887635,-134.2103330985472,-96,-96.0,15.0,0.0,-26640.000000000222,-26640.000000000222,8353054.999999997
2019-03-06,63.4,1.0,1000.0,0.9,0.634,634.0,570.6,570.6,182.98841132141598,104413.18749999997,182.98841132141598,-22.898871416294316,-16,-16.0,80.0,0.0,-89279.99999999997,-89279.99999999997,8161704.999999996
2019-03-07,63.37,1.0,1000.0,0.87,0.6337,633.7,551.3190000000001,551.3190000000001,185.0495130768211,102021.31249999996,185.0495130768211,10.388555739175837,7,7.0,23.0,0.0,480.0000000000182,480.0000000000182,7987945.0
2019-03-08,63.095,1.0,1000.0,0.86,0.63095,630.95,542.6170000000001,542.6170000000001,184.0143462147334,99849.3125,184.0143462147334,-6.781288711912696,-5,-5.0,-12.0,0.0,-1924.99999999999,-1924.99999999999,8006870.000000001
2019-03-11,62.695,1.0,1000.0,0.85,0.62695,626.95,532.9075,532.9075,187.8109709471156,100085.87500000001,187.8109709471156,-40.686871022784075,-29,-29.0,-24.0,0.0,1999.999999999993,1999.999999999993,8027490.000000003
2019-03-12,63.07,1.0,1000.0,0.84,0.6307,630.7,529.788,529.788,189.40335568189548,100343.62500000004,189.40335568189548,-21.660913715086497,-15,-15.0,14.0,0.0,-10875.0,-10875.0,8018075.000000002
