Date,PX_CLOSE_1D,FX_TO_USD,POINT_VALUE,price_volatility,one_pct_move,block_value,icv_local,ivv_usd,forecast_combined,daily_cash_vol_target,volatility_scaler,subsystem_position,target_contracts,current_position,trades,trade_pnl_usd,carry_pnl_usd,pnl_usd,portfolio_nav_usd
2017-01-02,164.47,1.0,1000.0,,1.6447,1644.7,,,,125000.0,0.0,0.0,0,0.0,0.0,0.0,0.0,0.0,10000000.0
2017-01-03,163.21,1.0,1000.0,0.77,1.6321,1632.1000000000001,1256.717,1256.717,-14.99474017167339,125000.0,99.46551212405019,-149.1459510342562,-106,-106.0,-106.0,0.0,-0.0,0.0,10000000.0
2017-01-04,163.19,1.0,1000.0,0.75,1.6319,1631.8999999999999,1223.925,1223.925,-15.821103709742443,125000.0,102.13044099924424,-161.58162989707748,-115,-115.0,-9.0,0.0,2120.0000000010846,2120.0000000010846,10060640.0
2017-01-05,163.54,1.0,1000.0,0.73,1.6354,1635.3999999999999,1193.8419999999999,1193.8419999999999,-15.7257828374148,125758.0,105.33889744204008,-165.65366255062315,-118,-118.0,-3.0,0.0,-40249.999999999345,-40249.999999999345,9958970.0
2017-01-06,162.84,1.0,1000.0,0.72,1.6284,1628.4,1172.448,1172.448,-16.442747434761635,124487.125,106.17709697999399,-174.58431889982336,-125,-125.0,-7.0,0.0,82599.99999999866,82599.99999999866,10116269.999999998
2017-01-09,162.95,1.0,1000.0,0.7,1.6295,1629.5,1140.6499999999999,1140.6499999999999,-16.53259594019331,126453.37499999999,110.86080305089203,-183.2816862445748,-131,-131.0,-6.0,0.0,-13749.999999998152,-13749.999999998152,10143600.0
2017-01-10,163.12,1.0,1000.0,0.68,1.6312,1631.2,1109.2160000000001,1109.2160000000001,-16.30326544426993,126795.0,114.3104679341084,-186.3633901788475,-133,-133.0,-2.0,0.0,-22270.000000002085,-22270.000000002085,10078279.999999998
2017-01-11,163.48,1.0,1000.0,0.66,1.6348,1634.8,1078.968,1078.968,-15.698436990039474,125978.49999999999,116.75832832855096,-183.29232603280983,-131,-131.0,2.0,0.0,-47879.999999998035,-47879.999999998035,10048775.0
2017-01-12,163.89,1.0,1000.0,0.65,1.6388999999999998,1638.8999999999999,1065.2849999999999,1065.2849999999999,-14.889182020524204,125609.6875,117.91181467870102,-175.56104711214974,-125,-125.0,6.0,0.0,-53709.999999999556,-53709.999999999556,10062300.0
2017-02-01,161.61,1.0,1000.0,0.72,1.6161,1616.1000000000001,1163.592,1163.592,-18.61863476393507,125778.75,108.09523441206196,-201.25856892401274,-144,-144.0,-19.0,0.0,284999.99999999657,284999.99999999657,10538559.999999998
2017-02-02,162.37,1.0,1000.0,0.7,1.6237000000000001,1623.7,1136.59,1136.59,-17.37840743111063,131731.99999999997,115.90107250635671,-201.41760597181616,-144,-144.0,0.0,0.0,-109439.99999999869,-109439.99999999869,10336809.999999998
2017-02-03,162.49,1.0,1000.0,0.68,1.6249000000000002,1624.9000000000003,1104.9320000000002,1104.9320000000002,-16.716853597723972,129210.12499999999,116.93943609199476,-195.48594329502754,-139,-139.0,5.0,0.0,-17280.000000000655,-17280.000000000655,10054929.999999998
2017-02-06,163.19,1.0,1000.0,0.67,1.6319,1631.8999999999999,1093.373,1093.373,-15.125740928575793,125686.62499999999,114.95310840856686,-173.875093672247,-124,-124.0,15.0,0.0,-97299.99999999841,-97299.99999999841,9910630.0
2017-02-07,163.38,1.0,1000.0,0.65,1.6338,1633.8,1061.97,1061.97,-14.220024094486629,123882.875,116.6538367373843,-165.8820369119914,-118,-118.0,6.0,0.0,-23559.999999999716,-23559.999999999716,9932580.0
2017-02-08,164.22,1.0,1000.0,0.64,1.6422,1642.2,1051.008,1051.008,-12.356440679005315,124157.25,118.13159367007673,-145.9686029500663,-104,-104.0,14.0,0.0,-99120.00000000041,-99120.00000000041,9821050.0
2017-02-09,164.23,1.0,1000.0,0.62,1.6422999999999999,1642.3,1018.226,1018.226,-11.723140490276643,122763.125,120.56569464932147,-141.34085766817904,-101,-101.0,3.0,0.0,-1039.9999999990541,-1039.9999999990541,9830650.000000002
2017-02-10,163.91,1.0,1000.0,0.61,1.6391,1639.1,999.8509999999999,999.8509999999999,-12.21652829073749,122883.12500000003,122.90143731415985,-150.1428885920734,-107,-107.0,-6.0,0.0,32319.999999999312,32319.999999999312,9840975.000000002
2017-03-01,164.93,1.0,1000.0,0.61,1.6493000000000002,1649.3000000000002,1006.0730000000001,1006.0730000000001,-10.04335654960692,123012.18750000003,122.26964395227783,-122.79976294062155,-88,-88.0,19.0,0.0,-109140.00000000109,-109140.00000000109,9599905.000000002
2017-03-02,164.61,1.0,1000.0,0.59,1.6461000000000001,1646.1000000000001,971.1990000000001,971.1990000000001,-11.883012403066669,119998.81250000003,123.55738885645478,-146.82339842717835,-105,-105.0,-17.0,0.0,28159.9999999994,28159.9999999994,9623600.000000002
2017-03-03,160.71,1.0,1000.0,0.82,1.6071000000000002,1607.1000000000001,1317.8220000000001,1317.8220000000001,-18.35793788260271,120295.00000000003,91.28319302606879,-167.57711872982037,-120,-120.0,-15.0,0.0,409500.0000000006,409500.0000000006,10040890.000000002
2017-03-06,160.88,1.0,1000.0,0.79,1.6088,1608.8,1270.952,1270.952,-19.86290614107233,125511.12500000003,98.75363113634506,-196.15341063513,-140,-140.0,-20.0,0.0,-20399.9999999985,-20399.9999999985,10002175.000000004
2017-03-07,161.3,1.0,1000.0,0.77,1.6130000000000002,1613.0000000000002,1242.0100000000002,1242.0100000000002,-20.0,125027.18750000006,100.66520197099865,-201.3304039419973,-144,-144.0,-4.0,0.0,-58800.00000000223,-58800.00000000223,9905435.000000002
2017-03-08,160.5,1.0,1000.0,0.76,1.605,1605.0,1219.8,1219.8,-20.0,123817.93750000003,101.50675315625516,-203.01350631251032,-145,-145.0,-1.0,0.0,115200.00000000163,115200.00000000163,10016575.000000004
2017-03-09,159.99,1.0,1000.0,0.75,1.5999,1599.9,1199.9250000000002,1199.9250000000002,-1.2623911908750916,125207.18750000006,104.34584453194995,-13.172527494155545,-9,-9.0,136.0,0.0,73949.99999999868,73949.99999999868,10091095.000000002
2017-03-10,159.01,1.0,1000.0,0.75,1.5900999999999998,1590.1,1192.5749999999998,1192.5749999999998,-2.572620645541857,126138.68750000003,105.7700249460202,-27.21061498556088,-19,-19.0,-10.0,0.0,8820.000000000164,8820.000000000164,10100715.000000002
2017-04-03,162.09,1.0,1000.0,0.84,1.6209,1620.9,1361.556,1361.556,12.444628046511724,126258.93750000003,92.7313584604673,115.40072642882637,82,82.0,101.0,0.0,-58520.00000000024,-58520.00000000024,10007005.000000002
2017-04-04,162.53,1.0,1000.0,0.82,1.6253,1625.3,1332.7459999999999,1332.7459999999999,14.298278336280788,125087.56250000003,93.8570158904998,134.1993737015095,96,96.0,14.0,0.0,36079.99999999981,36079.99999999981,10005245.0
2017-04-05,162.4,1.0,1000.0,0.79,1.624,1624.0,1282.96,1282.96,14.76154132623725,125065.5625,97.48204347758309,143.89852133603992,103,103.0,7.0,0.0,-12479.999999999563,-12479.999999999563,9978335.000000002
2017-04-06,162.39,1.0,1000.0,0.77,1.6239,1623.8999999999999,1250.403,1250.403,15.045552049566894,124729.18750000003,99.7511902162743,150.08117244052028,107,107.0,4.0,0.0,-1030.0000000019907,-1030.0000000019907,9944245.0
2017-04-07,162.85,1.0,1000.0,0.75,1.6285,1628.5,1221.375,1221.375,15.935820131476554,124303.0625,101.77305291167741,162.18370654317374,116,116.0,9.0,0.0,49220.00000000085,49220.00000000085,9985635.0
2017-04-10,162.99,1.0,1000.0,0.73,1.6299000000000001,1629.9,1189.827,1189.827,16.447200196788906,124820.4375,104.90637504443923,172.54161522753117,123,123.0,7.0,0.0,16240.000000001713,16240.000000001713,9988615.000000002
2017-04-11,163.21,1.0,1000.0,0.71,1.6321,1632.1000000000001,1158.791,1158.791,17.013465572099047,124857.68750000003,107.74823717132773,183.31709235687472,131,131.0,8.0,0.0,27059.99999999986,27059.99999999986,10021195.000000002
2017-04-12,163.25,1.0,1000.0,0.69,1.6325,1632.5,1126.425,1126.425,17.187804333286618,125264.93750000003,111.20575049381897,191.1382680224052,136,136.0,5.0,0.0,5239.999999998958,5239.999999998958,10049685.000000002
2017-05-01,161.78,1.0,1000.0,0.71,1.6178000000000001,1617.8000000000002,1148.6380000000001,1148.6380000000001,10.999680722587184,125621.06250000003,109.36523299768945,120.29826451259405,86,86.0,-50.0,0.0,-199919.99999999985,-199919.99999999985,9800125.000000002
2017-05-02,161.69,1.0,1000.0,0.69,1.6169,1616.9,1115.661,1115.661,10.700810216708026,122501.56250000003,109.80177894539652,117.49679979516154,84,84.0,-2.0,0.0,-7740.000000000293,-7740.000000000293,9808195.000000002
2017-05-03,161.69,1.0,1000.0,0.67,1.6169,1616.9,1083.323,1083.323,10.622000312505394,122602.43750000003,113.17256026134405,120.21189704630319,86,86.0,2.0,0.0,0.0,0.0,9819925.000000002
2017-05-04,160.9,1.0,1000.0,0.67,1.609,1609.0,1078.03,1078.03,8.742019226634092,122749.06250000003,113.86423615298278,99.54033416753802,71,71.0,-15.0,0.0,-67939.99999999932,-67939.99999999932,9759005.000000004
2017-05-05,160.46,1.0,1000.0,0.65,1.6046,1604.6000000000001,1042.9900000000002,1042.9900000000002,6.968945749594855,121987.56250000006,116.95947468336229,81.50842339694647,58,58.0,-13.0,0.0,-31239.99999999984,-31239.99999999984,9781315.000000004
2017-05-08,160.46,1.0,1000.0,0.64,1.6046,1604.6000000000001,1026.9440000000002,1026.9440000000002,6.355686090637538,122266.43750000006,119.05852461283189,75.66986088536025,54,54.0,-4.0,0.0,0.0,0.0,9821320.000000004
2017-05-09,160.29,1.0,1000.0,0.62,1.6029,1602.9,993.798,993.798,5.763830335055408,122766.50000000006,123.53264949215037,71.20212325126234,51,51.0,-3.0,0.0,-9180.000000000859,-9180.000000000859,9775570.000000004
2017-05-10,160.6,1.0,1000.0,0.6,1.6059999999999999,1605.9999999999998,963.5999999999998,963.5999999999998,6.604437905352206,122194.62500000006,126.81052822748038,83.75122594233073,60,60.0,9.0,0.0,15810.000000000116,15810.000000000116,9802105.000000004
2017-05-11,160.42,1.0,1000.0,0.59,1.6041999999999998,1604.1999999999998,946.4779999999998,946.4779999999998,6.467868978644569,122526.31250000006,129.45500318021135,83.7297999199623,60,60.0,0.0,0.0,-10800.00000000041,-10800.00000000041,9667330.000000002
2017-05-12,160.88,1.0,1000.0,0.57,1.6088,1608.8,917.0159999999998,917.0159999999998,8.01800185709513,120841.62500000003,131.77700825285496,105.65882968938315,75,75.0,15.0,0.0,27600.000000000477,27600.000000000477,9623530.000000002
2017-06-01,162.28,1.0,1000.0,0.59,1.6228,1622.8,957.4519999999999,957.4519999999999,16.10033652003047,120294.12500000003,125.63984930837269,202.28438541907178,144,144.0,69.0,0.0,105000.00000000042,105000.00000000042,9677410.000000002
2017-06-02,162.69,1.0,1000.0,0.57,1.6269,1626.9,927.333,927.333,17.277474726041824,120967.62500000003,130.4468028205618,225.37913388252178,161,161.0,17.0,0.0,59039.999999999505,59039.999999999505,9741840.000000002
2017-06-05,164.49,1.0,1000.0,0.61,1.6449,1644.9,1003.389,1003.389,20.0,121773.00000000003,121.36170518114115,242.72341036228232,173,173.0,12.0,0.0,289800.0000000018,289800.0000000018,10034205.000000004
2017-06-06,164.93,1.0,1000.0,0.59,1.6493000000000002,1649.3000000000002,973.0870000000001,973.0870000000001,20.0,125427.56250000006,128.89655549812096,257.7931109962419,184,184.0,11.0,0.0,76119.9999999996,76119.9999999996,10156655.000000004
2017-06-07,165.0,1.0,1000.0,0.58,1.6500000000000001,1650.0000000000002,957.0000000000001,957.0000000000001,20.0,126958.18750000006,132.66268286311393,265.32536572622786,189,189.0,5.0,0.0,12879.999999998745,12879.999999998745,10149205.000000002
2017-06-08,164.97,1.0,1000.0,0.56,1.6497,1649.7,923.8320000000001,923.8320000000001,20.0,126865.06250000003,137.324819339447,274.649638678894,196,196.0,7.0,0.0,-5670.000000000215,-5670.000000000215,10210205.000000002
2017-06-09,164.87,1.0,1000.0,0.55,1.6487,1648.7,906.7850000000001,906.7850000000001,-4.327364553804759,127627.56250000003,140.74732433818383,-60.90649823839185,-43,-43.0,-239.0,0.0,-19599.999999998887,-19599.999999998887,10224660.000000002
2017-06-12,165.1,1.0,1000.0,0.53,1.651,1651.0,875.0300000000001,875.0300000000001,-4.048382295748421,127808.25000000003,146.0615636035336,-59.13130481818773,-42,-42.0,1.0,0.0,-9889.99999999956,-9889.99999999956,10236145.000000002
2017-07-03,161.65,1.0,1000.0,0.72,1.6165,1616.5,1163.8799999999999,1163.8799999999999,-20.0,127951.81250000003,109.93557110698701,-219.871142213974,-157,-157.0,-115.0,0.0,144899.99999999953,144899.99999999953,10230800.000000002
2017-07-04,161.85,1.0,1000.0,0.7,1.6185,1618.5,1132.9499999999998,1132.9499999999998,-20.0,127885.00000000003,112.87788516704184,-225.75577033408368,-161,-161.0,-4.0,0.0,-31399.999999998214,-31399.999999998214,10204150.000000004
2017-07-05,161.93,1.0,1000.0,0.68,1.6193000000000002,1619.3000000000002,1101.1240000000003,1101.1240000000003,-19.87067180027386,127551.87500000006,115.83788474322604,-230.17765897705954,-164,-164.0,-3.0,0.0,-12880.000000002014,-12880.000000002014,10179195.000000002
2017-07-06,160.5,1.0,1000.0,0.7,1.605,1605.0,1123.5,1123.5,-20.0,127239.93750000003,113.25317089452606,-226.5063417890521,-162,-162.0,2.0,0.0,234520.0000000011,234520.0000000011,10391885.000000004
2017-07-07,160.49,1.0,1000.0,0.68,1.6049000000000002,1604.9000000000003,1091.3320000000003,1091.3320000000003,-20.0,129898.56250000006,119.02753928227159,-238.05507856454318,-170,-170.0,-8.0,0.0,1619.9999999985266,1619.9999999985266,10430075.000000002
2017-07-10,160.94,1.0,1000.0,0.67,1.6094,1609.3999999999999,1078.298,1078.298,-20.0,130375.93750000003,120.90900428267513,-241.81800856535023,-173,-173.0,-3.0,0.0,-76499.99999999806,-76499.99999999806,10337915.000000004
2017-07-11,160.69,1.0,1000.0,0.65,1.6069,1606.9,1044.4850000000001,1044.4850000000001,-20.0,129223.93750000006,123.72024251185995,-247.44048502371987,-177,-177.0,-4.0,0.0,43250.0,43250.0,10383715.000000004
2017-07-12,161.42,1.0,1000.0,0.64,1.6141999999999999,1614.1999999999998,1033.088,1033.088,-19.734429914712383,129796.43750000006,125.6392848431112,-247.94196612709638,-177,-177.0,0.0,0.0,-129209.9999999982,-129209.9999999982,10390705.000000006
2017-08-01,162.8,1.0,1000.0,0.65,1.6280000000000001,1628.0,1058.2,1058.2,-13.265752805823142,129883.81250000007,122.74032555282561,-162.82428180900422,-116,-116.0,61.0,0.0,-244260.00000000422,-244260.00000000422,9846730.0
2017-08-02,162.86,1.0,1000.0,0.63,1.6286000000000003,1628.6000000000004,1026.0180000000003,1026.0180000000003,-12.31960583572655,123084.125,119.96292950026215,-147.78960063422824,-105,-105.0,11.0,0.0,-6960.000000000264,-6960.000000000264,9819450.0
2017-08-03,163.3,1.0,1000.0,0.61,1.6330000000000002,1633.0000000000002,996.1300000000001,996.1300000000001,-10.82074842069075,122743.125,123.21998634716351,-133.33324726636053,-95,-95.0,10.0,0.0,-46199.99999999976,-46199.99999999976,9773190.0
2017-08-04,163.13,1.0,1000.0,0.6,1.6313,1631.3,978.78,978.78,-10.85323551292184,122164.875,124.81341568074542,-135.4629395555342,-97,-97.0,-2.0,0.0,16150.000000001512,16150.000000001512,9786090.000000002
2017-08-07,163.3,1.0,1000.0,0.58,1.6330000000000002,1633.0000000000002,947.1400000000001,947.1400000000001,-10.455046447241568,122326.12500000003,129.1531610955086,-135.03022980616151,-96,-96.0,1.0,0.0,-16490.000000001543,-16490.000000001543,9769550.0
2017-08-08,163.13,1.0,1000.0,0.57,1.6313,1631.3,929.8409999999999,929.8409999999999,-10.939968996137983,122119.375,131.33360972467338,-143.67856185388126,-102,-102.0,-6.0,0.0,16320.000000001528,16320.000000001528,9784790.000000002
2017-08-09,163.9,1.0,1000.0,0.56,1.639,1639.0,917.84,917.84,-9.142950144306898,122309.87500000003,133.25838381417242,-121.83747595238917,-87,-87.0,15.0,0.0,-78540.00000000105,-78540.00000000105,9706250.0
2017-08-10,164.11,1.0,1000.0,0.54,1.6411000000000002,1641.1000000000001,886.1940000000002,886.1940000000002,-7.912620347658921,121328.125,136.90921513799458,-108.33106414829088,-77,-77.0,10.0,0.0,-18270.00000000069,-18270.00000000069,9688085.0
2017-08-11,164.54,1.0,1000.0,0.53,1.6454,1645.3999999999999,872.062,872.062,-6.421442461860886,121101.0625,138.86749164623615,-89.17296074292527,-64,-64.0,13.0,0.0,-33109.999999998334,-33109.999999998334,9656775.000000002
2017-09-01,164.86,1.0,1000.0,0.52,1.6486,1648.6000000000001,857.272,857.272,-6.480512448821232,120709.68750000003,140.80675386575092,-91.24999213051059,-65,-65.0,-1.0,0.0,-20480.000000001382,-20480.000000001382,9641245.0
2017-09-04,162.16,1.0,1000.0,0.64,1.6216,1621.6,1037.824,1037.824,-15.86964414938882,120515.5625,116.12331426137764,-184.28356747757113,-131,-131.0,-66.0,0.0,175500.0000000011,175500.0000000011,9805230.000000002
2017-09-05,162.64,1.0,1000.0,0.63,1.6263999999999998,1626.3999999999999,1024.6319999999998,1024.6319999999998,-16.862142101308493,122565.37500000003,119.61892172018837,-201.70312560511132,-144,-144.0,-13.0,0.0,-62879.99999999866,-62879.99999999866,9719580.000000004
2017-09-06,162.57,1.0,1000.0,0.61,1.6257,1625.6999999999998,991.6769999999999,991.6769999999999,-17.306005860900097,121494.75000000006,122.51443766468323,-212.02355762698875,-151,-151.0,-7.0,0.0,10079.999999999018,10079.999999999018,9730220.000000002
2017-09-07,163.18,1.0,1000.0,0.6,1.6318000000000001,1631.8000000000002,979.08,979.08,-16.02878564421182,121627.75000000003,124.22656984107532,-199.1201059298305,-142,-142.0,9.0,0.0,-92110.00000000207,-92110.00000000207,9638470.0
2017-09-08,162.96,1.0,1000.0,0.58,1.6296000000000002,1629.6000000000001,945.168,945.168,-5.530687261317109,120480.875,127.47032802634028,-70.49985194111935,-50,-50.0,92.0,0.0,31239.99999999984,31239.99999999984,9672375.0
2017-09-11,162.77,1.0,1000.0,0.57,1.6277000000000001,1627.7,927.789,927.789,-5.922173932846977,120904.6875,130.31485337722262,-77.17472277333637,-55,-55.0,-5.0,0.0,9499.999999999887,9499.999999999887,9655475.0
2017-09-12,161.87,1.0,1000.0,0.57,1.6187,1618.7,922.659,922.659,-7.665366709671503,120693.4375,130.8104483888414,-100.2710056357027,-72,-72.0,-17.0,0.0,49500.00000000031,49500.00000000031,9705010.0
2017-10-02,161.22,1.0,1000.0,0.56,1.6122,1612.2,902.8320000000001,902.8320000000001,-10.241766121714818,121312.625,134.3689911301327,-137.6175781165592,-98,-98.0,-26.0,0.0,46800.00000000041,46800.00000000041,9743210.0
2017-10-03,161.12,1.0,1000.0,0.55,1.6112000000000002,1611.2000000000003,886.1600000000002,886.1600000000002,-10.35617886897041,121790.125,137.43581858806533,-142.33099203013728,-102,-102.0,-4.0,0.0,9799.999999999443,9799.999999999443,9740200.0
2017-10-04,161.32,1.0,1000.0,0.53,1.6132,1613.2,854.9960000000001,854.9960000000001,-9.62479042369794,121752.5,142.40125100000466,-137.05821969474516,-98,-98.0,4.0,0.0,-20399.99999999884,-20399.99999999884,9714530.000000002
2017-10-05,161.22,1.0,1000.0,0.52,1.6122,1612.2,838.344,838.344,-9.91249062881888,121431.62500000003,144.8470138749726,-143.5794667648064,-102,-102.0,-4.0,0.0,9799.999999999443,9799.999999999443,9706510.000000002
2017-10-06,161.16,1.0,1000.0,0.51,1.6116,1611.6,821.9159999999999,821.9159999999999,-10.240055878807876,121331.37500000003,147.62016434769495,-151.16387317591983,-108,-108.0,-6.0,0.0,6120.000000000232,6120.000000000232,9713830.000000002
2017-10-09,161.44,1.0,1000.0,0.49,1.6144,1614.4,791.056,791.056,-9.479113867670147,121422.87500000003,153.49466409457742,-145.49933990322796,-104,-104.0,4.0,0.0,-30240.000000000124,-30240.000000000124,9690950.000000002
2017-10-10,161.48,1.0,1000.0,0.48,1.6148,1614.8,775.1039999999999,775.1039999999999,-8.975329848583888,121136.87500000003,156.28467276649332,-140.2706488357273,-100,-100.0,4.0,0.0,-4159.999999999172,-4159.999999999172,9696030.000000004
2017-10-11,161.26,1.0,1000.0,0.47,1.6126,1612.6000000000001,757.922,757.922,-9.757835184302577,121200.37500000006,159.91140908958977,-156.0389173985802,-111,-111.0,-11.0,0.0,21999.999999999887,21999.999999999887,9698590.000000004
2017-10-12,161.45,1.0,1000.0,0.46,1.6144999999999998,1614.4999999999998,742.67,742.67,-9.330937279680004,121232.37500000006,163.2385514427674,-152.31686851382807,-109,-109.0,2.0,0.0,-21089.99999999975,-21089.99999999975,9571495.000000004
2017-11-01,162.63,1.0,1000.0,0.47,1.6263,1626.3000000000002,764.361,764.361,-2.475998063353919,119643.68750000006,156.5277238111312,-38.7562341017558,-28,-28.0,81.0,0.0,-128620.00000000074,-128620.00000000074,9454465.000000004
2017-11-02,162.69,1.0,1000.0,0.46,1.6269,1626.9,748.374,748.374,-2.5641010843177905,118180.81250000006,157.9167802462406,-40.491458746135976,-29,-29.0,-1.0,0.0,-1680.0000000000637,-1680.0000000000637,9487625.000000004
2017-11-03,162.74,1.0,1000.0,0.45,1.6274000000000002,1627.4,732.33,732.33,-2.61016474900022,118595.31250000006,161.9424473939345,-42.269646755447035,-30,-30.0,-1.0,0.0,-1450.0000000003297,-1450.0000000003297,9584785.000000004
2017-11-06,163.14,1.0,1000.0,0.44,1.6314,1631.3999999999999,717.8159999999999,717.8159999999999,-1.1103691061529877,119809.81250000006,166.90880741025566,-18.533038329318675,-13,-13.0,17.0,0.0,-11999.999999999318,-11999.999999999318,9530405.000000004
2017-11-07,163.28,1.0,1000.0,0.42,1.6328,1632.8,685.776,685.776,0.0170205710864296,119130.06250000006,173.71570673222752,0.29567405352652354,0,0.0,13.0,0.0,-1820.0000000001921,-1820.0000000001921,9422385.000000004
2017-11-08,163.4,1.0,1000.0,0.41,1.6340000000000001,1634.0000000000002,669.94,669.94,0.658343332422995,117779.81250000006,175.8065087918322,11.574104285966737,8,8.0,8.0,0.0,0.0,0.0,9381465.000000002
2017-11-09,162.58,1.0,1000.0,0.42,1.6258000000000001,1625.8000000000002,682.836,682.836,-2.775443923854735,117268.31250000003,171.73715577386082,-47.664684549265615,-34,-34.0,-42.0,0.0,-6559.999999999945,-6559.999999999945,9346870.000000002
2017-11-10,162.19,1.0,1000.0,0.41,1.6219000000000001,1621.9,664.979,664.979,-5.2963801570107885,116835.87500000003,175.6985934894185,-93.0566544172061,-66,-66.0,-32.0,0.0,13260.000000000502,13260.000000000502,9352980.000000002
2017-12-01,163.8,1.0,1000.0,0.46,1.6380000000000001,1638.0000000000002,753.4800000000001,753.4800000000001,0.7871341846388675,116912.25000000003,155.16304347826087,12.213413571434604,9,9.0,75.0,0.0,-106260.0000000009,-106260.0000000009,9343440.000000002
2017-12-04,162.97,1.0,1000.0,0.46,1.6297,1629.6999999999998,749.6619999999999,749.6619999999999,-1.7134884918782023,116793.00000000003,155.7942112578736,-26.69515880916079,-19,-19.0,-28.0,0.0,-7470.000000000113,-7470.000000000113,9256050.0
2017-12-05,163.16,1.0,1000.0,0.45,1.6316,1631.6,734.22,734.22,-1.8695486817390112,115700.625,157.5830473155185,-29.46091783731439,-21,-21.0,-2.0,0.0,-3609.999999999957,-3609.999999999957,9165990.000000002
2017-12-06,163.52,1.0,1000.0,0.44,1.6352000000000002,1635.2000000000003,719.4880000000002,719.4880000000002,-0.0378491046197546,114574.87500000003,159.24501173056396,-0.6027281109164164,0,0.0,21.0,0.0,-7560.0000000002865,-7560.0000000002865,9160805.0
2017-12-07,163.65,1.0,1000.0,0.43,1.6365,1636.5,703.6949999999999,703.6949999999999,3.810193173722144,114510.0625,162.72683833194782,62.002068859377445,44,44.0,44.0,0.0,0.0,0.0,9205885.0
2017-12-08,160.74,1.0,1000.0,0.6,1.6074000000000002,1607.4,964.44,964.44,-16.993945916515816,115073.5625,119.31645566339014,-202.76573944940094,-145,-145.0,-189.0,0.0,-128039.99999999985,-128039.99999999985,9053639.999999998
2017-12-11,163.64,1.0,1000.0,0.7,1.6363999999999999,1636.3999999999999,1145.4799999999998,1145.4799999999998,-13.5987208613397,113170.49999999999,98.79744735831268,-134.35189084385974,-96,-96.0,49.0,0.0,-420499.9999999967,-420499.9999999967,8618205.000000002
2017-12-12,163.27,1.0,1000.0,0.69,1.6327,1632.7,1126.5629999999999,1126.5629999999999,-13.1564711481619,107727.56250000003,95.62497836339382,-125.80872688815968,-90,-90.0,6.0,0.0,35519.99999999771,35519.99999999771,8660725.0
2018-01-01,161.68,1.0,1000.0,0.71,1.6168,1616.8,1147.9279999999999,1147.9279999999999,-16.33596808587934,108259.0625,94.30823405300681,-154.06163017255585,-110,-110.0,-20.0,0.0,143100.00000000032,143100.00000000032,9052145.0
2018-01-02,161.28,1.0,1000.0,0.7,1.6128,1612.8,1128.9599999999998,1128.9599999999998,-17.165403610953653,113151.8125,100.2265912875567,-172.04298920010018,-123,-123.0,-13.0,0.0,44000.000000000626,44000.000000000626,9013465.0
2018-01-03,161.58,1.0,1000.0,0.68,1.6158000000000001,1615.8000000000002,1098.7440000000001,1098.7440000000001,-16.80469646402027,112668.3125,102.54282389710431,-172.3201030154322,-123,-123.0,0.0,0.0,-36900.0000000014,-36900.0000000014,8935299.999999996
2018-01-04,161.59,1.0,1000.0,0.66,1.6159000000000001,1615.9,1066.4940000000001,1066.4940000000001,-16.619109005254575,111691.24999999996,104.72749963900401,-174.04777323483668,-124,-124.0,-1.0,0.0,-1229.9999999988813,-1229.9999999988813,8902444.999999998
2018-01-05,161.59,1.0,1000.0,0.64,1.6159000000000001,1615.9,1034.1760000000002,1034.1760000000002,-16.516063793941168,111280.56249999999,107.60311832802151,-177.71799667326033,-127,-127.0,-3.0,0.0,-0.0,0.0,8912144.999999998
2018-01-08,161.8,1.0,1000.0,0.63,1.618,1618.0,1019.34,1019.34,-15.9766191140257,111401.81249999999,109.2881791158985,-174.60556114001284,-125,-125.0,2.0,0.0,-26670.00000000101,-26670.00000000101,8894114.999999998
2018-01-09,161.3,1.0,1000.0,0.61,1.6130000000000002,1613.0000000000002,983.9300000000001,983.9300000000001,-16.850839442012692,111176.43749999999,112.99222251582935,-190.4013799810412,-136,-136.0,-11.0,0.0,62500.0,62500.0,8914349.999999998
2018-01-10,161.07,1.0,1000.0,0.6,1.6107,1610.7,966.42,966.42,-17.671980460684928,111429.37499999999,115.30118892407027,-203.76003577599113,-145,-145.0,-9.0,0.0,31280.000000002474,31280.000000002474,8960645.0
2018-01-11,160.31,1.0,1000.0,0.6,1.6031,1603.1,961.8599999999999,961.8599999999999,-19.50537669135717,112008.0625,116.44944430582414,-227.1390276684317,-162,-162.0,-17.0,0.0,110199.99999999868,110199.99999999868,9056704.999999998
2018-01-12,160.38,1.0,1000.0,0.58,1.6038,1603.8,930.204,930.204,-20.0,113208.81249999999,121.70320972603858,-243.40641945207716,-174,-174.0,-12.0,0.0,-11339.999999998894,-11339.999999998894,9045365.0
2018-02-01,158.6,1.0,1000.0,0.63,1.586,1586.0,999.1800000000001,999.1800000000001,-20.0,113067.0625,113.15985357993554,-226.3197071598711,-161,-161.0,13.0,0.0,309720.0000000002,309720.0000000002,9232515.0
2018-02-02,157.87,1.0,1000.0,0.62,1.5787,1578.7,978.794,978.794,-20.0,115406.4375,117.90676843135532,-235.81353686271063,-168,-168.0,-7.0,0.0,117529.99999999836,117529.99999999836,9312304.999999998
2018-02-05,158.09,1.0,1000.0,0.6,1.5809,1580.8999999999999,948.5399999999998,948.5399999999998,-20.0,116403.81249999999,122.7189285638982,-245.4378571277964,-175,-175.0,-7.0,0.0,-36959.99999999981,-36959.99999999981,9261499.999999998
2018-02-06,158.86,1.0,1000.0,0.6,1.5886000000000002,1588.6000000000001,953.1600000000001,953.1600000000001,-20.0,115768.74999999999,121.45783499097736,-242.91566998195472,-173,-173.0,2.0,0.0,-134750.0000000018,-134750.0000000018,9130299.999999996
2018-02-07,158.23,1.0,1000.0,0.59,1.5823,1582.3,933.5569999999999,933.5569999999999,-20.0,114128.74999999996,122.25150687103195,-244.50301374206393,-174,-174.0,-1.0,0.0,108990.00000000413,108990.00000000413,9239390.0
2018-02-08,157.74,1.0,1000.0,0.58,1.5774000000000001,1577.4,914.8919999999999,914.8919999999999,-20.0,115492.375,126.23607485910907,-252.47214971821813,-180,-180.0,-6.0,0.0,85259.99999999664,85259.99999999664,9315659.999999996
2018-02-09,158.04,1.0,1000.0,0.56,1.5804,1580.4,885.0240000000001,885.0240000000001,-20.0,116445.74999999996,131.57355054778168,-263.14710109556336,-188,-188.0,-8.0,0.0,-53999.99999999693,-53999.99999999693,9268060.0
2018-02-12,157.97,1.0,1000.0,0.55,1.5797,1579.7,868.8350000000002,868.8350000000002,-20.0,115850.75,133.34033504635516,-266.68067009271033,-190,-190.0,-2.0,0.0,13159.999999998718,13159.999999998718,9283949.999999998
2018-03-01,159.7,1.0,1000.0,0.59,1.597,1597.0,942.2299999999999,942.2299999999999,-15.911634281149984,116049.37499999999,123.16459357057194,-195.97499692814173,-140,-140.0,50.0,0.0,-328699.9999999981,-328699.9999999981,8934250.0
2018-03-02,159.77,1.0,1000.0,0.57,1.5977000000000001,1597.7,910.689,910.689,-15.470239899776432,111678.125,122.63036558034631,-189.7121174525244,-135,-135.0,5.0,0.0,-9800.000000003023,-9800.000000003023,8946279.999999998
2018-03-05,157.19,1.0,1000.0,0.68,1.5719,1571.9,1068.892,1068.892,-19.91113011638064,111828.49999999999,104.62095328620663,-208.31214137814408,-149,-149.0,-14.0,0.0,348300.0000000017,348300.0000000017,9277380.0
2018-03-06,156.57,1.0,1000.0,0.67,1.5656999999999999,1565.6999999999998,1049.019,1049.019,-20.0,115967.25,110.54828368218307,-221.09656736436614,-158,-158.0,-9.0,0.0,92380.00000000068,92380.00000000068,9364430.0
2018-03-07,156.81,1.0,1000.0,0.65,1.5681,1568.1000000000001,1019.2650000000001,1019.2650000000001,-20.0,117055.375,114.84292603003144,-229.68585206006287,-164,-164.0,-6.0,0.0,-37920.00000000144,-37920.00000000144,9379429.999999998
2018-03-08,157.21,1.0,1000.0,0.63,1.5721,1572.1000000000001,990.4230000000001,990.4230000000001,-20.0,117242.87499999999,118.3765673858543,-236.75313477170863,-169,-169.0,-5.0,0.0,-65600.00000000093,-65600.00000000093,9380319.999999998
2018-03-09,156.98,1.0,1000.0,0.62,1.5697999999999999,1569.8,973.276,973.276,-12.265735542771877,117253.99999999999,120.47353474245742,-147.76965170539225,-105,-105.0,64.0,0.0,38870.00000000307,38870.00000000307,9424965.0
2018-03-12,157.27,1.0,1000.0,0.6,1.5727000000000002,1572.7000000000003,943.6200000000001,943.6200000000001,-11.566757980863882,117812.0625,124.85117155210783,-144.4123284970549,-103,-103.0,2.0,0.0,-30450.00000000215,-30450.00000000215,9365265.0
2018-04-02,159.43,1.0,1000.0,0.66,1.5943,1594.3,1052.238,1052.238,-2.043807292306889,117065.8125,111.25411979038962,-22.73819813267825,-16,-16.0,87.0,0.0,-222479.99999999965,-222479.99999999965,8910349.999999998
2018-04-03,159.3,1.0,1000.0,0.64,1.5930000000000002,1593.0000000000002,1019.5200000000002,1019.5200000000002,-2.406483232568199,111379.37499999999,109.2468759808537,-26.290077525838193,-19,-19.0,-3.0,0.0,2079.9999999999272,2079.9999999999272,8925929.999999998
2018-04-04,159.47,1.0,1000.0,0.62,1.5947,1594.7,988.714,988.714,-2.303456526545883,111574.12499999999,112.84772441777903,-25.99398273159843,-19,-19.0,0.0,0.0,-3229.9999999997626,-3229.9999999997626,8957469.999999998
2018-04-05,159.11,1.0,1000.0,0.61,1.5911000000000002,1591.1000000000001,970.571,970.571,-4.11732136728775,111968.37499999999,115.3634046350035,-47.49882109067626,-34,-34.0,-15.0,0.0,6839.999999999719,6839.999999999719,8997269.999999998
2018-04-06,159.5,1.0,1000.0,0.59,1.595,1595.0,941.05,941.05,-3.036966920438368,112465.87499999999,119.5110514850433,-36.295110998688315,-26,-26.0,8.0,0.0,-13259.999999999536,-13259.999999999536,8956649.999999996
2018-04-09,159.3,1.0,1000.0,0.58,1.5930000000000002,1593.0000000000002,923.94,923.94,-3.3022673490224435,111958.12499999996,121.17467043314495,-40.01511576999299,-29,-29.0,-3.0,0.0,5199.999999999704,5199.999999999704,8998039.999999998
2018-04-10,159.05,1.0,1000.0,0.57,1.5905000000000002,1590.5000000000002,906.585,906.585,-4.137193133357979,112475.49999999999,124.06503526972097,-51.328101200770504,-37,-37.0,-8.0,0.0,7250.0,7250.0,9033609.999999998
2018-04-11,159.5,1.0,1000.0,0.55,1.595,1595.0,877.2500000000001,877.2500000000001,-3.050271525690199,112920.12499999999,128.7205756625819,-39.26327067140244,-28,-28.0,9.0,0.0,-16649.999999999578,-16649.999999999578,8775569.999999996
2018-04-12,159.29,1.0,1000.0,0.54,1.5929,1592.9,860.166,860.166,-3.4686472224711022,109694.62499999996,127.52727380528869,-44.23471240740263,-32,-32.0,-4.0,0.0,5880.000000000223,5880.000000000223,8812199.999999996
2018-05-01,158.74,1.0,1000.0,0.53,1.5874000000000001,1587.4,841.3220000000001,841.3220000000001,-6.492552625808164,110152.49999999996,130.9278730379093,-85.0056105883756,-61,-61.0,-29.0,0.0,17599.999999999454,17599.999999999454,8783599.999999996
2018-05-02,158.59,1.0,1000.0,0.52,1.5859,1585.9,824.6680000000001,824.6680000000001,-6.9503010699709895,109794.99999999996,133.13842661531663,-92.53521489586892,-66,-66.0,-5.0,0.0,9150.000000000347,9150.000000000347,8830249.999999996
2018-05-03,159.26,1.0,1000.0,0.51,1.5926,1592.6,812.226,812.226,-3.7245801916667816,110378.12499999996,135.89582825469753,-50.61549100475973,-36,-36.0,30.0,0.0,-44219.99999999918,-44219.99999999918,8820429.999999996
2018-05-04,159.08,1.0,1000.0,0.5,1.5908000000000002,1590.8000000000002,795.4000000000001,795.4000000000001,-3.829776676107776,110255.37499999996,138.61626225798332,-53.08693281248632,-38,-38.0,-2.0,0.0,6479.999999999222,6479.999999999222,8873484.999999996
2018-05-07,159.31,1.0,1000.0,0.49,1.5931,1593.1,780.6189999999999,780.6189999999999,-2.786636700797469,110918.56249999996,142.09052367416112,-39.5954668105949,-28,-28.0,10.0,0.0,-8739.99999999961,-8739.99999999961,8883854.999999998
2018-05-08,158.85,1.0,1000.0,0.48,1.5885,1588.5,762.48,762.48,-4.523569076164101,111048.18749999999,145.64078729933897,-65.88161616554831,-47,-47.0,-19.0,0.0,12880.000000000222,12880.000000000222,8839274.999999998
2018-05-09,158.85,1.0,1000.0,0.47,1.5885,1588.5,746.5949999999999,746.5949999999999,-5.232070475906992,110490.93749999999,147.99313885038072,-77.4310532415881,-55,-55.0,-8.0,0.0,-0.0,0.0,8811734.999999998
2018-05-10,159.07,1.0,1000.0,0.45,1.5907,1590.7,715.815,715.815,-4.425197973649085,110146.68749999999,153.87591416776678,-68.09313835686021,-49,-49.0,6.0,0.0,-12099.999999999938,-12099.999999999938,8863474.999999998
2018-05-11,158.85,1.0,1000.0,0.44,1.5885,1588.5,698.94,698.94,-5.187230365519937,110793.43749999999,158.51637837296474,-82.22609713284905,-59,-59.0,-10.0,0.0,10779.999999999944,10779.999999999944,8851844.999999998
2018-06-01,161.46,1.0,1000.0,0.57,1.6146,1614.6000000000001,920.322,920.322,6.63298324033473,110648.06249999999,120.22755350844594,79.7467347447969,57,57.0,116.0,0.0,-153990.00000000081,-153990.00000000081,8756479.999999998
2018-06-04,160.81,1.0,1000.0,0.56,1.6081,1608.1000000000001,900.5360000000002,900.5360000000002,3.6819580153805256,109455.99999999999,121.54539074506734,44.75250256863586,32,32.0,-25.0,0.0,-37050.00000000033,-37050.00000000033,8781799.999999998
2018-06-05,161.45,1.0,1000.0,0.55,1.6144999999999998,1614.4999999999998,887.9749999999999,887.9749999999999,4.794600006116713,109772.49999999999,123.62116050564487,59.27140169165201,42,42.0,10.0,0.0,20479.999999999563,20479.999999999563,8748279.999999998
2018-06-06,160.16,1.0,1000.0,0.57,1.6016,1601.6,912.9119999999999,912.9119999999999,0.7332048802739548,109353.49999999999,119.78536814063129,8.782721650612316,6,6.0,-36.0,0.0,-54179.999999999665,-54179.999999999665,8695214.999999998
2018-06-07,159.64,1.0,1000.0,0.56,1.5963999999999998,1596.3999999999999,893.984,893.984,-0.2671945288165144,108690.18749999999,121.57956686025699,-3.2485395080942276,-2,-2.0,-8.0,0.0,-3120.0000000000614,-3120.0000000000614,8736749.999999996
2018-06-08,160.4,1.0,1000.0,0.56,1.604,1604.0,898.2400000000001,898.2400000000001,-13.905336453358377,109209.37499999996,121.58150939615241,-169.0631794660652,-121,-121.0,-119.0,0.0,-1520.0000000000387,-1520.0000000000387,8515494.999999998
2018-06-11,159.74,1.0,1000.0,0.55,1.5974000000000002,1597.4,878.5700000000002,878.5700000000002,-15.061331537025662,106443.68749999999,121.15561366766445,-182.4764865020492,-130,-130.0,-9.0,0.0,79859.99999999959,79859.99999999959,8622459.999999996
2018-06-12,159.85,1.0,1000.0,0.54,1.5985,1598.5,863.19,863.19,-15.185382058863963,107780.74999999996,124.86329776758298,-189.60968817304433,-135,-135.0,-5.0,0.0,-14299.99999999808,-14299.99999999808,8614414.999999998
2018-07-02,162.63,1.0,1000.0,0.65,1.6263,1626.3000000000002,1057.0950000000003,1057.0950000000003,-5.807119025154964,107680.18749999999,101.86424824637328,-59.15378139746224,-42,-42.0,93.0,0.0,-375300.0000000002,-375300.0000000002,8313574.999999999
2018-07-03,162.72,1.0,1000.0,0.63,1.6272,1627.2,1025.136,1025.136,-5.5258901718214615,103919.6875,101.37161069360553,-56.016838723350624,-40,-40.0,2.0,0.0,-3780.0000000001432,-3780.0000000001432,8337334.999999998
2018-07-04,162.55,1.0,1000.0,0.61,1.6255000000000002,1625.5000000000002,991.5550000000001,991.5550000000001,-6.100128156890407,104216.68749999999,105.10429325655156,-64.11496587043567,-46,-46.0,-6.0,0.0,6799.9999999995,6799.9999999995,8344134.999999997
2018-07-05,162.7,1.0,1000.0,0.6,1.627,1627.0,976.1999999999999,976.1999999999999,-5.906558461612653,104301.68749999997,106.84458871132962,-63.108380953042776,-45,-45.0,1.0,0.0,-6899.999999998954,-6899.999999998954,8398835.0
2018-07-06,162.82,1.0,1000.0,0.58,1.6281999999999999,1628.1999999999998,944.3559999999999,944.3559999999999,-5.511838551841636,104985.4375,111.17146235106253,-61.275915205119745,-44,-44.0,1.0,0.0,-5400.000000000205,-5400.000000000205,8492314.999999998
2018-07-09,162.61,1.0,1000.0,0.57,1.6261,1626.1000000000001,926.877,926.877,-6.226178554411522,106153.93749999999,114.52861328957347,-71.30755959300328,-51,-51.0,-7.0,0.0,9239.9999999991,9239.9999999991,8465014.999999998
2018-07-10,162.38,1.0,1000.0,0.55,1.6238,1623.8,893.09,893.09,-7.406708437298789,105812.68749999999,118.47931059579659,-87.75417094352305,-63,-63.0,-12.0,0.0,11730.000000000928,11730.000000000928,8483370.0
2018-07-11,162.53,1.0,1000.0,0.54,1.6253,1625.3,877.662,877.662,-7.330405113712831,106042.125,120.8234206334557,-88.568462046776,-63,-63.0,0.0,0.0,-9450.000000000358,-9450.000000000358,8486699.999999996
2018-07-12,162.77,1.0,1000.0,0.52,1.6277000000000001,1627.7,846.404,846.404,-6.503480971944674,106083.74999999996,125.33465106497601,-81.51115183263968,-58,-58.0,5.0,0.0,-15120.000000000573,-15120.000000000573,8520419.999999998
2018-08-01,160.91,1.0,1000.0,0.58,1.6091,1609.1,933.2779999999999,933.2779999999999,-16.843102773404482,106505.24999999999,114.11953351520125,-192.2127031449512,-137,-137.0,-79.0,0.0,107880.00000000079,107880.00000000079,7929315.0
2018-08-02,161.26,1.0,1000.0,0.57,1.6126,1612.6000000000001,919.182,919.182,-16.22739122387817,99116.4375,107.83113409531518,-174.98179990791476,-125,-125.0,12.0,0.0,-47949.99999999922,-47949.99999999922,7886225.000000001
2018-08-03,162.05,1.0,1000.0,0.56,1.6205,1620.5,907.4800000000001,907.4800000000001,-12.98038823792662,98577.81250000001,108.62808271256667,-141.00346871507205,-101,-101.0,24.0,0.0,-98750.00000000256,-98750.00000000256,7777369.999999998
2018-08-06,162.35,1.0,1000.0,0.54,1.6235,1623.5,876.69,876.69,-10.776892513648212,97217.12499999999,110.89110746101812,-119.50615458268055,-85,-85.0,16.0,0.0,-30299.99999999828,-30299.99999999828,7762409.999999999
2018-08-07,162.01,1.0,1000.0,0.53,1.6200999999999999,1620.1,858.653,858.653,-11.195666766950344,97030.125,113.00272054019493,-126.51408029268376,-90,-90.0,-5.0,0.0,28900.00000000029,28900.00000000029,7762639.999999999
2018-08-08,162.11,1.0,1000.0,0.52,1.6211000000000002,1621.1000000000001,842.9720000000001,842.9720000000001,-10.941003992124328,97033.0,115.10821237241568,-125.93994110928949,-90,-90.0,0.0,0.0,-9000.000000002046,-9000.000000002046,7758759.999999997
2018-08-09,162.5,1.0,1000.0,0.51,1.625,1625.0,828.75,828.75,-9.507555079213931,96984.49999999997,117.02503770739061,-111.26219916501034,-79,-79.0,11.0,0.0,-35099.99999999877,-35099.99999999877,7701159.999999998
2018-08-10,163.34,1.0,1000.0,0.5,1.6334,1633.3999999999999,816.6999999999999,816.6999999999999,-6.724849394162504,96264.49999999999,117.87008693522712,-79.26585827162438,-57,-57.0,22.0,0.0,-66360.00000000028,-66360.00000000028,7629759.999999998
2018-09-03,160.71,1.0,1000.0,0.63,1.6071000000000002,1607.1000000000001,1012.4730000000001,1012.4730000000001,-16.09700830954831,95371.99999999999,94.19707982336317,-151.62911766518624,-108,-108.0,-51.0,0.0,149909.99999999974,149909.99999999974,7847529.999999997
2018-09-04,160.35,1.0,1000.0,0.61,1.6035,1603.5,978.135,978.135,-18.492078642875743,98094.12499999997,100.28689802532368,-185.45132051343455,-132,-132.0,-24.0,0.0,38880.00000000147,38880.00000000147,7818570.0
2018-09-05,159.92,1.0,1000.0,0.6,1.5992,1599.2,959.52,959.52,-20.0,97732.125,101.85522448724362,-203.71044897448724,-145,-145.0,-13.0,0.0,56760.0000000009,56760.0000000009,7876740.000000001
2018-09-06,160.43,1.0,1000.0,0.59,1.6043,1604.3,946.5369999999999,946.5369999999999,-19.39730727966148,98459.25000000001,104.02049787805444,-201.77175607239968,-144,-144.0,1.0,0.0,-73950.00000000281,-73950.00000000281,7818559.999999998
2018-09-07,159.95,1.0,1000.0,0.58,1.5995,1599.5,927.7099999999999,927.7099999999999,-0.1225380518824066,97731.99999999999,105.34757629000441,-1.2909086769110347,-1,-1.0,143.0,0.0,69120.00000000262,69120.00000000262,7827050.0
2018-09-10,159.69,1.0,1000.0,0.56,1.5969,1596.9,894.2640000000001,894.2640000000001,-0.6181005886068223,97838.125,109.40631066441229,-6.762410501897409,-5,-5.0,-4.0,0.0,259.9999999999909,259.9999999999909,7819935.0
2018-09-11,159.3,1.0,1000.0,0.55,1.5930000000000002,1593.0000000000002,876.1500000000002,876.1500000000002,-1.396870471086717,97749.1875,111.566726587913,-15.5844265926461,-11,-11.0,-6.0,0.0,1949.9999999999318,1949.9999999999318,7821885.0
2018-09-12,159.63,1.0,1000.0,0.54,1.5963,1596.3,862.0020000000001,862.0020000000001,-0.6392459796820333,97773.5625,113.42614344282264,-7.2507206186662,-5,-5.0,6.0,0.0,-3629.999999999825,-3629.999999999825,7825855.000000001
2018-10-01,158.77,1.0,1000.0,0.54,1.5877000000000001,1587.7,857.3580000000001,857.3580000000001,0.8488180026370149,97823.18750000001,114.09841338157457,9.684878735060058,7,7.0,12.0,0.0,4299.999999999926,4299.999999999926,7965180.000000001
2018-10-02,159.52,1.0,1000.0,0.54,1.5952000000000002,1595.2000000000003,861.4080000000002,861.4080000000002,3.897093346136052,99564.75000000001,115.58373035773987,45.044058649873165,32,32.0,25.0,0.0,5250.0,5250.0,7944430.0
2018-10-03,158.93,1.0,1000.0,0.53,1.5893000000000002,1589.3000000000002,842.3290000000002,842.3290000000002,2.8472504415276694,99305.375,117.89380990088193,33.56732022936652,24,24.0,-8.0,0.0,-18880.00000000011,-18880.00000000011,7914625.0
2018-10-04,158.04,1.0,1000.0,0.53,1.5804,1580.4,837.6120000000001,837.6120000000001,-0.2537912016957289,98932.8125,118.11293594170093,-2.997602394845493,-2,-2.0,-26.0,0.0,-21360.000000000357,-21360.000000000357,7857594.999999999
2018-10-05,157.61,1.0,1000.0,0.53,1.5761000000000003,1576.1000000000004,835.3330000000002,835.3330000000002,-2.4771179191815187,98219.9375,117.58177577086022,-29.12639237311812,-21,-21.0,-19.0,0.0,859.9999999999568,859.9999999999568,7830984.999999999
2018-10-08,157.95,1.0,1000.0,0.51,1.5795,1579.5,805.545,805.545,-2.0671195924761063,97887.3125,121.51687677286806,-25.118991679370026,-18,-18.0,3.0,0.0,-7139.999999999474,-7139.999999999474,7797139.999999999
2018-10-09,158.09,1.0,1000.0,0.5,1.5809,1580.8999999999999,790.4499999999999,790.4499999999999,-1.3805627103638494,97464.25,123.30223290530711,-17.02264648536654,-12,-12.0,6.0,0.0,-2520.000000000266,-2520.000000000266,7794139.999999999
2018-10-10,157.88,1.0,1000.0,0.49,1.5788,1578.8,773.612,773.612,-1.5503710002142963,97426.75,125.93748545782641,-19.524982529372373,-14,-14.0,-2.0,0.0,2520.0000000000955,2520.0000000000955,7795459.999999999
2018-10-11,158.35,1.0,1000.0,0.48,1.5835,1583.5,760.0799999999999,760.0799999999999,0.217762512820639,97443.25,128.2013077570782,2.791743892407343,2,2.0,16.0,0.0,-6579.999999999984,-6579.999999999984,7787394.999999999
2018-10-12,158.53,1.0,1000.0,0.46,1.5853000000000002,1585.3000000000002,729.2380000000002,729.2380000000002,1.6150989584758628,97342.4375,133.48514133931582,21.559171274913233,15,15.0,13.0,0.0,360.00000000001364,360.00000000001364,7786379.999999999
2018-11-01,159.98,1.0,1000.0,0.49,1.5997999999999999,1599.8,783.9019999999999,783.9019999999999,10.190802120773563,97329.75,124.16060936188454,126.5296201201631,90,90.0,75.0,0.0,21749.99999999983,21749.99999999983,7787889.999999999
2018-11-02,159.63,1.0,1000.0,0.48,1.5963,1596.3,766.2239999999999,766.2239999999999,7.875429197891474,97348.625,127.04982485539477,100.0571900253174,71,71.0,-19.0,0.0,-31499.999999999487,-31499.999999999487,7766440.0
2018-11-05,159.74,1.0,1000.0,0.47,1.5974000000000002,1597.4,750.778,750.778,7.795600080624467,97080.5,129.30653269008948,100.8022016664132,72,72.0,1.0,0.0,7810.000000000969,7810.000000000969,7754110.000000001
2018-11-06,159.7,1.0,1000.0,0.46,1.597,1597.0,734.62,734.62,7.886709864445103,96926.37500000001,131.94083335602082,104.05790719520368,74,74.0,2.0,0.0,-2880.0000000014734,-2880.0000000014734,7721159.999999999
2018-11-07,159.5,1.0,1000.0,0.45,1.595,1595.0,717.75,717.75,7.2377864999418655,96514.5,134.46812957157783,97.32516128855995,69,69.0,-5.0,0.0,-14799.99999999916,-14799.99999999916,7724015.0
2018-11-08,159.37,1.0,1000.0,0.44,1.5937000000000001,1593.7,701.2280000000001,701.2280000000001,6.547911328084124,96550.1875,137.68729642855104,90.15642080177861,64,64.0,-5.0,0.0,-8969.999999999687,-8969.999999999687,7680645.0
2018-11-09,160.03,1.0,1000.0,0.43,1.6003,1600.3,688.129,688.129,8.82832734492541,96008.0625,139.52044238798248,123.17321367099161,88,88.0,24.0,0.0,42239.99999999978,42239.99999999978,7724655.0
2018-11-12,160.29,1.0,1000.0,0.42,1.6029,1602.9,673.218,673.218,10.83332347674431,96558.1875,143.42781610117376,155.3799927387011,111,111.0,23.0,0.0,22879.9999999992,22879.9999999992,7749949.999999999
2018-12-03,162.38,1.0,1000.0,0.5,1.6238,1623.8,811.9,811.9,20.0,96874.375,119.31811183643306,238.63622367286612,170,170.0,59.0,0.0,231990.00000000038,231990.00000000038,8015090.0
2018-12-04,162.96,1.0,1000.0,0.49,1.6296000000000002,1629.6000000000001,798.504,798.504,20.0,100188.625,125.47041091841744,250.9408218368349,179,179.0,9.0,0.0,98600.00000000212,98600.00000000212,8109370.000000002
2018-12-05,162.85,1.0,1000.0,0.48,1.6285,1628.5,781.68,781.68,20.0,101367.12500000003,129.6785449288712,259.3570898577424,185,185.0,6.0,0.0,-19690.00000000244,-19690.00000000244,8116825.0
2018-12-06,163.55,1.0,1000.0,0.48,1.6355000000000002,1635.5000000000002,785.0400000000001,785.0400000000001,20.0,101460.3125,129.24222014164883,258.48444028329766,184,184.0,-1.0,0.0,129500.00000000316,129500.00000000316,8232105.000000003
2018-12-07,163.17,1.0,1000.0,0.47,1.6317,1631.6999999999998,766.8989999999999,766.8989999999999,-1.914033279657371,102901.31250000004,134.1784413592925,-25.682200217424082,-18,-18.0,-202.0,0.0,-69920.0000000044,-69920.0000000044,8215314.999999999
2018-12-10,163.4,1.0,1000.0,0.46,1.6340000000000001,1634.0000000000002,751.6400000000001,751.6400000000001,-1.62331135602795,102691.4375,136.6231673407482,-22.17819390407435,-16,-16.0,2.0,0.0,-4140.000000000327,-4140.000000000327,8148634.999999999
2018-12-11,163.48,1.0,1000.0,0.44,1.6348,1634.8,719.312,719.312,-1.376953027379951,101857.9375,141.60466876682162,-19.49829773496102,-14,-14.0,2.0,0.0,-1279.9999999997453,-1279.9999999997453,8201104.999999999
2018-12-12,162.98,1.0,1000.0,0.44,1.6298,1629.8,717.112,717.112,-3.586916780025873,102513.8125,142.95369830654067,-51.27630192224869,-37,-37.0,-23.0,0.0,7000.0,7000.0,8218004.999999998
2019-01-01,163.54,1.0,1000.0,0.43,1.6354,1635.3999999999999,703.222,703.222,-3.5874984980354654,102725.06249999999,146.07771443441757,-52.405358112992666,-37,-37.0,0.0,0.0,-20720.000000000084,-20720.000000000084,8370744.999999999
2019-01-02,164.64,1.0,1000.0,0.45,1.6463999999999999,1646.3999999999999,740.88,740.88,-2.151161781123636,104634.3125,141.22977067811252,-30.380808503961116,-22,-22.0,15.0,0.0,-40699.99999999979,-40699.99999999979,8381104.999999999
2019-01-03,164.82,1.0,1000.0,0.43,1.6481999999999999,1648.1999999999998,708.7259999999999,708.7259999999999,-0.1493815362469295,104763.8125,147.81990854011283,-2.208156502560267,-2,-2.0,20.0,0.0,-3960.00000000015,-3960.00000000015,8371369.999999998
2019-01-04,163.97,1.0,1000.0,0.44,1.6397,1639.7,721.4680000000001,721.4680000000001,-4.096945257677991,104642.12499999999,145.04056312961902,-59.42232472848379,-42,-42.0,-40.0,0.0,1699.9999999999886,1699.9999999999886,8332179.999999998
2019-01-07,163.96,1.0,1000.0,0.43,1.6396000000000002,1639.6000000000001,705.028,705.028,-5.041775211261064,104152.24999999999,147.72782073903446,-74.4810464615682,-53,-53.0,-11.0,0.0,419.999999999618,419.999999999618,8292349.999999998
2019-01-08,163.74,1.0,1000.0,0.42,1.6374000000000002,1637.4,687.708,687.708,-6.293920089488853,103654.37499999999,150.72439901818794,-94.86473229567069,-68,-68.0,-15.0,0.0,11659.99999999994,11659.99999999994,8306829.999999998
2019-01-09,163.96,1.0,1000.0,0.41,1.6396000000000002,1639.6000000000001,672.236,672.236,-6.005191630738169,103835.37499999999,154.4626812607477,-92.75780007684196,-66,-66.0,2.0,0.0,-14959.999999999924,-14959.999999999924,8331199.999999998
2019-01-10,164.21,1.0,1000.0,0.4,1.6421000000000001,1642.1000000000001,656.8400000000001,656.8400000000001,-5.050804641708301,104139.99999999999,158.54698252237984,-80.0789835252881,-57,-57.0,9.0,0.0,-16500.0,-16500.0,8334199.999999998
2019-01-11,164.41,1.0,1000.0,0.39,1.6441,1644.1,641.199,641.199,-3.993433606565613,104177.49999999999,162.47296081247785,-64.8824981866767,-46,-46.0,11.0,0.0,-11399.999999999352,-11399.999999999352,8404969.999999998
2019-02-01,165.5,1.0,1000.0,0.4,1.655,1655.0,662.0,662.0,-0.4524705414045705,105062.12499999999,158.70411631419938,-7.180893743181973,-5,-5.0,41.0,0.0,-50140.00000000016,-50140.00000000016,8225904.999999998
2019-02-04,165.28,1.0,1000.0,0.4,1.6528,1652.8,661.12,661.12,-1.593765643624246,102823.81249999999,155.52972607090996,-24.78779339741065,-18,-18.0,-13.0,0.0,1099.9999999999943,1099.9999999999943,8260804.999999998
2019-02-05,165.49,1.0,1000.0,0.38,1.6549,1654.9,628.8620000000001,628.8620000000001,-1.2220650128443389,103260.06249999999,164.20146629944244,-20.06648670222874,-14,-14.0,4.0,0.0,-3780.0000000001432,-3780.0000000001432,8161399.999999999
2019-02-06,165.51,1.0,1000.0,0.37,1.6551,1655.1,612.387,612.387,-0.989207992528804,102017.5,166.58991781340885,-16.47920781757406,-12,-12.0,2.0,0.0,-279.99999999974534,-279.99999999974534,8143699.999999999
2019-02-07,166.36,1.0,1000.0,0.38,1.6636000000000002,1663.6000000000001,632.168,632.168,0.3354853468801576,101796.25,161.02721112109438,5.4022269780104715,4,4.0,16.0,0.0,-10200.000000000273,-10200.000000000273,8135099.999999999
2019-02-08,166.75,1.0,1000.0,0.37,1.6675,1667.5,616.975,616.975,2.486874048290699,101688.75,164.81826654240447,40.98822697485649,29,29.0,25.0,0.0,1559.9999999999454,1559.9999999999454,8139299.999999999
2019-02-11,166.35,1.0,1000.0,0.37,1.6635,1663.5,615.495,615.495,1.311557521201335,101741.25,165.29988058392027,21.680030163352317,15,15.0,-14.0,0.0,-11600.000000000166,-11600.000000000166,8125619.999999999
2019-02-12,166.02,1.0,1000.0,0.36,1.6602000000000001,1660.2,597.672,597.672,-0.6268883840702976,101570.25,169.94312934184634,-10.653537373695963,-8,-8.0,-23.0,0.0,-4949.999999999762,-4949.999999999762,8115909.999999999
2019-03-01,165.22,1.0,1000.0,0.37,1.6522000000000001,1652.2,611.314,611.314,-9.647959766679351,101448.875,165.95215388491022,-160.10997038753942,-114,-114.0,-106.0,0.0,6400.000000000091,6400.000000000091,8145469.999999999
2019-03-04,163.04,1.0,1000.0,0.48,1.6303999999999998,1630.3999999999999,782.5919999999999,782.5919999999999,-16.090732780363943,101818.375,130.10403249713775,-209.34692205592302,-149,-149.0,-35.0,0.0,248520.0000000008,248520.0000000008,8367775.0
2019-03-05,162.96,1.0,1000.0,0.47,1.6296000000000002,1629.6000000000001,765.912,765.912,-17.75841707383919,104597.1875,136.56554212494385,-242.5187854969708,-173,-173.0,-24.0,0.0,11919.999999997628,11919.999999997628,8353054.999999997
2019-03-06,163.55,1.0,1000.0,0.46,1.6355000000000002,1635.5000000000002,752.3300000000002,752.3300000000002,-17.81150570112241,104413.18749999997,138.78642018794937,-247.19951144160305,-176,-176.0,-3.0,0.0,-102070.0000000006,-102070.0000000006,8161704.999999996
2019-03-07,164.54,1.0,1000.0,0.47,1.6454,1645.3999999999999,773.3379999999999,773.3379999999999,-14.766250673141286,102021.31249999996,131.92331490241003,-194.80127374807418,-139,-139.0,37.0,0.0,-174239.9999999966,-174239.9999999966,7987945.0
2019-03-08,164.39,1.0,1000.0,0.46,1.6439,1643.8999999999999,756.194,756.194,14.08628547116688,99849.3125,132.04192641041848,185.99802695799642,133,133.0,272.0,0.0,20850.00000000079,20850.00000000079,8006870.000000001
2019-03-11,164.53,1.0,1000.0,0.44,1.6453,1645.3,723.932,723.932,14.850364220233478,100085.87500000001,138.2531439416962,205.31095421265542,146,146.0,13.0,0.0,18620.000000001965,18620.000000001965,8027490.000000003
2019-03-12,164.54,1.0,1000.0,0.43,1.6454,1645.3999999999999,707.5219999999999,707.5219999999999,15.25587183231017,100343.62500000004,141.82403515367727,216.36493030455526,154,154.0,8.0,0.0,1459.9999999986721,1459.9999999986721,8018075.000000002
