Date,FinalForecast,Multiplier,CARRY_forecast,EWMA002_forecast,EWMA004_forecast,EWMA008_forecast,EWMA016_forecast
2017-01-03,,,7.701342281879158,-4.711111111110999,-2.117647058823662,-0.8565656565656636,-0.3257918552036458
2017-01-04,,,7.507527484143097,1.3390655331570327,-0.1644636999851643,-0.2625996072082745,-0.1425671630144722
2017-01-05,,,7.4713651056318655,-2.426276645092576,-1.443795871014109,-0.7674020297596658,-0.3445291935621225
2017-01-06,0.8297871220678031,1.666666666666678,7.162771244289432,4.406623006388712,1.3226590154714213,0.2510602998856833,0.0111189278160471
2017-01-09,3.075411408980579,1.168981698635068,7.277473605030577,8.694675529868134,4.133308730678037,1.549126555604933,0.5227962963773797
2017-01-10,5.534694144189031,1.2478241264548673,7.4253566147448575,6.172943125140165,4.401973319956365,2.069506820580337,0.8049443492270436
2017-01-11,5.391385133751435,1.2913667923080747,7.77287671007817,5.775869945653202,4.899476821452035,2.661995094348299,1.1375772062371028
2017-01-12,5.1103779595866445,1.1485133202933315,7.852872328588133,8.586510547641854,6.611651418621783,3.7339263589343017,1.6741853828542792
2017-01-13,6.143564420778044,1.079365560173235,8.074123288872375,8.25388520570241,7.382565970241076,4.572103495731173,2.1766680060874224
2017-01-16,6.790797074256914,1.1147312686384725,8.460103138088536,7.409295437213552,7.700803444082791,5.2483005640226015,2.6530047919817856
2017-01-17,7.122078910903684,1.131512200218467,8.856422510076197,6.953806822845258,7.940040788699775,5.868553544281106,3.133164749841713
2017-01-18,7.360747301371421,1.123709987915279,8.998387510647326,2.7397031264918192,6.306790425370195,5.671182447216477,3.311037830999106
2017-01-19,7.028338510870453,1.3002390493648732,9.378887786244595,-0.723109519566862,4.313731009250628,5.150398023328312,3.351945634346392
2017-01-20,5.839180893231062,1.3597291559530125,9.476389722186394,2.2056950891285307,4.695119556814039,5.333866545571514,3.602579106001051
2017-01-23,6.538071667437297,1.2914122740791505,9.587223176852689,6.284391040080423,6.330943837233974,6.07657923032347,4.068095736497903
2017-01-24,7.9790122567347215,1.2333376786134302,9.975170443218358,8.782093776716847,8.02622101108933,7.040766215066715,4.666834374407657
2017-01-25,9.31847640590137,1.2104720102412254,8.984963152097501,12.077419266784396,10.306337496364185,8.331345376621277,5.401311070434232
2017-01-26,10.764332485539759,1.193348557599367,9.416010795195966,12.20063088144298,11.63994390747399,9.507318196105636,6.192008957022025
2017-01-27,11.672404407484635,1.1921342852020278,9.30135722332886,10.471190192436117,11.904926533374868,10.326075286473513,6.897217195475784
2017-01-30,11.686041082793722,1.1948729984898772,9.535039696143434,4.108864808634861,9.4254074326212,9.854593686832452,7.061954849119423
2017-01-31,9.760598655106078,1.220506266410228,9.80167339069516,1.4790472608112395,7.669188720655767,9.529145990463906,7.321573355937588
2017-02-01,8.770691159146777,1.224935353523403,9.873951848447074,6.17632203854287,8.694592368533431,9.87525377489392,7.646921256902946
2017-02-02,10.329010647695188,1.221875287825482,9.935818970784494,2.363718297672275,7.063912319483764,9.387977835300608,7.737219638239645
2017-02-03,9.151932051165112,1.254079390192894,8.89805719693794,-9.642125406778812,0.3939905894233317,5.867072356691038,6.0746342780836615
2017-02-06,3.0064458332977453,1.296817655902385,9.36487105180705,-14.816745616370673,-4.271378237070926,3.4840963061407795,5.27310902025358
2017-02-07,-0.25569307365402977,1.3233980741498066,8.52109251882443,-9.489165111775682,-4.547909715784865,2.457076268948178,4.820582080901698
2017-02-08,0.4848812644107449,1.3761930488201328,8.743935622856483,-8.136957061049563,-5.162117093762806,1.479219667750411,4.431059010648626
2017-02-09,0.37423217594287234,1.3807877248900147,8.794434063774196,-5.616601051848517,-4.8370574442220695,0.9118417256005528,4.154588697567606
2017-02-10,0.9421045135235584,1.3825176934525631,8.807088836969825,-6.2468464583238825,-5.398284533387486,0.088415062442572,3.7444968399095
2017-02-13,0.2761903292992152,1.3880728103481266,8.887652884181334,-1.6213145029123852,-3.6882022268963,0.1710919106212572,3.5979266577933604
2017-02-14,2.0500707021613,1.3951459983570154,8.89522223417708,1.934570784717188,-1.6951653151527228,0.6165797868048517,3.653417007434463
2017-02-15,3.745356085576323,1.3970387928958719,8.776240068823622,-4.46867479983705,-3.626623354337023,-0.3663985093525537,3.012464027238642
2017-02-16,0.9335036566051098,1.402917900747898,9.0220685249513,-5.963892608915545,-4.798248661165987,-1.159762842984641,2.607507782979642
2017-02-17,-0.08207970674447326,1.403898385692446,9.276261034567025,-5.588694440867702,-5.283728313427011,-1.76466420300245,2.2409945108111287
2017-02-20,-0.3144015839234936,1.4037898052203945,9.712908627433334,-6.26187648532292,-6.038005318232044,-2.49084392106676,1.7980248843337672
2017-02-21,-0.9204667717692934,1.403239461575752,9.717975613444946,-7.842708861956948,-7.227125608163126,-3.429077650692541,1.2383526609586373
2017-02-22,-2.1143011999008237,1.4015761991876476,9.893551026869428,-11.996154026059404,-9.654340119274854,-4.918428452137505,0.3762172001773596
2017-02-23,-4.56478988744731,1.4003149438630322,9.954266204627968,-10.90392940616868,-10.467233685356684,-5.983072019385888,-0.3199424247892553
2017-02-24,-4.965469760975702,1.4010989299558627,9.629652444809512,-15.492763528512684,-13.014856161017686,-7.614747800219503,-1.3675734446675305
2017-02-27,-7.808379677844636,1.4013458045772251,9.682027408447114,-14.037317743522298,-13.935746052619594,-8.936159312327446,-2.2714719507571552
2017-02-28,-8.268384552726332,1.4014844078064443,9.95471439047876,-11.884426230040948,-14.00258767242074,-9.91709833313139,-3.0952242319656347
2017-03-01,-8.110458920607085,1.401030370859363,10.427716677206444,-8.168835111797183,-12.814431742930111,-10.29788990088078,-3.721966075225128
2017-03-02,-6.916316445734979,1.4071621853367196,10.883046034223248,-8.27858092246442,-12.64811805242577,-10.885108804333782,-4.423589891133142
2017-03-03,-7.0566309609377456,1.3917113217379335,10.977569164605187,-3.168616402467704,-10.15374742177643,-10.384238699755617,-4.709173802434068
2017-03-06,-4.911768289013164,1.4083352271914682,10.97383461825342,-6.094354345163814,-10.42460942811709,-10.667664705419051,-5.229559319718444
2017-03-07,-5.891295121810933,1.373752002009885,10.209903916394287,-16.251326354946254,-13.664189698712445,-11.243913090280405,-5.628814508813655
2017-03-08,-9.521763935662657,1.3015576983935833,10.294589459951862,-14.612412227162654,-14.743030401539402,-12.4328871819124,-6.549420355433109
2017-03-09,-9.965721918840098,1.3097915280792214,10.376496271630822,-12.529486223973736,-14.99326329253106,-13.37507056337679,-7.433748609831034
2017-03-10,-9.940063406271712,1.3094512502545332,10.667189843010144,-10.662557071628395,-14.758274758645522,-14.074486372426316,-8.25461520163122
2017-03-13,-9.729329352793314,1.311840551482465,13.158954686263902,-0.5854947443418269,-9.70522236223332,-12.108896378358676,-7.829046889431693
2017-03-14,-4.485655902247477,1.3139230354083347,8.3106848371963,2.9980682293693235,-6.686633695199112,-11.100927220628366,-7.901882068897158
2017-03-15,-3.77109008526585,1.311164522261188,7.421667330272153,-1.845974995600853,-6.984450181010318,-10.86374305057173,-8.06180550755933
2017-03-16,-5.429584858715752,1.3350799261887218,9.481772707251732,-0.6800677239360854,-6.000722751853759,-10.439880284608703,-8.25044856826326
2017-03-17,-4.225204849380407,1.3295716148853978,7.714757837141594,5.234133074238461,-2.5914711347858823,-8.712782192298823,-7.764008958905257
2017-03-20,-1.6119904257124877,1.3171209320624437,9.002942918441853,6.472219508551599,-0.5760646536652305,-7.5636767247696834,-7.578906381092029
2017-03-21,-0.0641461541583808,1.317248835708779,10.299410891894594,1.1771678013368971,-1.5219067028568165,-7.291242663859599,-7.534207156103174
2017-03-22,-1.2915220080119594,1.325786202119978,9.53612552766652,5.265251482824222,0.6051401491874355,-5.877947266547254,-6.98039885119166
2017-03-23,0.6759840391242582,1.3264102526842285,8.48586209260325,0.937535442016975,-0.3808895327432486,-5.676912041599542,-6.887734888623137
2017-03-24,-0.9418354531328084,1.3370220089177105,8.862399342275884,-3.045377414912734,-2.1221793158800666,-6.045291002093226,-7.092697119501338
2017-03-27,-2.530720437234325,1.339977465413666,9.778805992432927,-3.6872033475943033,-3.002285968005569,-6.31952759457544,-7.328604325969022
2017-03-28,-2.829954083850216,1.3400907291827426,9.748019184496073,1.6865563884619166,-1.0548470151821856,-5.388579208906151,-6.966951697977734
2017-03-29,-0.528510949700165,1.3374590579334664,9.73796424457961,0.7093765801857094,-0.9587573333360946,-5.14990973949546,-6.950495837387022
2017-03-30,-0.6991736255692818,1.338478661053107,10.1501633428243,3.099656937537236,0.3708284124433522,-4.408227605229842,-6.715055129485799
2017-03-31,0.66912284190127,1.3396571690542718,10.816194469656832,0.6620357014535738,-0.1072341423578081,-4.292071253175652,-6.685398505667586
2017-04-03,0.1054371864304832,1.3396460985281675,9.8883882789111,9.192734339986014,3.838171170904327,-2.051676878834444,-5.3248307228222025
2017-04-04,4.186290855071129,1.346698978032718,9.31760786366144,6.14657111058369,3.99339378923829,-1.38686127942707,-4.945204481727917
2017-04-05,3.5483094819165695,1.3516847316020277,9.767550114358256,2.816131718916034,3.19323586217327,-1.2042947809551234,-4.796688485746974
2017-04-06,2.6440636596334706,1.3523329554353303,9.837786671837176,-2.564453978148333,0.7558790362768133,-1.7776246034899246,-4.8631805937683
2017-04-07,0.37605306630103563,1.3542613688503808,10.323635682724795,-4.974784868532311,-1.1802244230122094,-2.4584531336318527,-5.089580045359628
2017-04-10,-0.9148051665214239,1.3534996287231975,11.46628207458617,-7.489453687885649,-3.3482805211202344,-3.4098704826592945,-5.4357275023598
2017-04-11,-2.2193822468282467,1.3504738407143981,11.529906198683117,-6.035229580727878,-3.9208053758386607,-3.919472841070754,-5.694020790477786
2017-04-12,-2.173123968321678,1.3515087295506794,11.05374931185919,-0.0365521976395505,-1.89126897000538,-3.324130991034623,-5.449928630312352
2017-04-13,0.09527802076910796,1.3538866732481818,10.336955752405718,9.846281178170909,3.105100657893868,-1.1280065540611477,-4.298962012872376
2017-04-14,4.853949114792146,1.3587841752049707,10.301675841751807,2.9543718038179985,1.9178283922881183,-1.044842878587924,-3.958269980112826
2017-04-17,2.7997782809187406,1.3763855433465866,11.030928232381015,0.4524829966153521,1.1215908409742708,-1.1107497480487118,-3.9531652994747706
2017-04-18,2.0750562509723594,1.375833646260578,11.033234951965984,2.1606696112373145,1.7334404702554034,-0.7000915279428331,-3.749536090257788
2017-04-19,2.883874583814206,1.3761941029324716,11.092758667261537,1.1316233398744404,1.471603045209344,-0.6036348166725615,-3.6677189451364263
2017-04-20,2.593096005449472,1.3757015661998937,11.309935788576713,3.310090353622283,2.438958279452254,-0.0462461697471282,-3.387751486268985
2017-04-21,3.749233574621876,1.375866868391451,11.167281491457503,-2.3135884155025104,0.2459406754465157,-0.6616325154317714,-3.426605339646463
2017-04-24,1.380938851618168,1.377798601614498,11.235982436146047,-2.811551902325776,-0.6205166313522776,-1.0057722698577434,-3.531493740918771
2017-04-25,0.9000453022832561,1.377628278475416,10.574831326933303,-9.582368409406646,-4.236552286196886,-2.4869600020261324,-3.888222628407124
2017-04-26,-2.644681764348924,1.374678751466539,11.493048464058498,-12.652244825866756,-7.210868415910121,-4.09151622832039,-4.555420032997753
2017-04-27,-4.6658636497355035,1.3709418125532646,11.378676779357782,-7.924261242561672,-6.817277987923215,-4.550376158128183,-4.838491446720002
2017-04-28,-3.5120758526600646,1.377097788787629,12.147348645084852,-7.253493771426988,-7.134181046435111,-5.207453371228811,-5.258803216286863
2017-05-01,-3.4886911561425897,1.3727889008225234,12.45231811919548,-4.539265090674401,-6.346086887699585,-5.389346591465751,-5.526210139224414
2017-05-02,-2.5684553420626113,1.3737126026494937,10.612795301411404,0.1184255463384567,-4.14200987976879,-4.836058470519086,-5.477338520927145
2017-05-03,-1.0228940716871677,1.3733122691001047,11.345234750394903,3.835846561907215,-1.6707325071994183,-3.945652545027317,-5.284125820238513
2017-05-04,1.176064345167352,1.373723854912397,11.121147495570307,5.342470029516107,0.2030908989019192,-3.0737054883599297,-5.069826850746733
2017-05-05,2.341831264179129,1.3738019963784671,11.359354652655698,11.223826689019722,4.07026843875073,-1.0902444415096857,-4.183090904019276
2017-05-08,5.895639436239464,1.378767044066061,11.508839831903568,14.71675748622438,7.5575262300639,0.9489377667526396,-3.3257154431896008
2017-05-09,8.667550859387562,1.379904382187721,12.004347730383554,11.101139842033565,8.044202954914908,2.0178808478700896,-2.76137353985117
2017-05-10,8.408386077401282,1.3826763416676677,12.060102391805644,9.421292578711755,8.394623925184439,2.9693501850780835,-2.2214137101993976
2017-05-11,8.464065513389562,1.381935385381459,11.423298999091582,-0.7669580657126858,4.099491570706616,1.9618547468066236,-2.1427051930686893
2017-05-12,4.052831299004351,1.390338349277385,11.159375042482573,-9.411515990476156,-1.016168510596355,0.1346160600253676,-2.554822133247393
2017-05-15,-0.4700970052106952,1.3920422890816686,10.421018699333477,-3.806672928204862,-0.7457976964610731,-0.0103833598894298,-2.445480086234053
2017-05-16,0.9505643063615087,1.3926928647477226,10.461228827027073,-6.230116740390039,-2.550490891135474,-0.9109417219072756,-2.702663593724431
2017-05-17,-0.5386915512198261,1.3934194947849763,10.755818358985852,-5.991426436298404,-3.431471212206546,-1.5809653352996906,-2.9791292874232638
2017-05-18,-0.8993764685056567,1.3934428279398525,10.969104600947302,-9.997464865097127,-5.940692219519715,-2.935397138274761,-3.474684540979536
2017-05-19,-3.16907335637814,1.3924931857749776,11.052146061204272,-5.597408121924543,-5.235401083122249,-3.1855926089118127,-3.6461981981085674
2017-05-22,-1.8419091090215156,1.39275760762096,11.627803301205086,-3.709424811831065,-4.7211934982033545,-3.4024855857481,-3.863030299887935
2017-05-23,-1.1329934142691425,1.3924548465446693,11.650628534565826,-7.180620461516479,-6.200258793801125,-4.282871314292219,-4.268757073019886
2017-05-24,-2.8563227971690495,1.3890081604484579,11.264516341404104,-14.598111301013002,-9.90228636305413,-6.046343877182849,-4.8937934886845
2017-05-25,-6.662776419544375,1.3779722181273253,11.9198501543639,-18.101772787052575,-13.279123624903306,-8.14945092106435,-5.92245220174086
2017-05-26,-9.19009750727556,1.370308558758619,12.255686289569656,-16.737260291468594,-14.77797870999824,-9.7863876225312,-6.91518553870102
2017-05-29,-9.855158715994198,1.3702516921693622,12.818816486304916,-12.31511584489813,-14.22830583055272,-10.615594098561091,-7.656223709923702
2017-05-30,-8.795628446379093,1.3744705848885657,12.614374476403668,-10.520763821758424,-13.894260997300114,-11.386308954264091,-8.408741149052299
2017-05-31,-8.67450186157552,1.3727345396898136,11.773762125241134,-10.770050343053152,-14.123769722886385,-12.240631550996092,-9.193171986157669
2017-06-01,-9.475837522928025,1.3711691136172595,10.680275701144646,0.1428436552316072,-8.569755231032572,-10.05281396611094,-8.3869004752083
2017-06-02,-4.372110071369682,1.3505546296790911,11.001980966542137,6.991973820236681,-3.8889679930268377,-8.23384205341984,-7.977157162033007
2017-06-05,-0.5692205584238729,1.3514178562255486,11.577657691541686,8.454323293506897,-1.0079353717138078,-6.848661792025905,-7.7331379473197
2017-06-06,1.2008434484876775,1.3516174954644182,10.009734742624843,13.599547119642471,3.4099990999875383,-4.322857882399524,-6.717185697486415
2017-06-07,4.342636307599163,1.3588371596477808,9.96472918598144,11.114045139699012,4.738682659875064,-2.973819465668171,-6.249196776599044
2017-06-08,4.516420845754131,1.3608234575729277,9.18241469740168,14.999926280609976,7.958377033155606,-0.6502877136516916,-5.102099279183799
2017-06-09,7.250299259694629,1.373769954351774,9.354281657634647,16.86104997682285,10.760849248665012,1.5172326445791702,-4.130526587838381
2017-06-12,9.476349735538244,1.3788640273621817,9.867797708324993,16.585711550007062,12.602594753812758,3.4293057445759625,-3.185767789910336
2017-06-13,10.864088278595696,1.38221211884967,9.28299041756416,15.548330108934254,13.73184775847779,5.101436979407311,-2.250090194860769
2017-06-14,11.484253926455477,1.3865010742220214,8.135183262474555,19.01349412573833,16.073034142876025,7.207325584218231,-0.8864166759959689
2017-06-15,13.956274528136518,1.4085119442998282,7.44338210168305,20.0,19.47205479696901,9.68966496264662,0.8418198106427973
2017-06-16,16.60779175524183,1.4454901387129935,7.653095868678163,20.0,20.0,12.129901168794095,2.3191868688755948
2017-06-19,17.95280649698192,1.4454247312828277,16.8799125611322,19.013627659316647,20.0,13.671227201333448,3.5582775836806366
2017-06-20,21.141746976612914,1.4456281856857465,7.2930562726156625,4.163354859340305,14.096067451818062,11.42293429081563,3.5082197409784937
2017-06-21,11.22611880062907,1.3865009233771204,7.736067477451126,1.7965007734507414,11.540169578854396,11.063742158214902,3.926353640708217
2017-06-22,10.040956023935133,1.3921474012998725,6.9099518939135685,-3.7936892482467504,7.35728244412647,9.597937819890598,3.873082827476713
2017-06-23,6.624505857745867,1.383300480464553,6.446966400381648,-12.469634992388324,0.90380144157474,6.456461782528993,3.040069245730311
2017-06-26,1.2074969042064,1.3791567122390407,7.136023664492941,-12.782557148680164,-2.173349279977245,4.686794930304212,2.608492599826655
2017-06-27,-0.1448825943211336,1.380898880906092,7.592856276018332,-10.4003791136619,-3.4656576636818053,3.4284178556243163,2.270486146269233
2017-06-28,-0.1587474735622363,1.3821519226304528,7.347532528811754,-15.723257637224409,-7.342564240698362,0.7766575718125351,1.2498383549462764
2017-06-29,-3.8135796519742593,1.3926516177743713,7.542197815291186,-14.21677535300942,-8.89904174692505,-0.8575293392928651,0.5704059815692337
2017-06-30,-4.418402485110199,1.3928737716567714,7.795935896421297,-7.157583852361733,-7.209364929284878,-1.2451640489122555,0.2688476298263931
2017-07-03,-2.099298742791701,1.3907560265010184,8.015582699683119,-4.377126424460808,-6.1309691012633385,-1.5524815885185002,0.008920386949831
2017-07-04,-1.1234016368339654,1.391700981137953,8.4957056914779,-2.0241102268909863,-4.848486083093828,-1.59321928562493,-0.1558864729093599
2017-07-05,-0.03507862966049865,1.3920491399934056,9.236110926527406,-3.01542786395862,-4.801899493746434,-1.9546938112349197,-0.4352901442984573
2017-07-06,-0.2705943281724026,1.3930921562375602,9.086243998173211,-6.115590867926664,-6.022688950340316,-2.789830396011423,-0.9048963364163626
2017-07-07,-1.8819399613345402,1.3946985288752887,8.400474829633168,1.5581508549573768,-2.799713919713202,-1.874278918848328,-0.7386332859259702
2017-07-10,1.2650185051199545,1.3913535278600861,9.13106601193542,1.3752657057924234,-1.9959621941027967,-1.6484640920855962,-0.7752427025271444
2017-07-11,1.6945452957464286,1.3920151084348038,9.939572714796354,1.4247348883241924,-1.3570206213788334,-1.4186833015047362,-0.7918427125252868
2017-07-12,2.1710692157895224,1.3922891985405579,8.506360005078909,12.002067287223444,4.121426686333868,0.9545249099335732,0.0784634070576468
2017-07-13,7.147058571305616,1.3924916205644466,8.05748124173778,20.0,10.189695823668565,3.9486588733340495,1.2857380379353431
2017-07-14,12.170577449184492,1.3995097619641135,8.27229948817417,15.656379458488564,11.003714954651045,5.293813936109362,1.9986955921486496
2017-07-17,11.789432625808326,1.3960283704937633,8.477637381878417,10.680259694613602,10.46420947231126,6.066368488669809,2.554337961951965
2017-07-18,10.6705980738299,1.3951115565152494,8.707665322486838,7.021757395007849,9.39808685802634,6.465365463548418,2.9967012764899708
2017-07-19,9.64984541661818,1.3949065649985128,8.807387562240722,1.4449461666450605,6.734417320934261,5.978839140168141,3.097625103137549
2017-07-20,7.257137438249847,1.3922183730270499,8.100746037821544,0.1481867086370656,5.261809851908324,5.710567852325352,3.2568011661521643
2017-07-21,6.2630953297369825,1.393154246338825,8.06943366054254,-5.152029127530684,1.906429690068013,4.404041144458543,2.9568430490467006
2017-07-24,3.3907256659702503,1.3913844990274855,8.527698169921724,-4.813400254528593,0.5450576740815308,3.692786932391808,2.845426241260554
2017-07-25,3.0063847665317063,1.3921581943512644,8.802980011715839,0.3361725500710706,1.7174090556274082,3.838442047344836,2.983741937567259
2017-07-26,4.927317225371463,1.3935709399888245,10.051783060684302,1.0509992301555096,2.039297794778681,3.8758121525218265,3.1228347740734224
2017-07-27,5.613694651040434,1.3936176801453535,9.576481386545542,-6.481941532218096,-1.3820294197573793,2.237424338121264,2.4979270422541724
2017-07-28,1.7962502308220312,1.392903789174344,9.512865005451278,-12.579003975427923,-5.381120014191126,0.1933299617079086,1.7062206513323006
2017-07-31,-1.8256865754809584,1.3941416385703824,9.271384151581875,-5.631737674377304,-4.207891325543964,-0.1027065755514984,1.451289416323165
2017-08-01,0.21804974499068605,1.3971493577484047,8.800698024843006,-12.350136263011654,-7.432534755561895,-2.023542414001276,0.4837030901201756
2017-08-02,-3.5078706636669703,1.4007040573245255,8.707330692044927,-17.741263671976117,-11.365678800770182,-4.366647462662891,-0.6051378649049006
2017-08-03,-7.119243665730338,1.403005840661806,8.952460169909102,-16.875400729373066,-13.257129565711868,-6.180239888202575,-1.5639131204201564
2017-08-04,-8.117054060071373,1.4031585260774773,8.928478292551516,-12.065913074579004,-12.74208021807342,-7.080791285101977,-2.25873191470062
2017-08-07,-7.072516675462363,1.4022177648887149,9.179935664784708,-9.094990101600716,-12.005288638918456,-7.740759501447341,-2.888538906665819
2017-08-08,-6.324374659452416,1.4023226630859262,9.530017999638725,-10.375904451027056,-12.533602420266334,-8.698753059813821,-3.642835746562439
2017-08-09,-7.213465856958125,1.4022479826184233,9.565223608447088,-9.396083937146583,-12.478593889240752,-9.46360448230219,-4.3604649598684295
2017-08-10,-7.3296257496855475,1.4023416522420944,9.834447376244148,-8.039686271802044,-12.071081494913525,-10.016550352236472,-5.018050624156632
2017-08-11,-7.099258421252998,1.4024101134751463,9.855630394531488,-10.939264086363345,-13.150044683071464,-10.93407638621088,-5.7820967105719845
2017-08-14,-8.672436035964488,1.4010464709173613,10.107498967304917,-11.75669881563412,-14.065601704334023,-11.99194295364332,-6.66665174286504
2017-08-15,-9.630123415627317,1.4008105783058034,10.34888127333948,-12.232950128009255,-14.863577258496864,-13.029515703245949,-7.573510963358086
2017-08-16,-10.460793249635719,1.400348704736229,10.187558151243378,-14.432532768542154,-16.27920112444892,-14.229588836720094,-8.528507939979644
2017-08-17,-12.09915925305778,1.3977037883005066,10.59312069838599,-16.299179037842322,-17.89904778833833,-15.638967860412668,-9.616166829126886
2017-08-18,-13.625410923828245,1.3943249865230236,11.142081600007412,-13.649459056581136,-17.79380108666588,-16.552279514694312,-10.611070289165944
2017-08-21,-13.23882841588173,1.3946023353554127,11.437846780626948,-9.982562554552612,-16.580130326541997,-16.92801762584485,-11.422465549597916
2017-08-22,-12.131179434350308,1.395179707249758,12.030239868788817,-6.848715139322359,-14.948709597709495,-16.960579925586135,-12.101210797039837
2017-08-23,-10.839548485216326,1.3958066521545505,11.903708580861938,0.5684363133279844,-10.551519983377158,-15.259166758692302,-11.868874168573532
2017-08-24,-7.044668118021338,1.3973403924906918,11.76033290755595,-3.215547616714239,-10.22310749746192,-14.787641767067,-11.98095991821013
2017-08-25,-7.935890557570211,1.3948591748843933,12.089837508128712,-4.173738282556374,-10.060322858770196,-14.839180998980588,-12.515323305187898
2017-08-28,-8.226955726231393,1.394459405791906,12.42597335372708,-3.3443867609520783,-9.36576740599009,-14.6755543615642,-12.953969396234266
2017-08-29,-7.7865048197129365,1.3947458675547282,11.898219160510717,3.521331428962103,-5.517507589852227,-12.683396607952236,-12.31610035595516
2017-08-30,-4.22116568699462,1.3979726969129482,12.516557472218278,5.621392538454846,-3.0796799183548247,-11.439718155921424,-12.216035253519967
2017-08-31,-2.4042617241905786,1.3982357601102609,12.554562250035907,4.455067785157554,-2.053514639132513,-10.575679509853364,-12.183029346874164
2017-09-01,-2.1812577971419667,1.3977774237103597,12.908281098062576,3.5507250093266265,-1.4082947272979351,-9.846660510423668,-12.162621319835948
2017-09-04,-1.9450759184119177,1.3976117166169246,12.806039272211873,-0.2540595077234498,-2.35983672735791,-9.66657117622046,-12.212716675195438
2017-09-05,-3.265521225954559,1.3970568850841396,12.263280163517615,-9.538335292080548,-6.339327250695563,-10.216656196496302,-11.847272718360037
2017-09-06,-7.1785214686790395,1.3977791192063846,12.304794420754371,-11.330521495124133,-8.682321634106799,-11.33076704575558,-12.536930657061047
2017-09-07,-8.82481802537439,1.397404500027616,12.651218939985824,-10.459183360413386,-9.74369426879887,-12.139362811876632,-13.16830200080277
2017-09-08,-9.182426643068958,1.397233062716032,12.678892090451193,-9.69435733001531,-10.368550007198705,-12.825845111126052,-13.78215850190893
2017-09-11,-9.494351038741824,1.3965559206562377,12.224340787617743,-0.6929400781925021,-6.563666567826183,-11.182081787112091,-12.972689804856698
2017-09-12,-5.355996164743109,1.395732973002536,12.879648547163455,1.2422086183675822,-4.764270418707353,-10.528544742916967,-13.0346490861749
2017-09-13,-3.964511194941234,1.3954036501156795,12.905458185092408,3.3478735743988026,-2.791155331938564,-9.599753101273588,-12.920199350940877
2017-09-14,-2.52929144623426,1.396198934124502,13.486859101579364,6.122749980528678,-0.3845646384242412,-8.284902852036275,-12.559978814248112
2017-09-15,-0.45287478471333986,1.3979021422481785,14.196393752208964,5.449543701795319,0.6775506597138582,-7.388681443247026,-12.369680122726532
2017-09-18,0.157910828963304,1.397128037901645,20.0,4.62062200360546,1.2802677684891468,-6.635858732041688,-12.194123253152592
2017-09-19,1.975727445165593,1.3970818915400482,14.007269752669336,6.964638196716892,3.0029341172790884,-5.345427765962663,-11.654708180770388
2017-09-20,1.9512132006655332,1.3987780754585275,14.326483611729405,8.842320685653034,4.82466148346375,-3.956908625208351,-11.08838074843668
2017-09-21,3.623914105449243,1.3993916948157252,12.7682899495036,0.0284808524260713,1.862793180375985,-4.050187803575337,-10.385874228524404
2017-09-22,0.06283579991566676,1.4057103273097864,13.620454882979482,1.2228922732975005,1.8613423125159867,-3.635653581440004,-10.090552482180218
2017-09-25,0.8380671223288673,1.406868879768462,13.838331467255328,-1.8651532840147955,0.3310877199385579,-3.880792777698815,-10.049966675030689
2017-09-26,-0.4575220872577712,1.406467573708599,13.968744283839651,-6.41679314051161,-2.313066112754345,-4.7271688229102455,-10.204399259458745
2017-09-27,-2.7245808946820866,1.4054833321808844,13.768606068472732,-12.499262105034513,-6.227263211098269,-6.253414981092253,-10.46548107847036
2017-09-28,-6.083498159349876,1.4032269208205295,12.098071502502911,-2.0858714956553683,-3.2490343537148774,-5.072853101293317,-9.276944886909696
2017-09-29,-2.125233808922446,1.4006437343076672,12.691808317277715,2.7876577782810448,-0.88048429235524,-4.236717545775403,-9.022976887814474
2017-10-02,0.3752613149053404,1.400973844073495,11.72378903732394,-5.747578658742855,-3.6741270323746966,-4.856342203207736,-8.524384250697876
2017-10-03,-3.1102546968423037,1.4037164418992782,11.550068864938398,-14.095287119931651,-8.107980229694487,-6.601071043244844,-8.840544968117138
2017-10-04,-7.314751893123293,1.401571928060767,11.814473834943978,-12.464610999949697,-9.44489488053962,-7.734317084106069,-9.450539840518314
2017-10-05,-7.647781544209525,1.4017251962741297,11.625125925015684,-3.9511282924258646,-6.751919696203417,-7.113557585446846,-9.180309883288244
2017-10-06,-4.304758162561301,1.4002137335741833,12.11816027249237,1.7140329920077968,-3.85823919327644,-6.242248794745269,-9.010613156654346
2017-10-09,-1.478877448919116,1.400741860331385,12.40006892344382,5.027013596929177,-1.2266740937168017,-5.191611934011982,-8.759376083418843
2017-10-10,0.6303830496133086,1.4012121678721516,13.016162440683122,6.807452445861187,0.9737718345183792,-4.074351545198335,-8.437673549509935
2017-10-11,2.3223887688450953,1.4015011496045902,13.6032517896426,3.9891814021432817,1.088434358708359,-3.6042257890068674,-8.275085058735714
2017-10-12,1.9062186255550713,1.401310544675666,11.847919814500974,-8.61938546138494,-3.9569974551416296,-4.711426943941213,-7.647774040503305
2017-10-13,-3.682897369919939,1.407010962990439,12.142834957584352,-12.370845131618252,-7.2590874192047234,-6.249597341460551,-8.338834763651796
2017-10-16,-6.208883841718642,1.4062819616469817,11.83907376066417,-6.464731313176579,-6.359856721559087,-6.280884388357377,-8.368035800183552
2017-10-17,-4.396095390789747,1.4059016337630879,11.83118065966673,-2.0493989263770125,-4.813472903899275,-6.007805282876522,-8.437165353382868
2017-10-18,-2.6650924651795984,1.406134628149263,12.065023278946864,-3.188383505067106,-4.938443097982474,-6.207254783966034,-8.644399071523662
2017-10-19,-3.0681084250810398,1.4056537605783803,11.792290525098943,-4.327723594755121,-5.407173391908668,-6.572517459949183,-8.962181602836786
2017-10-20,-3.7883437914265015,1.4054529611210922,12.078174376926702,-5.845524265112568,-6.265536286052988,-7.11753278567273,-9.349007299924825
2017-10-23,-4.636487101224563,1.4050449476873303,12.194623543052268,-1.5251046347000794,-4.675053988003983,-6.6677308557581085,-9.280663078783908
2017-10-24,-2.7974621467641816,1.4052049913030016,12.497296920707354,1.4833873002594442,-2.92821790915573,-6.054224120806493,-9.226001804978864
2017-10-25,-1.188237649513261,1.4052805244481046,11.302714338788151,-4.321653632646428,-4.606579642785382,-6.428717450004398,-9.179030219032672
2017-10-26,-3.722205179888558,1.4063818446349077,11.845503988165262,-2.779322013620434,-4.297024982946915,-6.399780350147716,-9.30441450486022
2017-10-27,-3.075510266815192,1.4062641141400276,11.847763383279016,-1.1182013646624605,-3.5916065672032307,-6.205753282535406,-9.408580253213067
2017-10-30,-2.3839836267980217,1.4062513511541948,11.426446061449903,4.931870381661529,-0.5185750137832045,-4.810889846880111,-8.784544206955154
2017-10-31,0.6310846214391516,1.4059674453026587,11.45117810545927,1.211094831775959,-0.9356406172543426,-4.606369957253635,-8.624993822626914
2017-11-01,-0.423480344120748,1.4071625250295017,11.448856231427795,4.8290409923173945,1.0303290646275216,-3.519733870843248,-8.10936408729106
2017-11-02,1.5986414389344732,1.4074707824636923,11.105727897372669,11.659986781129822,5.000356588380841,-1.3682538932437545,-6.940693038637971
2017-11-03,5.484140583937648,1.4092885694501565,9.65708755506497,20.0,10.66228715491572,1.954234495394747,-4.778514928240913
2017-11-06,10.650479009312427,1.4202496639416857,9.815786877729472,17.37212736495782,12.28129617967238,3.759711708695,-3.817877305217576
2017-11-07,11.196463151619652,1.4204727635486933,9.231636615683149,6.589745321541868,8.98403385910293,3.5967956959969247,-3.295251134434863
2017-11-08,7.138223117940931,1.4215625898532358,9.598487644745491,-0.8129421614378243,5.384821475034471,2.861037852126955,-3.2344408020957154
2017-11-09,3.9226965005196894,1.421579594662639,9.706747537976234,-6.331523782082564,1.5630823318599754,1.6162031136893635,-3.431951748586473
2017-11-10,0.8880417379841323,1.4219782204035125,9.666756108231324,-8.547695768053273,-1.278345343574795,0.3956799852102741,-3.754577417440766
2017-11-13,-1.0008277916682171,1.4223648289713908,10.12117504466432,-4.968584476503566,-1.4508879388318836,0.0014908988071416,-3.804133088185296
2017-11-14,-0.028710666952680406,1.4221711952509888,7.94584836521793,9.922180230196284,4.464886064730803,2.0481435904201364,-2.1801571628401004
2017-11-15,6.300488145917776,1.4189712663062435,8.169492249344943,12.55492491140906,7.510078299550074,3.64261070982817,-1.4408965279160184
2017-11-16,8.640448588131921,1.41943571320183,8.23389277621596,7.37760395884171,6.965067013561386,4.023037724503811,-1.0345178897548286
2017-11-17,7.251655616182705,1.4182734025756205,8.304475249162191,8.90574418432637,8.145582189324449,4.979573239876265,-0.4064047372581152
2017-11-20,8.501780375558436,1.4203262491037616,8.24352400229494,13.197711829229387,10.67168058747174,6.506604620602274,0.5045859091573335
2017-11-21,11.13589623240698,1.4231502136256622,8.722175814796222,12.193970260118654,11.625261957421984,7.677344512637857,1.2786785937200429
2017-11-22,11.8114096841696,1.4231495010730812,8.96791898927345,10.314642436743524,11.747700648911,8.530786281069311,1.978255645702312
2017-11-23,11.825518275778158,1.4234131456914048,9.181343859731465,6.533997898361194,10.508684442975042,8.75233995949243,2.469512060550424
2017-11-24,10.654015383893045,1.4225885317715312,8.85252767813418,9.786528387500557,11.522064582089882,9.545788474263034,3.1853016502918785
2017-11-27,12.222932593794386,1.4248429229595514,9.320953775278957,11.469721713894993,12.75150331474305,10.650550518160074,4.031647831571257
2017-11-28,13.752198673431876,1.4258554993479555,9.299642287623138,15.029511208069392,14.837505733952764,12.020209571180878,5.006671388168091
2017-11-29,16.0403406790227,1.4272406245517404,9.431734710612009,10.592295762107211,13.976710282239145,12.453625986527516,5.6825626444170645
2017-11-30,14.852503509133319,1.4243745924505113,9.661896401824016,6.271054040342165,12.282262234134194,12.46676561018147,6.2099988944242925
2017-12-01,13.349793468527878,1.4234624205570665,9.327080650324142,10.995656330435786,13.396422020630792,12.935364092687442,6.775872958832274
2017-12-04,15.22754237018724,1.4249887231893141,9.170725265081362,4.5345972687734415,10.68580385981972,12.1154144935668,6.884689550537196
2017-12-05,12.31071468712412,1.4185717439814534,9.095144994897527,-4.8890304709020445,5.382360413202509,9.818042764744328,6.310050165431789
2017-12-06,7.273138086757394,1.4140957930829914,9.87002958883553,-6.477723899160643,2.7180761552393915,8.60886538805757,6.195019916995085
2017-12-07,5.915758825938802,1.4142878599377926,9.280625324957306,-0.5536713116163062,3.4719222282412816,8.314892441099975,6.244123660859593
2017-12-08,7.5844475399951605,1.4172356033538092,9.464011849124484,-1.517828956375943,2.6276709282838357,7.723400843525591,6.248911392005335
2017-12-11,6.956207173500381,1.4169640907404333,9.96830670231812,-3.2161082270452908,1.3347198203102175,6.944849452617887,6.163675167698528
2017-12-12,6.0063683890321595,1.4169008906453582,9.9524417880815,-2.444592844356572,0.9331343945483296,6.458141838912,6.154386572774881
2017-12-13,5.96700009123721,1.4171032752406514,8.83340762358756,9.44804183413898,5.533759447597754,7.073951178815801,5.917891735150421
2017-12-14,10.476227871544792,1.4231278184109026,8.97202085229718,14.366071422954231,9.314613111265288,8.779877909736152,6.739963597012513
2017-12-15,13.717310459950104,1.423768447446134,9.463952128835324,14.828408318842389,11.569253218215398,10.27193782561175,7.605503482212265
2017-12-18,15.31768290292406,1.4251909445016928,5.63279226629034,12.466938683588031,12.180776203674831,11.260818813161734,8.352853848690245
2017-12-19,14.218126239604743,1.424828135486736,6.654340426833594,15.805239566991997,14.272607884253985,12.505144053808245,9.031472905064057
2017-12-20,16.655818217093916,1.4292225714685867,7.078838828796465,13.360438136401651,14.585299868605896,13.49594337742331,9.871194980690731
2017-12-21,16.666078306312933,1.427092717822722,6.5182039483881535,15.98526279980637,16.184281972479774,14.66008087121703,10.631626931449874
2017-12-22,18.32271712369727,1.431921910513003,6.701851258896343,14.73480677853631,16.804235634489405,15.842555565045844,11.644066781634134
2017-12-25,18.825713598781352,1.4321029257710989,6.359095071516115,12.90048677199921,16.752687243077055,16.7254992956905,12.583748357535082
2017-12-26,18.721984349675928,1.4330641176204952,6.493035290764966,13.043167921868546,17.102810569775695,17.61230197449317,13.503084634398157
2017-12-27,19.463423926687824,1.4363217602311533,7.198013840540013,13.338381369032511,17.57649413930634,18.54402550723292,14.479212802454342
2017-12-28,20.471218571273702,1.4388763659957657,7.392632756622579,10.698896827964404,16.808683015473925,19.00552212696573,15.33230222721202
2017-12-29,19.903390980019143,1.4373162394229813,7.600916684845505,8.571065621064182,15.792721439842186,19.24837977418873,16.11359167667868
2018-01-01,19.35501567698345,1.4373957737003573,8.05373245100644,4.266019312777797,13.405725864828502,18.69045353690859,16.506597203322592
2018-01-02,17.46861829469365,1.4336747638684006,7.558865668882127,-4.141115314606786,8.094112771755867,16.079447483424754,15.608202765825222
2018-01-03,12.307369725516539,1.4244801346024918,8.215568041046955,-9.652173330355703,3.3725110265426466,13.734533274027363,15.024729775128032
2018-01-04,8.735319130945632,1.4229143341311425,8.325556947779482,-13.23816249600731,-0.8747481347973898,11.255165911596988,14.301444561166832
2018-01-05,5.62636781402616,1.423009441848763,8.237981042982582,-11.196355858149694,-2.604049617202546,9.636223496646975,13.905021457610216
2018-01-08,5.119711178717211,1.4238173111757917,8.768874784810022,-7.957616918487874,-2.936430467551935,8.540641588614276,13.627667531051951
2018-01-09,5.709981391475844,1.4244231151705182,8.719735870368883,-11.041506838597147,-5.263863490694035,6.442580288068021,12.58213445030302
2018-01-10,3.262978083263177,1.4262414475425038,9.230746324387749,-8.215780937402226,-5.394664175735016,5.375027125710164,12.129227034224302
2018-01-11,3.7462106648142743,1.4271762200185076,9.122743403144826,-8.282907069717435,-6.139139651045095,4.171461999597173,11.597236236912575
2018-01-12,2.988958288216026,1.4274742291087161,9.37977237979386,-7.221074156386102,-6.351355521501044,3.232267367831018,11.162615509352744
2018-01-15,2.913014816877838,1.4276369377913383,9.299612918104073,-5.97934158340743,-6.24435768385753,2.4847388968928628,10.766101548712456
2018-01-16,2.9488877868812113,1.4277902617515277,7.918071060655322,-16.150868058639926,-10.265903473250486,-0.7326107415449405,7.420256056261103
2018-01-17,-3.4027647671446952,1.4404999054070933,8.451436165981441,-20.0,-14.732668840346893,-3.6484483019978153,5.838146847835755
2018-01-18,-6.961069393861621,1.444712768544451,8.359224998561661,-18.34887423247192,-15.905373777332738,-5.49977443136676,4.733750799200453
2018-01-19,-7.702053996276982,1.4444395411950104,8.682552893945894,-10.303359880644765,-13.680301575645911,-5.9427932119700415,3.974109397465138
2018-01-22,-4.988429133545534,1.4442643619249784,9.125890014986934,-9.765839186261475,-13.367427045401826,-6.818088296299795,3.145062309162186
2018-01-23,-5.112015972465551,1.4456729868291112,9.07993030265968,-8.55450118577029,-12.885823433550696,-7.531877511498703,2.4202258343196843
2018-01-24,-5.0524159746943145,1.4458569924997668,9.632563279171988,-5.972025625386026,-11.63963583641112,-7.817318614411793,1.8386146493582416
2018-01-25,-4.035848038385424,1.4457319267333995,9.584264830358563,-4.346715009082701,-10.478561285990152,-7.968457292986814,1.324798255104711
2018-01-26,-3.4366320296373116,1.4458255400881856,9.854240191920123,-3.259749192446457,-9.425237310611188,-8.018200300886809,0.8646659638886793
2018-01-29,-2.8873072131736635,1.445926509343868,10.06928634282628,-0.2527293301458295,-7.42979341503048,-7.540067965735557,0.602165017926223
2018-01-30,-1.316004013102085,1.4457962191994884,11.031335767655124,1.543116380939268,-5.650701217704238,-6.978440574042993,0.4344726678660873
2018-01-31,0.10981875383170868,1.445809142136171,11.314776197696863,0.4114902314145329,-5.084304778810114,-6.744829119016574,0.1846972446439391
2018-02-01,0.02366407005363583,1.4459327173442666,11.456367871467611,-3.498650141711861,-6.117394297017628,-7.075398794892332,-0.2848232769276229
2018-02-02,-1.5964764485241332,1.4461102937840238,11.52984461484998,-11.70568791158601,-9.564812879513743,-8.217183858931945,-1.1983917295442317
2018-02-05,-5.541278597770086,1.4463383680640491,11.484895353781766,-17.144155218984597,-13.3356186107917,-10.097159318862651,-2.3290656190918466
2018-02-06,-9.088406968175581,1.4462265771578362,11.106301466794942,-10.935834827592206,-12.407390403198358,-10.40092893759902,-2.931170941538944
2018-02-07,-7.388854342787703,1.4448839435392242,11.419143255012642,-7.868573728204746,-11.647429108306683,-10.79498878419107,-3.5353594872576743
2018-02-08,-6.48100372831053,1.4448975928714984,11.794158288353309,-10.364697080898786,-12.568844593092663,-11.569831332122522,-4.290326162747557
2018-02-09,-7.800022381926791,1.444473151681972,11.802589459880654,-4.804159633242547,-10.35722901681723,-11.118774113138578,-4.592947432152698
2018-02-12,-5.506840416268697,1.443809661166251,12.118978371067705,-1.6711330699301046,-8.457134175829099,-10.72965770527514,-4.890334789104598
2018-02-13,-3.935744156755703,1.443856080954877,11.09335989336446,-11.501276834796364,-10.90852512742872,-10.706359705222296,-5.096663924628236
2018-02-14,-7.832763165760534,1.4441219552000213,10.29574477831511,-6.2104407147500265,-9.40180555701327,-10.325171493555397,-5.310242098696439
2018-02-15,-6.040637357898577,1.441547785295626,10.680008037833549,0.0348929916308402,-6.5115286673153605,-9.387272173575598,-5.313169498751118
2018-02-16,-3.02489061633101,1.4408262568096766,10.980912208351103,1.7078777211641565,-4.767915845016224,-8.7584504139246,-5.410303994912649
2018-02-19,-1.8004323083094194,1.4408345029401026,11.581775114031188,3.4222486356470627,-2.9449161272468825,-7.920579482139689,-5.378826515276849
2018-02-20,-0.3574237507275342,1.4408780900475207,11.837490374067134,5.631295009631456,-0.8233130851346909,-6.792693457726165,-5.177092608528218
2018-02-21,1.347528894219159,1.4409958530873859,12.167368511013644,5.002584610134018,0.1601386859473155,-6.000065957894246,-5.054868833617669
2018-02-22,1.8084471281952068,1.4409576714210497,12.489582249961554,5.33053515237828,1.22736274177671,-5.127662745620195,-4.855382021389123
2018-02-23,2.6123164062381234,1.440970285273192,12.450977153528074,6.201672628780572,2.4477140378204654,-4.142820415057867,-4.565010511568588
2018-02-26,3.571497341931835,1.440987638533666,12.86213420893224,1.146946469622107,1.0193446020233392,-4.077013201257029,-4.513229273404503
2018-02-27,1.8558713952683135,1.4413006365421326,13.21082081348734,0.574903008842842,0.6309067727740181,-3.9005966544065993,-4.492505379220695
2018-02-28,1.7363169536886915,1.4412789247760827,12.303691204387952,-7.057232413121811,-2.950923188537914,-4.825436330034181,-4.679532502181617
2018-03-01,-2.0783601492288852,1.4414171565721055,12.650253652896588,-8.133151090517073,-4.792297307919184,-5.699663934192319,-5.120512128385032
2018-03-02,-3.1985414537826733,1.441385560292731,12.511350507076688,-1.526108811591402,-2.9417249156906213,-5.084627951010952,-4.922802997733898
2018-03-05,-0.5661323168889535,1.4413367087004127,13.058409118856376,-2.877091010895346,-3.3498967141798834,-5.2758441435871415,-5.081212631016141
2018-03-06,-1.016076318444691,1.440983267826967,13.409505794580967,-3.8863178000269385,-3.933126591153597,-5.6168706064430935,-5.3448187889111285
2018-03-07,-1.5478859019094724,1.440797747189553,12.338496149467392,5.789048871944656,0.3832896411877816,-3.5839499147403435,-4.371861652654
2018-03-08,3.0406330520202713,1.4403725243393586,11.463786011886697,14.516510587221424,5.737396586153477,-0.9126088917910328,-3.1996982384071915
2018-03-09,7.957710351807803,1.4413329224838356,11.78327745343859,15.599106689222644,8.764686784934828,1.0507028719397165,-2.383625976040717
2018-03-12,10.035555808571546,1.441304244965439,12.390287909569947,11.599224964156887,9.117193393378669,2.151501292550383,-1.786216905373434
2018-03-13,9.650231678643522,1.4415383564002129,12.369309507286664,7.951154999922255,8.540357867137644,2.799148939353437,-1.3279622488927454
2018-03-14,8.745212041123773,1.441581403730756,12.555224042416674,11.37205626118612,10.163689479305672,4.186537755673055,-0.4840391640898475
2018-03-15,10.895797248599063,1.4414921039574489,12.224862222796553,3.998563463215824,7.498988598266262,3.893874478261111,-0.2203502696995236
2018-03-16,7.9000837307567515,1.4418348422014076,12.096679739348383,-1.169310570107072,4.729738142624555,3.26638281383141,-0.1949564816608864
2018-03-19,5.399286442668342,1.44146000570301,6.218571282844096,-3.537341051976759,2.5430631128877126,2.5796524728879624,-0.25095071320094
2018-03-20,2.1776269120525766,1.4415651554309774,11.552854584708868,-7.566199874406138,-0.5502073518375232,1.2852326297177663,-0.5668267862444148
2018-03-21,1.1979891457686633,1.4416744558023242,10.773223196779224,-0.3911956597090541,0.974972233175414,1.5409101250608803,-0.3324815316394968
2018-03-22,3.62340757011268,1.441816174206122,10.6823681622635,0.1560221990139536,1.1670987331530194,1.5377113157743356,-0.2433746889851982
2018-03-23,3.835416254447785,1.4419047041828728,9.767950789504464,-7.416652702952063,-2.31019373519358,0.016909565514959,-0.68235095861989
2018-03-26,-0.18004393232124816,1.441880909530143,10.253883951764616,-5.079440243712804,-2.5782613498477933,-0.4515027314316317,-0.8511685778554596
2018-03-27,0.37298786862167155,1.441765298154891,10.170558603033143,-4.609647427167037,-3.0183606421560154,-0.9575915187499257,-1.0673980828406602
2018-03-28,0.1492567847551153,1.4419247618235185,10.822521690306438,-4.633779384587597,-3.498562239234947,-1.479711493890263,-1.3149267935291302
2018-03-29,-0.0301268700451506,1.4420535681798365,11.127441115516016,-4.031211710695365,-3.644145623691015,-1.8733955763824404,-1.5389698076840297
2018-03-30,0.011455834865402335,1.4421320738577958,11.399256583525364,-5.0082279354934975,-4.340801751783433,-2.4634338302123515,-1.8514869620058052
2018-04-02,-0.6532629084647472,1.4422763924680997,11.236875673026278,-10.064174915810144,-6.931884988708024,-3.815846317434978,-2.4432123312244123
2018-04-03,-3.4674797977450504,1.4425901657686433,11.278161060234094,-5.648271410224081,-6.111418002403318,-4.015781728064559,-2.676632589507221
2018-04-04,-2.069021149524151,1.4420390883429108,10.490439032989912,5.062873739904823,-1.2071662000347598,-2.282875854666488,-2.081695899814866
2018-04-05,2.8756974565983064,1.4405028810200446,10.473826424054767,11.744838918562468,3.369177545606582,-0.3146050878264291,-1.3868435798561405
2018-04-06,6.882658744579528,1.4407069315344263,11.023693903832262,9.072790286674037,4.441411892981958,0.6243397797273549,-1.0013094403998084
2018-04-09,6.961988487495493,1.4407536295713192,11.148171978955228,10.661132558297629,6.44152807999673,1.9754567461940007,-0.4058291147722158
2018-04-10,8.594681679260427,1.4410712657668245,11.371872159267465,12.15659730629284,8.43826396933136,3.4444825783880377,0.2901664495945043
2018-04-11,10.290319977842913,1.4411654770713425,9.266473930722814,-5.953223175018842,0.478409451209131,0.7832945721118574,-0.297959943013149
2018-04-12,1.230401576326677,1.4383949753303824,9.015911088624538,-4.61305287836182,-0.6633517214010027,0.2620231428480856,-0.4362628223524584
2018-04-13,1.0257181002139335,1.4384871526611283,8.301556543527926,-12.256276341503815,-5.167948046530921,-1.7435682155344914,-1.1285599362093304
2018-04-16,-3.4530614551462575,1.43939982648543,8.504462945524269,-14.535443373398046,-8.286898886534926,-3.5598218076127943,-1.906806669151036
2018-04-17,-5.697589798027984,1.4399119397274414,8.62912441691352,-16.340455472231096,-11.08445617606372,-5.470658922031465,-2.804555679940688
2018-04-18,-7.801098499263625,1.4408588472799153,8.796189273721499,-11.979680599279147,-11.02938798093532,-6.407674656250642,-3.4249136854729785
2018-04-19,-6.924305010993806,1.4398357961458423,8.999761107180511,-11.19036040565005,-11.5019506814799,-7.450731672935452,-4.12437021439737
2018-04-20,-7.279170026194839,1.4404128378110688,9.25183841164502,-9.876072860364284,-11.547865397661598,-8.293677049898388,-4.794576960342302
2018-04-23,-7.277976215816112,1.4405926886705747,9.59057616307897,-3.800131422147996,-9.014172165482242,-7.922778132728684,-4.9874900661487045
2018-04-24,-4.642907929864258,1.438858680215009,9.340168300794415,2.659311463458451,-5.308805738947183,-6.761924873454366,-4.837077921593219
2018-04-25,-1.4111135992403372,1.4374685004184615,8.696992116557393,4.802189403246173,-2.823067066070833,-5.819084888810423,-4.74784938487718
2018-04-26,0.03138910191439264,1.4374908477627497,9.176148789881193,7.267625770205967,-0.1778281926553295,-4.551308933170339,-4.455421483911152
2018-04-27,2.0869895370611014,1.437475859194119,9.002135838020155,10.13968061482873,2.73273616628679,-2.9431370544180986,-3.946062923201048
2018-04-30,4.309029662441464,1.4377471673584143,9.398661092468917,13.292343485052465,5.916250782013361,-0.994415038122152,-3.20520739924829
2018-05-01,7.0217872630127,1.4384408527867307,8.374336539233585,0.7370549200702627,1.9939240583923887,-1.4181255370230206,-2.952047771585536
2018-05-02,1.9418249553211397,1.4415619559606692,8.254903449567603,3.51666005421195,2.7395593698118947,-0.7182468003013681,-2.5813135461592
2018-05-03,3.232881763096934,1.4417623570638247,8.26447205722329,8.322782548283561,5.091340848505915,0.6241913501177708,-1.9751931308234576
2018-05-04,5.863408304444528,1.442228824197718,8.268150732998716,12.999002387979942,8.192987344001006,2.4454567850667863,-1.1254208192974482
2018-05-07,8.885278380185653,1.4433442901434075,8.194020510447984,14.12739340409066,10.375341612841716,4.11612406372661,-0.2974575366805736
2018-05-08,10.544734942236683,1.4438741700040751,8.823943474924214,8.293850313534714,9.199233861927514,4.541094750474768,0.1598565991437098
2018-05-09,8.952656702923099,1.4431399129713898,9.316101532759294,3.584976108096942,7.358409533419324,4.500891646899257,0.422002089977161
2018-05-10,7.267128699452644,1.4428994472548873,8.981072215041507,6.856619299256132,8.182664973367046,5.23875399474544,0.9899139127511096
2018-05-11,8.734058026101932,1.443692515831861,9.499237425044258,5.184999800368903,7.703476650525202,5.55954921113588,1.394316721568616
2018-05-14,8.471157896467044,1.4435415461119407,9.76512576345299,4.432190439188921,7.347666039545466,5.851609878227388,1.7886583414983015
2018-05-15,8.426748802920061,1.4436656649421291,9.996168079016185,5.518160300000996,7.708262728895258,6.355486176279063,2.266260095492685
2018-05-16,9.196016752394689,1.4439014137347843,9.414071783802838,12.78036356986792,10.66022360627532,7.633782972952305,3.0391887937034614
2018-05-17,12.573564543604778,1.4443198875881456,9.960354919373486,11.8623028228377,11.672729471591763,8.719509405975453,3.808417583696598
2018-05-18,13.292820047963183,1.4441398102268246,10.173418353534228,12.30877217193879,12.80161086783383,9.87015804648995,4.639224842619762
2018-05-21,14.383419785288643,1.4443161240410822,10.31710336432455,7.353577679156928,11.346825211476594,9.983954803749834,5.107485512644428
2018-05-22,12.734128202338983,1.4434858676277573,10.594641090260868,4.060899083892374,9.761922510644752,9.91190124084388,5.50978121555488
2018-05-23,11.500977417174765,1.4434267322269756,10.577433784254078,-4.285147620272073,5.007552810070795,8.00724247699169,5.073060437766444
2018-05-24,7.032701353252285,1.4423011533989234,10.829172156109996,-7.783042132776543,1.6335722493032074,6.5518975576957095,4.812147374062309
2018-05-25,4.628113633643059,1.442341859006396,11.134278955045245,-7.72200263741001,-0.3009124964296488,5.409210750206188,4.5941555958517
2018-05-28,3.7832124510781493,1.4423523789005093,11.221780315738204,-2.5563629384629265,0.4524145431355735,5.128630751542096,4.585736942501477
2018-05-29,5.434243659677389,1.4428064089514006,11.442047561554965,1.7635947978324928,2.0172770323894,5.391156483972697,4.799789661033265
2018-05-30,7.333910533940294,1.442895517670372,11.122009672022816,-1.9392919254946697,0.6922628615724884,4.612774885132703,4.579456518306053
2018-05-31,5.501824309623044,1.4427448297877437,10.953726083597616,0.4944125625142396,1.37092153816773,4.610471596602849,4.654198804775114
2018-06-01,6.372866508561719,1.4428872159626478,11.608074198424733,1.7510238839038434,2.003250574824605,4.7382750148867245,4.8137637921355125
2018-06-04,7.189763259947483,1.4428938440260064,11.61747176282906,6.451735231285868,4.3096875894624365,5.521939579168325,5.147796283451351
2018-06-05,9.53686503796166,1.4428532906208646,11.756823578314714,3.2201729946855115,3.7842193376334343,5.43952800404456,5.229086806149498
2018-06-06,8.49182295838024,1.4427237178042127,12.087979926224277,2.014822331338317,3.427848841551916,5.41946217034987,5.379158178242841
2018-06-07,8.174123294633057,1.4426991724304676,12.66018652270769,4.439114481273474,4.436155023658826,5.858341640575176,5.660857112324161
2018-06-08,9.53640677280766,1.442521005910209,10.4645072962431,-7.5916323914264465,-1.06702854180106,3.0794495476231902,4.161761527743773
2018-06-11,2.606312179463677,1.440419825570178,10.99091405831417,-6.961725304374084,-2.467051466087469,2.152297987570121,3.8329493966566246
2018-06-12,2.1745570812003683,1.4406030536941357,10.96297208206522,-5.262027454330285,-2.885360496389804,1.5547015368566748,3.607992445251406
2018-06-13,2.298744068951833,1.4406266842688913,10.583483274082203,6.486169830374642,1.897257203811681,2.767943344946626,3.651780862104937
2018-06-14,7.32249806329022,1.4421955101751096,10.55343246528716,3.7098258150929886,2.0567790936858934,2.8815069271715164,3.680569899115045
2018-06-15,6.5989566880791095,1.4419464544009273,10.706209765105127,-0.6716073098422869,0.6604400401208264,2.398821014308026,3.53200395734001
2018-06-18,4.798542695916874,1.4430954371049067,20.0,-1.6420603759885872,-0.0722788370363293,2.0601730948198616,3.445905719253959
2018-06-19,6.862879827349803,1.442282057224441,20.0,-7.082140986917708,-2.913071320405106,0.7273303724516234,2.8657545209483706
2018-06-20,3.9231180351105364,1.4425484612671708,7.854826532962951,3.057332498873342,0.5340675288899249,1.5580667512664077,2.82663488738272
2018-06-21,4.571319114127383,1.4437937739834348,8.074242996458032,5.6081876829768005,2.428903827240668,2.33375605440823,3.1392576366610507
2018-06-22,6.233555829420815,1.4439990895977395,7.942476062471688,3.3505939174199493,2.400617305215689,2.5027004703169737,3.250280443847436
2018-06-25,5.615365812489137,1.443786091002321,8.11698316208601,4.398366572836315,3.243813734748408,2.996156531535068,3.4938505107348425
2018-06-26,6.4264705744700095,1.4442045313601832,8.317131080975532,2.507596615777216,2.881359522994408,3.067629653801224,3.6073766395447855
2018-06-27,5.886394646664334,1.444082144778643,7.235685577086863,1.7938046765858389,2.640466180546096,3.132733967536837,3.72758031217982
2018-06-28,5.352669479193526,1.4443041771559546,7.776522058871133,1.0254675713958648,2.2602938318477173,3.100054013679661,3.8113346240035937
2018-06-29,5.192401679637421,1.4444465356903295,7.562402676298702,3.548716312891029,3.240079964475987,3.545883462570291,4.045823943623306
2018-07-02,6.34159980357571,1.4450227557769082,7.697782491422794,1.021087352241767,2.429763451413309,3.360341634922623,4.064396391436304
2018-07-03,5.366511034548258,1.4446787666260676,7.8447273364630545,2.762466548119204,3.0423635205289887,3.65873771087126,4.257138545975921
2018-07-04,6.233270306227408,1.4451993880426663,8.065748815450034,2.8782776108209958,3.287976644886544,3.885015712804652,4.459498633717253
2018-07-05,6.526312275605202,1.445376218764038,8.000924267350335,7.545595461428529,5.492826387133453,4.830124164301695,4.844259295063618
2018-07-06,8.88377305361036,1.4462217999016906,8.063433890444179,14.177237301046508,9.255865300653834,6.5314835740403066,5.482532354915577
2018-07-09,12.595461813800329,1.447403114065287,7.884294137894863,12.078822627504874,10.209305795212108,7.592224213574517,6.131250973984162
2018-07-10,12.700466016035794,1.4466575087378315,8.473369163588847,10.303358509122052,10.572638568335211,8.452593561378572,6.766776718104867
2018-07-11,12.897519678401833,1.4469245355946865,8.706701908528911,9.14183654439303,10.703473015213213,9.179831919732145,7.383319217797114
2018-07-12,13.058938299200062,1.4472892864582574,8.488357531488651,10.12522986488026,11.46894018662107,10.070989783738714,8.055347901984588
2018-07-13,13.962552969391686,1.4481312608754908,8.535749457352084,12.967666286262562,13.132520034376952,11.268526889513575,8.81787106671792
2018-07-16,15.860785173250948,1.449205844389243,8.609335843549243,8.086578696320876,11.77867312185444,11.367738176213049,9.219607255556827
2018-07-17,14.19938274150026,1.4470875734188187,8.563028097490708,0.6062358663472671,8.1730988908482,10.266565970641746,9.081146514615194
2018-07-18,10.600236566775258,1.4445645680148245,8.787398436147832,-2.666965962425529,5.5093482302221055,9.375668127204886,9.106759145165904
2018-07-19,8.69868052823921,1.4443777312977462,8.484204414738214,-6.685740733727028,2.189462455277684,7.865824115064552,8.759015048043318
2018-07-20,5.952429532934975,1.4438697201653918,8.57171181191663,-10.450234087093683,-1.3427857301147308,5.983140322689373,8.175322058317825
2018-07-23,3.158274549857352,1.4438282762424504,8.26931669116792,-16.36283852894409,-6.126935956798947,3.080124147977989,6.849438837032212
2018-07-24,-1.24031246398835,1.4452841645331709,7.883954106989566,-20.0,-10.438703622891977,0.2403839792217806,5.616074761586724
2018-07-25,-4.831960365195899,1.4468428027385114,7.398073754029596,-20.0,-14.56453094014566,-2.8226158095404403,4.1001890068945865
2018-07-26,-7.506508660311516,1.4497551658793038,7.28172445612652,-20.0,-18.473478655074143,-5.993243180765885,2.4030930606375054
2018-07-27,-10.108091688984338,1.4530676061115773,7.46457910203242,-20.0,-19.591941514841228,-8.188014782439035,1.1220953013606572
2018-07-30,-11.386809426388623,1.4526481167381617,7.661819708196587,-19.382840161009607,-20.0,-10.034646059121153,-0.110104201378721
2018-07-31,-12.168946418647888,1.4533288425499218,7.861471161298509,-17.2908863822447,-20.0,-11.611339894576124,-1.3079230174054586
2018-08-01,-12.314572406086697,1.45395003445357,9.768702992595658,-13.297882545006065,-18.944811330728044,-12.539472586396064,-2.308666223061571
2018-08-02,-10.850741179397447,1.4536605050099811,8.243709911326416,-18.162792968607054,-19.831108680563265,-13.486642188568371,-3.504656539870421
2018-08-03,-13.62103171367518,1.4570600528347302,6.337280469566687,-13.312889765805338,-18.55940235149269,-14.10035543262043,-4.436623433885062
2018-08-06,-12.818164927243856,1.4542303147282545,6.719082106712574,-14.831005928327368,-19.05201296637784,-15.12123994846078,-5.51505100850046
2018-08-07,-13.924439733116797,1.4565244131694286,6.047919716263441,-5.153009267529329,-14.363500135028447,-13.689579879648354,-5.647337785102399
2018-08-08,-9.508221954417529,1.4491807507611407,6.167597728020499,-4.6287352647997375,-13.002624912274278,-13.640353421078776,-6.231138927620411
2018-08-09,-9.08994300695377,1.4504338748197574,6.0786833435863326,7.176493429964477,-5.408294278412719,-9.716156484749712,-5.087353485463143
2018-08-10,-2.008293132195161,1.443438749157384,6.198456597174942,6.63829488234663,-3.158151588127842,-8.545274480920167,-5.005516663736483
2018-08-13,-1.118513842271998,1.4442905439258418,7.046919534125762,7.578521884223837,-0.9157365868695856,-7.248124148104993,-4.8070687098530485
2018-08-14,0.47791001116673787,1.4442627760178945,6.81853808437562,13.244607686306672,3.396218814300177,-4.632273460959695,-3.9087775353052217
2018-08-15,4.311426225517492,1.4450112607829024,7.171023434102494,8.300778401219931,3.475233572666632,-3.6555818069284793,-3.5757742708168263
2018-08-16,3.3875735352480416,1.4457435372540026,7.701841852876962,7.455070975057943,4.120723691077026,-2.681060052939126,-3.2482002908314653
2018-08-17,3.860205565658379,1.4459457521201398,7.338680264377876,13.35693958823896,7.425756562066256,-0.4050403461022338,-2.2236739461408064
2018-08-20,7.379082445540417,1.4472953844716239,6.93472304908788,20.0,12.012793484350452,2.553177904935206,-0.8391316215335207
2018-08-21,11.793309840674853,1.4501791155688986,7.091989721836031,20.0,15.343718195999488,5.148482953209696,0.3946712347882248
2018-08-22,13.923825957755836,1.451037534721246,6.954486711573871,20.0,17.05593799052307,7.272744609720842,1.561933579063324
2018-08-23,15.34080880533806,1.451488214245227,6.781628141158249,9.768741649136375,13.654345794368009,7.252901444634065,2.041618046248824
2018-08-24,11.439736921213665,1.4480960073447284,6.005049972462012,15.371214281401416,14.746064528072694,8.311128757704294,2.9056226603530826
2018-08-27,13.737246310465915,1.4509414053283403,6.148753974509671,13.35685546141858,14.995883299352574,9.469123324960217,3.796970572283176
2018-08-28,13.853443701662389,1.4500883002774303,6.292800215315864,12.950350799832982,15.44031710406596,10.630058894798736,4.725208544894911
2018-08-29,14.521244462250566,1.4510003400420988,6.44078723148096,9.181354363655144,14.247736299292756,11.086984558546389,5.420814286055825
2018-08-30,13.45001450892686,1.4500526389679451,6.56670885610223,9.50677297774993,14.176340081352532,11.78048547200767,6.1970819552745855
2018-08-31,13.996408269264078,1.451085001706037,6.751722769422893,8.365267316417084,13.698844666079635,12.30686689569561,6.937690613914106
2018-09-03,13.94905780644499,1.451200994213558,6.781785954516575,2.4797413870630174,10.7098739193212,11.555987274262806,7.13263368697397
2018-09-04,11.201885361629548,1.4487686139009905,6.240893944889752,-6.346551262913987,5.200289621299147,9.194492021149566,6.527077960508788
2018-09-05,6.0184819322423175,1.4456243866823117,6.09559029570609,-7.688099723266695,2.380724689916633,7.877784852068212,6.376902427071837
2018-09-06,4.349839149764664,1.4458111184877935,6.542539601029401,-4.390978475062544,1.8786420635670495,7.222976177275026,6.367444588674215
2018-09-07,5.097633713385816,1.4464963687621135,6.13819396317714,-10.940106075045588,-2.308950860831359,4.629879500054179,5.275115028558585
2018-09-10,0.8083790829338805,1.4465658949078177,6.290269703337146,-13.004056161221657,-5.202404303979868,2.772213166468307,4.657612903060779
2018-09-11,-1.2981702126534627,1.4467952358747331,6.1441203206754045,-11.867506032135427,-6.641089454825395,1.330173640722527,4.113535942643231
2018-09-12,-2.0027847253777233,1.4469387103072555,6.637034726855786,-7.293354150466685,-5.973705283803963,0.6812583664674603,3.770964264318588
2018-09-13,-0.6302724357448158,1.4470379161371318,6.449883278273286,1.7325827861297185,-2.1762874923810966,1.3675065357824838,3.75685593871977
2018-09-14,3.222388579005424,1.4475435495616402,5.9371634744740645,1.6569868571338666,-1.1377801750262575,1.5070184721337396,3.7521996989897226
2018-09-17,3.3918395326824604,1.4475754173870234,6.881955460888899,6.732864863859384,1.905901524865416,2.528257881945111,4.003240068361598
2018-09-18,6.38835697936864,1.4484612064749365,-0.6622868674443749,9.49584444522625,4.525040993547445,3.735974645826462,4.480290421104008
2018-09-19,6.253146441238517,1.449174035600739,-0.6694088775602367,12.57683269489582,7.407781744272958,5.252278015439232,5.1065808219901845
2018-09-20,8.607963427918497,1.4504186740589484,-2.013326495503979,16.012280068866232,10.60279232985992,7.093609981846823,5.907657110963121
2018-09-21,10.92052152820093,1.452080652334065,-2.0662598105541155,13.67831750308453,11.544146484999384,8.329900511519426,6.6479934461577255
2018-09-24,11.070680369518774,1.4515461110771453,-2.744067168385607,15.922226879138384,13.566618002692042,9.863157250612264,7.44358080858122
2018-09-25,12.805571803648903,1.4534768644218619,-2.379145003179212,19.43911678799368,16.326572740005705,11.758951290560889,8.419548134536758
2018-09-26,15.593241900234116,1.4555427150226428,-2.5651643002137368,8.460221691405236,12.496105473363464,10.84778403320766,8.199271073803567
2018-09-27,10.816669039047655,1.444602551230238,-1.766283364476178,13.388389319580764,13.620742587215808,11.31893098952914,8.332380257876817
2018-09-28,12.99156961534457,1.4469108761801106,-2.1112081487931,14.882995053230072,15.229952936120274,12.768413723372973,9.329015157810396
2018-10-01,14.50888491947832,1.4480165329751435,-1.8592178726522692,14.11496797025897,15.9547087234283,13.963033040618557,10.300042839356433
2018-10-02,15.203208053493569,1.4486548447822538,-1.5701587157023549,8.456892794160243,14.035865379512272,13.96361265105384,10.784027434171731
2018-10-03,13.201269590634292,1.4452814045510198,-1.60966494880544,4.280578507752426,11.85722693661384,13.700219529734651,11.211162783356254
2018-10-04,11.392067315042482,1.4442450749611295,-0.9561174190638568,-2.9890761907132166,7.39913417149475,11.940514711106118,10.812002728210691
2018-10-05,7.548957619459021,1.4402857530691537,0.3157407128807736,-9.800174797657444,2.272528386188668,9.510046717191134,10.054752220086886
2018-10-08,3.554036187458538,1.438544039353906,0.6097889439147498,-16.7325565291747,-3.62250385079147,6.157975874918713,8.65064977716909
2018-10-09,-1.4214142653262465,1.439655919757926,0.6268510750393377,-16.98358048535008,-6.891354836336653,3.9011703799023194,7.902609359571316
2018-10-10,-3.2955654242301913,1.439827742334362,1.2640424945182471,-18.50029897953408,-10.096580515713478,1.3690568336871949,6.810656722556126
2018-10-11,-5.5216196753328255,1.4414410504210606,1.291752224541776,-14.23819453237769,-10.53262622185439,-0.1286786158802795,6.077816946185638
2018-10-12,-5.053932011773778,1.4415151555911785,1.3051130530873665,-7.273950041695251,-8.56654571730735,-0.5728219442607687,5.61609041519359
2018-10-15,-2.7368824741560576,1.441661154935062,1.6206176841695794,-9.549813850795152,-9.367275539682073,-1.8329471094830885,4.751732249356935
2018-10-16,-4.149560397520598,1.4430556607097615,1.6556221240530888,-11.214320233402413,-10.611440800515302,-3.20673923995485,3.955816538345115
2018-10-17,-5.60757950126731,1.4436851119287517,1.9768343618224933,-14.986636484367358,-12.905201034521316,-5.04593208095766,2.8041684319753744
2018-10-18,-8.140262587470255,1.4455250923414993,1.326089162451722,-9.679382481322332,-11.7522844363977,-5.615557035233969,2.125404950751132
2018-10-19,-6.817484044278543,1.4446436051308942,1.3610134885375529,-5.8143638635022965,-10.279693708972156,-5.869227509834963,1.6461656171494974
2018-10-22,-5.47637725446781,1.4444889845049285,1.6469099417627873,-10.58872241208729,-11.63878591893282,-6.921422684653701,0.6725168280719914
2018-10-23,-7.762400011254635,1.4466163705686994,1.6649170583044672,-6.723292059849255,-10.454459338962993,-7.146684596074954,0.1366663364759162
2018-10-24,-6.511911637643227,1.4456231973059093,1.5895213278186846,-12.004414008882,-12.229496594970486,-8.203094752027143,-0.8336786430536802
2018-10-25,-9.17504909197226,1.4480290996923595,1.3020415579284788,-10.113130474778217,-12.324486066170271,-8.984110045539385,-1.567548668507269
2018-10-26,-9.172964107355078,1.4474226742305105,1.308040376484983,-12.40094530593821,-13.63254773751872,-10.117465409311295,-2.4807443919878835
2018-10-29,-10.81645182278121,1.4490072928904394,1.655333505691662,-14.81849198136806,-15.412001362840712,-11.555553819956458,-3.531317282629087
2018-10-30,-12.665874136898195,1.4504449133371355,1.6741986521586116,-17.006406796730847,-17.355147171067134,-13.162667030069908,-4.6928288654393
2018-10-31,-14.677918720651542,1.4520271778231153,1.3558140207544689,-11.646134190604528,-16.093720552987406,-13.590956020455502,-5.458573718648633
2018-11-01,-13.171027345694993,1.4494818712000619,1.392488376221086,-9.653823141375549,-15.37535874917802,-14.142933264844649,-6.273408200023038
2018-11-02,-12.775857401022932,1.4500541684647954,1.0672413597093515,-10.027136826101108,-15.353068242339749,-14.802003904364264,-7.125218919552175
2018-11-05,-13.420174069062385,1.4511375359166268,1.0759359124976016,-4.673410911919023,-12.769047552326578,-14.255231572175129,-7.497953033440112
2018-11-06,-11.044179400697075,1.4486180802891833,0.6917624080639766,4.544740672388377,-7.194102254396049,-11.81516719123933,-6.978638762258495
2018-11-07,-5.995949845200207,1.4447093602522372,1.3238458566272115,-1.4650481613882955,-7.298981707499566,-11.150223703641933,-6.959620814420131
2018-11-08,-7.399620542621257,1.4480650254146301,1.1647035456527328,8.06249594234554,-1.5990230957154523,-7.671215317709061,-5.587802365806053
2018-11-09,-1.6258463011952557,1.4436975019406415,1.3129596334842684,-1.3517335097329997,-3.44626705273632,-7.185281659477647,-5.281272715023421
2018-11-12,-4.6233201597261395,1.449171719745091,1.347181106120528,-4.772846728865521,-5.041659094334562,-7.709471059198751,-5.7014207340304015
2018-11-13,-6.343014156630029,1.4496186546196055,1.6270206595532668,-9.120259002399187,-7.500634461054724,-8.655936181202764,-6.247115794902013
2018-11-14,-8.674966625692822,1.450812531644475,1.0772447452967768,-14.071563034510843,-10.731778932783442,-10.08509814502425,-6.976807950132856
2018-11-15,-11.846544096528973,1.4522093671040959,1.1032642194321025,-15.397998173392304,-13.05831584962092,-11.628923990203734,-7.919885829194523
2018-11-16,-13.630588132887635,1.4530967687056677,1.695411490675596,-15.41577708948966,-14.640970767279764,-13.038394291461104,-8.881688963917368
2018-11-19,-14.621921933659648,1.4540084631396788,1.672306661009491,-7.141920733567358,-11.850562268553084,-12.458235869409195,-8.981192562277377
2018-11-20,-11.219402707822637,1.447306128840702,1.6986310659674844,-0.914382306717594,-8.665213559373113,-11.61400682841031,-9.063864788251358
2018-11-21,-8.255456163130178,1.4453418274209164,1.7100501533740595,-3.247083519508397,-8.36672400304854,-11.518055826281214,-9.3259758229989
2018-11-22,-8.898319374765173,1.446985240047998,1.7467050718201873,-1.1251224042923915,-6.909803222536021,-11.05547345980269,-9.506952207824904
2018-11-23,-7.765309876512607,1.4460191781094343,1.7848875563946958,-2.641154505019026,-6.851328045921584,-11.022996525801274,-9.818134189526027
2018-11-26,-8.261475212103752,1.4469078753393578,1.833857485130272,-1.940913686778124,-6.248872912720877,-10.827464357180329,-10.088701840358542
2018-11-27,-7.890955420244755,1.4467086833624019,1.5107983008735557,-7.00402535722991,-7.975862879532512,-11.212499405019283,-10.323646269816797
2018-11-28,-10.141670924700945,1.448593438633181,1.553364327784141,-7.490031000481381,-8.79348468111243,-11.755092708801737,-10.88377707524618
2018-11-29,-10.827128134667367,1.4486769796197154,1.553854056919087,-1.7721881242210344,-6.590354981937796,-10.914270966432062,-10.754151417141475
2018-11-30,-8.2346398725302,1.445834822811713,1.260363116711039,3.337732874958195,-3.671009684817739,-9.679561056410572,-10.516117757932268
2018-12-03,-5.567271785839639,1.4446493130401628,1.536057727201252,-2.3624804162811945,-4.748025985708908,-9.492304256019953,-10.337736748694851
2018-12-04,-7.353706088931352,1.4473241111519595,1.261749011640224,-2.504790605953991,-4.806076044931717,-9.46417149850294,-10.577314299573205
2018-12-05,-7.550981237343788,1.4470691058341703,1.5539732219847977,-7.914214764726708,-7.0798438684527225,-10.049105486641183,-10.753064267053738
2018-12-06,-9.921999666833777,1.4487947156306666,1.903902719290968,-5.932975655539034,-7.080368545224211,-10.227188786255368,-11.062973072440334
2018-12-07,-9.381291740560858,1.4477479310572663,1.1832447388348548,-12.739950253851047,-10.058898570765058,-10.937367634727227,-10.934094202706392
2018-12-10,-12.60533782818644,1.4493203393445409,0.8555033194892419,-5.21811740826582,-7.838627854558663,-10.10922175413711,-10.52718353756091
2018-12-11,-9.472521236882006,1.442326420203474,1.0967909911551734,-9.68981400828224,-9.46228424935179,-10.588917617419302,-10.570763563606064
2018-12-12,-11.324918528706025,1.4439528069562368,0.5626918549041923,-10.894474113938967,-10.831303656063772,-11.588135228325855,-11.286161803068318
2018-12-13,-12.722581191125375,1.4445205800017507,0.5780395232620383,-10.633745440796494,-11.59258979206038,-12.43786096832822,-11.99364443972148
2018-12-14,-13.316878552788141,1.4449800378683644,0.8906656630246423,-9.966099407793273,-11.966065764402304,-13.15359585246926,-12.68418407849544
2018-12-17,-13.551691928706138,1.4453818499931839,11.288755953654045,-6.918805813860431,-11.0334558588117,-13.30697664092116,-13.169195419806112
2018-12-18,-9.574696171632445,1.444597053005205,1.2485029346751952,-9.413434885802555,-11.858725115777805,-13.842957021634302,-13.618791408427647
2018-12-19,-13.732576492868782,1.4459786485076849,1.0860806454521206,-18.21875299480103,-15.032404699616292,-14.190694831972356,-12.903569699309806
2018-12-20,-17.113240103025152,1.4439276278366067,1.395705395053107,-18.32816050269973,-17.132388372357152,-15.902084735026705,-14.066798433200177
2018-12-21,-18.48948885245926,1.4437305011178942,1.420706274841477,-12.976284482125198,-16.262714579902543,-16.438601901071415,-14.773914899492876
2018-12-24,-17.0076862189529,1.4405770764223225,1.742047751559335,-12.008009590684464,-16.195767835713998,-17.161581862140174,-15.591812267156651
2018-12-25,-17.072583986667578,1.4415729369356753,1.7911291222687962,-10.183039381543852,-15.637260573053227,-17.67890053473637,-16.40645714692961
2018-12-26,-16.755494841592277,1.4415925991344378,1.826950406822804,-10.792305971397315,-15.784992189617054,-18.27596898706428,-17.17910795148091
2018-12-27,-17.371471143699576,1.4426832160354555,1.8767649604027044,-10.391312733382794,-15.738399634469346,-18.85428625383401,-18.02939024744176
2018-12-28,-17.646134642632237,1.4431721539757645,1.929258452443246,-9.31245445770952,-15.336584921707376,-19.252877924172115,-18.829564385003405
2018-12-31,-17.552642757581996,1.4434211302939908,1.9824579574312056,-7.104649657820509,-14.253341934034724,-19.29685174496329,-19.49182258068031
2019-01-01,-16.785944019595526,1.4429788187883377,2.038312771880181,-5.565610952023093,-13.145301647216902,-19.20728787131424,-20.0
2019-01-02,-16.12682128697511,1.442989772450614,2.0336267471861733,-9.116292644820891,-13.88220473252714,-19.336976614413075,-20.0
2019-01-03,-17.424877079373196,1.4448045852310791,1.7418827249104758,-8.4265483940895,-13.782598263481924,-19.63526022780592,-20.0
2019-01-04,-17.363552959495387,1.4444944868818395,1.76446080898615,-3.5974850824559224,-11.507290428280658,-18.82805299769084,-20.0
2019-01-07,-15.044559049036733,1.441923498135237,1.7831134880949155,1.884565304061231,-8.112578497680122,-17.318538825541005,-20.0
2019-01-08,-12.026939924886827,1.4398886140494398,1.833141354962865,2.818837716540307,-6.167500032483683,-16.330331087641625,-20.0
2019-01-09,-10.899798354607265,1.4400254934944843,2.20798104755434,-1.6993417215596176,-6.69839928993915,-15.887279835771125,-20.0
2019-01-10,-12.13650754772497,1.4421769693749953,2.2585509103564365,-4.707918221744315,-7.713724173810974,-16.018677192049662,-20.0
2019-01-11,-13.327767511752748,1.4429685018017386,2.5189677452711154,-11.961247474918192,-10.793828706652263,-16.309499789044576,-20.0
2019-01-14,-16.346048862240266,1.445386244418706,2.2167741657062536,-11.373520994632292,-11.93148284345035,-17.054250961671343,-20.0
2019-01-15,-16.800774437848407,1.444793398444202,2.21459208422613,-4.703174606449676,-9.681122142757475,-16.17995057035949,-20.0
2019-01-16,-13.936509195932354,1.441221155362619,2.520173927789385,4.128353919357283,-4.9911289995508525,-13.810802710523394,-19.96048680636697
2019-01-17,-9.234815634111014,1.437822612216341,2.203525557596983,3.378125152147347,-3.5740426189398598,-12.877126611138236,-19.817252942983476
2019-01-18,-8.830560655097534,1.438822045136538,2.2656088470265536,2.7365074201181745,-2.67552675026075,-12.150469703481802,-19.821066058639428
2019-01-21,-8.530839761342556,1.4388354242189116,2.316872133677279,0.1040520096406509,-3.003580882610577,-11.82409229662233,-19.85715271062937
2019-01-22,-9.288948588009333,1.4395265428497395,2.43542781793152,9.148375059899164,1.6481185970368155,-8.36955020576356,-16.870490169319236
2019-01-23,-3.456121231823074,1.4390768698006098,2.4934212164980942,12.235248597591848,4.803939333202278,-6.39305076712976,-16.158368315376155
2019-01-24,-0.868847130121757,1.4390557020282453,2.191166049717908,12.968218907189204,7.068283944719868,-4.559826764935252,-15.424310942987791
2019-01-25,0.645750358631225,1.4391383557389492,2.211668076920204,15.099319846082857,9.66965752980466,-2.372698944195071,-14.264121228563823
2019-01-28,2.979309448571121,1.4401391013040477,2.584874905039796,8.875263563150089,8.5393485215307,-1.5368953813233794,-13.434820374418312
2019-01-29,1.449668295106004,1.4416609543695977,2.219352564372061,1.4060096855045106,5.500648940487455,-1.7299400142001715,-12.99084464164094
2019-01-30,-1.614477014127584,1.44284395435295,2.9939827877496783,-4.337618375623944,2.0557694862227947,-2.519406302403496,-12.939156028596829
2019-01-31,-4.257327235337251,1.443511306748217,3.074232723528337,-4.287157843751714,0.5708370709156926,-2.9397333617249903,-12.984388280692649
2019-02-01,-4.7823895210267064,1.4434169342355567,3.4974189737778985,-7.292684271064059,-1.911837872644873,-3.8562641306159215,-13.076070301902076
2019-02-04,-6.538452566693677,1.4440404133507223,3.8589681372994815,-12.1594136402147,-5.468350326922353,-5.370319386074059,-13.255813022343832
2019-02-05,-9.361578120331183,1.444914162408301,3.361148753159721,0.585080294223455,-1.3695977687477352,-3.650879960681314,-10.976128713793305
2019-02-06,-3.4693884133818926,1.4395351694876468,3.0579884194012825,7.124115551221884,2.1575373221695946,-2.207930674978302,-10.29578540109631
2019-02-07,-0.047228840302320246,1.4392473772520424,3.142835513750051,7.39473373155485,3.778331529132203,-1.2309196808181886,-9.87929997075595
2019-02-08,0.9227935770594053,1.4393096844193702,3.584116949476367,5.288061267563227,4.00574719425746,-0.6853444833632969,-9.569617473927671
2019-02-11,0.7550973304146872,1.4393973527565118,3.3125318397219203,5.011646538445272,4.438311468241276,-0.0790526458838628,-9.221805495044956
2019-02-12,0.9965549737502377,1.4394295213045394,3.385627798172687,6.45080057312527,5.48675415159352,0.7865188787394691,-8.7102782757408
2019-02-13,2.1303389925374194,1.4395304581809143,3.4747777584487984,4.784711298938187,5.339377743115661,1.227005836216176,-8.363041277546953
2019-02-14,1.8607483604379813,1.4395767559347337,3.5422928039400987,6.298684669081098,6.211297159743701,2.0246847550500835,-7.810552737504374
2019-02-15,2.9561969482935164,1.4397427692989724,3.642095226758885,5.895434973992332,6.503741402708637,2.6349673807212595,-7.372444414834172
2019-02-18,3.2549785712735724,1.4397725256350018,3.3682415780224337,13.339773590010868,9.762626936401617,4.38533250018559,-5.665960015794515
2019-02-19,7.262638074038494,1.4415708352269314,3.835824159822978,12.14001465603844,10.84690889917879,5.600989068506428,-4.883568907362091
2019-02-20,7.93967097608522,1.4414710563458617,3.549477546139145,10.14185980472471,11.048165690274413,6.497224407176086,-4.196360338786351
2019-02-21,7.795683118914035,1.4414898820229276,3.319645825521639,15.9160527664833,13.575153938977602,8.029503893675063,-2.6713127149307123
2019-02-22,11.020882112410902,1.4436937687283966,3.18628854224852,7.365681166216406,10.80641384867741,7.654943148766561,-2.026346860250723
2019-02-25,7.787508933278353,1.4428270554571252,3.275481513105561,4.720890333037855,9.545107761835514,7.791750490130244,-1.5759376185718703
2019-02-26,6.8559322895128,1.4429111178005596,3.346791839144609,1.1000409471589363,7.435114375974867,7.386706064723499,-1.31716327484404
2019-02-27,5.179748261678391,1.4427070609411325,3.3232475385911098,-5.276511856247046,3.458402789984456,5.865490031266043,-1.417323465052153
2019-02-28,1.7175174990694901,1.4424907576128518,3.0438883263510794,-14.824806761884329,-3.0168693331182226,2.6462006436459884,-2.0153204196225163
2019-03-01,-4.089722303542866,1.4434068587867863,2.6441448672919794,-20.0,-8.837904830390805,-0.5402897790553371,-2.996633591362169
2019-03-04,-8.59094788554875,1.444794892397227,2.6792704554436786,-16.59056734141555,-10.150884761960992,-2.2310015234685903,-3.6781182071735534
2019-03-05,-8.656880485379865,1.444194961045008,2.715437999647909,-9.640628292505122,-8.913811964919956,-2.857897311090403,-4.034861134560218
2019-03-06,-6.5624455799270835,1.4434529875500388,2.318657914125253,5.852428578802593,-1.564509799923519,-0.7300673183101385,-2.8783385459205157
2019-03-07,0.8634269711282014,1.4399229070635793,2.6815255057676866,8.50551357368202,1.5916341467214363,0.4768098349538704,-2.4745595640419773
2019-03-08,3.104834871742786,1.4399670272137874,2.4144158220861827,4.520204061931343,1.6913875901890765,0.7534060362995045,-2.318117025655227
2019-03-11,2.0335922875136085,1.4399567359028358,2.705164766171903,-2.253602976379688,-0.6144606557369662,0.0223028270424096,-2.4877876129868564
2019-03-12,-0.7569579025790487,1.439968442268638,2.704884831524079,1.045415153313637,0.3174416844916077,0.3475985557905539,-2.3055332297394164
2019-03-13,0.6075505697551377,1.4398249960432472,2.468449296999433,3.40060627698924,1.5399544267932208,0.8880234769475829,-2.083393361995041
2019-03-14,1.7893528956094935,1.439858812452318,2.8049946035285886,-0.1749644995264951,0.4640931527910908,0.6030552034981723,-2.113303544534121
2019-03-15,0.4561117448901904,1.4398603713984814,2.799003132871296,3.7926563974386815,2.055937113931879,1.2655087437162436,-1.770560978116427
2019-03-18,2.344870278933866,1.4398879274761367,20.0,12.197932395301253,6.317912938226799,3.119600339709822,-0.8202747031024519
2019-03-19,11.756394819381619,1.4401991391857463,2.875184999119808,8.990349800698302,6.733734157628975,3.848324718185753,-0.3563889953070502
2019-03-20,6.361427431988898,1.4398099886454638,3.2841848716047246,6.667539405240854,6.645210556965997,4.3686177231400505,0.0282187590497549
2019-03-21,6.045419819033748,1.4398127254120248,2.82384845520646,-2.1488226738048435,2.8296488100902177,3.18006497032965,-0.1302890158385136
2019-03-22,1.8863348852430455,1.4389725515582115,2.860748650382642,-7.351209847507463,-0.6427685852796262,1.827718404125027,-0.4921747824089266
2019-03-25,-1.0929481894366577,1.4389659166024347,2.9365136967494667,-6.719872586684271,-2.051346280177407,0.9984136762637768,-0.7444418028638786
2025-03-25,-1.6061081905728423,1.4389759420316888,3.3367261533520924,-3.677829937413368,-1.8730009984820877,0.7078826777124241,-0.8327615113652557
2025-03-26,-0.6731283167665699,1.4389333728238214,3.077450585557253,-3.902651958104751,-2.399718555642479,0.2006783125845388,-1.01941424979098
2025-03-27,-1.1637894630836267,1.4390312897825381,3.5013185928072303,-1.7249623225189217,-1.831508248406688,0.1218162674026985,-1.067071251725534
