Date,FinalForecast,Multiplier,CARRY_forecast,ewma_EWMA004_forecast,ewma_EWMA008_forecast,ewma_EWMA016_forecast
2017-01-03,,,7.701342281879158,-2.117647058823662,-0.8565656565656636,-0.3257918552036458
2017-01-04,,,7.507527484143097,-0.1644636999851643,-0.2625996072082745,-0.1425671630144722
2017-01-05,3.4689485069675845,1.9999999999999951,7.4713651056318655,-1.443795871014109,-0.7674020297596658,-0.3445291935621225
2017-01-06,1.7715087027285208,1.441529013045838,7.162771244289432,1.3226590154714213,0.2510602998856833,0.0111189278160471
2017-01-09,3.564353584016602,1.6298640624619438,7.277473605030577,4.133308730678037,1.549126555604933,0.5227962963773797
2017-01-10,5.167254465846365,1.5330022851983216,7.4253566147448575,4.401973319956365,2.069506820580337,0.8049443492270436
2017-01-11,5.070667188275457,1.379606226546369,7.77287671007817,4.899476821452035,2.661995094348299,1.1375772062371028
2017-01-12,4.64671141159002,1.128395418714245,7.852872328588133,6.611651418621783,3.7339263589343017,1.6741853828542792
2017-01-13,5.709580269505246,1.149234639294033,8.074123288872375,7.382565970241076,4.572103495731173,2.1766680060874224
2017-01-16,6.428942737320649,1.158083195216851,8.460103138088536,7.700803444082791,5.2483005640226015,2.6530047919817856
2017-01-17,6.873547228282589,1.1426293220163048,8.856422510076197,7.940040788699775,5.868553544281106,3.133164749841713
2017-01-18,9.07712395565137,1.4074052348170059,8.998387510647326,6.306790425370195,5.671182447216477,3.311037830999106
2017-01-19,9.018584205210034,1.4853108802613344,9.378887786244595,4.313731009250628,5.150398023328312,3.351945634346392
2017-01-20,7.023388117202111,1.265762558872726,9.476389722186394,4.695119556814039,5.333866545571514,3.602579106001051
2017-01-23,6.885767456113184,1.1919302208786922,9.587223176852689,6.330943837233974,6.07657923032347,4.068095736497903
2017-01-24,7.571599272088388,1.1620527458417398,9.975170443218358,8.02622101108933,7.040766215066715,4.666834374407657
2017-01-25,8.450791426202235,1.137809241558694,8.984963152097501,10.306337496364185,8.331345376621277,5.401311070434232
2017-01-26,9.38765312909988,1.137071865972621,9.416010795195966,11.63994390747399,9.507318196105636,6.192008957022025
2017-01-27,10.479125449147695,1.1404211770444919,9.30135722332886,11.904926533374868,10.326075286473513,6.897217195475784
2017-01-30,11.403168390905257,1.1869158608557109,9.535039696143434,9.4254074326212,9.854593686832452,7.061954849119423
2017-01-31,10.680098393513177,1.1907461252689668,9.80167339069516,7.669188720655767,9.529145990463906,7.321573355937588
2017-02-01,10.039670821380795,1.1700708877577755,9.873951848447074,8.694592368533431,9.87525377489392,7.646921256902946
2017-02-02,10.929008543527459,1.21128187755889,9.935818970784494,7.063912319483764,9.387977835300608,7.737219638239645
2017-02-03,11.107337812386394,1.3019617288304939,8.89805719693794,0.3939905894233317,5.867072356691038,6.0746342780836615
2017-02-06,6.951967896620834,1.3096069133588324,9.36487105180705,-4.271378237070926,3.4840963061407795,5.27310902025358
2017-02-07,4.587404603145952,1.3248154154838963,8.52109251882443,-4.547909715784865,2.457076268948178,4.820582080901698
2017-02-08,3.7317178583850983,1.326733817560554,8.743935622856483,-5.162117093762806,1.479219667750411,4.431059010648626
2017-02-09,3.1528091059677026,1.3286038004242058,8.794434063774196,-4.8370574442220695,0.9118417256005528,4.154588697567606
2017-02-10,3.0052312433651287,1.3321345321937124,8.807088836969825,-5.398284533387486,0.088415062442572,3.7444968399095
2017-02-13,2.426808134747255,1.3404602255794251,8.887652884181334,-3.6882022268963,0.1710919106212572,3.5979266577933604
2017-02-14,3.010776781041696,1.342827501671811,8.89522223417708,-1.6951653151527228,0.6165797868048517,3.653417007434463
2017-02-15,3.8752531317732113,1.351433298796838,8.776240068823622,-3.626623354337023,-0.3663985093525537,3.012464027238642
2017-02-16,2.63588506169301,1.3524846103896433,9.0220685249513,-4.798248661165987,-1.159762842984641,2.607507782979642
2017-02-17,1.9185565051839515,1.3531055865958972,9.276261034567025,-5.283728313427011,-1.76466420300245,2.2409945108111287
2017-02-20,1.5124164244743978,1.3537371046524975,9.712908627433334,-6.038005318232044,-2.49084392106676,1.7980248843337672
2017-02-21,1.009482853343199,1.3540634819251993,9.717975613444946,-7.227125608163126,-3.429077650692541,1.2383526609586373
2017-02-22,0.1018142358069853,1.3569576747357872,9.893551026869428,-9.654340119274854,-4.918428452137505,0.3762172001773596
2017-02-23,-1.4602579587298892,1.3574323419629544,9.954266204627968,-10.467233685356684,-5.983072019385888,-0.3199424247892553
2017-02-24,-2.319203874696314,1.3610387470204606,9.629652444809512,-13.014856161017686,-7.614747800219503,-1.3675734446675305
2017-02-27,-4.2092080231607465,1.3613744177276355,9.682027408447114,-13.935746052619594,-8.936159312327446,-2.2714719507571552
2017-02-28,-5.26226419415599,1.3613983838981734,9.95471439047876,-14.00258767242074,-9.91709833313139,-3.0952242319656347
2017-03-01,-5.820032311029799,1.364587455668613,10.427716677206444,-12.814431742930111,-10.29788990088078,-3.721966075225128
2017-03-02,-5.548499407471477,1.3527505274137372,10.883046034223248,-12.64811805242577,-10.885108804333782,-4.423589891133142
2017-03-03,-5.869495591754572,1.3750906440497974,10.977569164605187,-10.15374742177643,-10.384238699755617,-4.709173802434068
2017-03-06,-4.792345541016523,1.343372945120439,10.97383461825342,-10.42460942811709,-10.667664705419051,-5.229559319718444
2017-03-07,-4.793330014820011,1.2492390874799404,10.209903916394287,-13.664189698712445,-11.243913090280405,-5.628814508813655
2017-03-08,-6.407144080475999,1.2608136690331364,10.294589459951862,-14.743030401539402,-12.4328871819124,-6.549420355433109
2017-03-09,-7.38597760276134,1.2609033995481942,10.376496271630822,-14.99326329253106,-13.37507056337679,-7.433748609831034
2017-03-10,-8.012937829375545,1.2606101221347503,10.667189843010144,-14.758274758645522,-14.074486372426316,-8.25461520163122
2017-03-13,-9.036182528268206,1.3680724822731158,13.158954686263902,-9.70522236223332,-12.108896378358676,-7.829046889431693
2017-03-14,-5.645980451474784,1.3700335359059719,8.3106848371963,-6.686633695199112,-11.100927220628366,-7.901882068897158
2017-03-15,-6.095459574528422,1.4029678122646152,7.421667330272153,-6.984450181010318,-10.86374305057173,-8.06180550755933
2017-03-16,-6.409764772898485,1.38676976978541,9.481772707251732,-6.000722751853759,-10.439880284608703,-8.25044856826326
2017-03-17,-5.1734307691796255,1.360598567244065,7.714757837141594,-2.5914711347858823,-8.712782192298823,-7.764008958905257
2017-03-20,-3.8556846196402703,1.3584121579417245,9.002942918441853,-0.5760646536652305,-7.5636767247696834,-7.578906381092029
2017-03-21,-2.2895470590139526,1.3636972518548145,10.299410891894594,-1.5219067028568165,-7.291242663859599,-7.534207156103174
2017-03-22,-2.0674204704342554,1.3673538729335806,9.53612552766652,0.6051401491874355,-5.877947266547254,-6.98039885119166
2017-03-23,-0.9349681389783387,1.3764305611413075,8.48586209260325,-0.3808895327432486,-5.676912041599542,-6.887734888623137
2017-03-24,-1.5404202497098611,1.3816437002189363,8.862399342275884,-2.1221793158800666,-6.045291002093226,-7.092697119501338
2017-03-27,-2.209445801228169,1.3813853633652424,9.778805992432927,-3.002285968005569,-6.31952759457544,-7.328604325969022
2017-03-28,-2.3699218624968563,1.3795434889656748,9.748019184496073,-1.0548470151821856,-5.388579208906151,-6.966951697977734
2017-03-29,-1.2645286976948398,1.381108502258699,9.73796424457961,-0.9587573333360946,-5.14990973949546,-6.950495837387022
2017-03-30,-1.1463131608495454,1.3806017360048597,10.1501633428243,0.3708284124433522,-4.408227605229842,-6.715055129485799
2017-03-31,-0.20785848558360473,1.3804522576387281,10.816194469656832,-0.1072341423578081,-4.292071253175652,-6.685398505667586
2017-04-03,-0.09356860538538916,1.3938967409415794,9.8883882789111,3.838171170904327,-2.051676878834444,-5.3248307228222025
2017-04-04,2.218355996368065,1.3973781943284667,9.31760786366144,3.99339378923829,-1.38686127942707,-4.945204481727917
2017-04-05,2.439568361553474,1.398246609165271,9.767550114358256,3.19323586217327,-1.2042947809551234,-4.796688485746974
2017-04-06,2.4372189303796095,1.4007402404884208,9.837786671837176,0.7558790362768133,-1.7776246034899246,-4.8631805937683
2017-04-07,1.3844217693362533,1.4009315689579307,10.323635682724795,-1.1802244230122094,-2.4584531336318527,-5.089580045359628
2017-04-10,0.5578283500845971,1.3986110422990405,11.46628207458617,-3.3482805211202344,-3.4098704826592945,-5.4357275023598
2017-04-11,-0.2543888429636861,1.3985161660051377,11.529906198683117,-3.9208053758386607,-3.919472841070754,-5.694020790477786
2017-04-12,-0.7029996327449174,1.4029178905295174,11.05374931185919,-1.89126897000538,-3.324130991034623,-5.449928630312352
2017-04-13,0.13684382583288376,1.409233015729148,10.336955752405718,3.105100657893868,-1.1280065540611477,-4.298962012872376
2017-04-14,2.8316659759342757,1.4131677812005479,10.301675841751807,1.9178283922881183,-1.044842878587924,-3.958269980112826
2017-04-17,2.5475420563658613,1.4120864148647285,11.030928232381015,1.1215908409742708,-1.1107497480487118,-3.9531652994747706
2017-04-18,2.502154264839871,1.4119306174934823,11.033234951965984,1.7334404702554034,-0.7000915279428331,-3.749536090257788
2017-04-19,2.932654749525649,1.4104306329021679,11.092758667261537,1.471603045209344,-0.6036348166725615,-3.6677189451364263
2017-04-20,2.9237980965257058,1.4102473379600935,11.309935788576713,2.438958279452254,-0.0462461697471282,-3.387751486268985
2017-04-21,3.635194810798915,1.409687374684761,11.167281491457503,0.2459406754465157,-0.6616325154317714,-3.426605339646463
2017-04-24,2.5801978516841193,1.408984779677156,11.235982436146047,-0.6205166313522776,-1.0057722698577434,-3.531493740918771
2017-04-25,2.1369785465887006,1.4063233319129254,10.574831326933303,-4.236552286196886,-2.4869600020261324,-3.888222628407124
2017-04-26,-0.012951017621875565,1.4037677882577067,11.493048464058498,-7.210868415910121,-4.09151622832039,-4.555420032997753
2017-04-27,-1.5361780768301592,1.407801949804256,11.378676779357782,-6.817277987923215,-4.550376158128183,-4.838491446720002
2017-04-28,-1.6932348660659862,1.4030001489485828,12.147348645084852,-7.134181046435111,-5.207453371228811,-5.258803216286863
2017-05-01,-1.9142637060735914,1.4041683236654434,12.45231811919548,-6.346086887699585,-5.389346591465751,-5.526210139224414
2017-05-02,-1.690781025046998,1.406252103610174,10.612795301411404,-4.14200987976879,-4.836058470519086,-5.477338520927145
2017-05-03,-1.3508676223125702,1.4061974235731654,11.345234750394903,-1.6707325071994183,-3.945652545027317,-5.284125820238513
2017-05-04,0.15634784657124257,1.4062464763447955,11.121147495570307,0.2030908989019192,-3.0737054883599297,-5.069826850746733
2017-05-05,1.1200391656871718,1.408541557994982,11.359354652655698,4.07026843875073,-1.0902444415096857,-4.183090904019276
2017-05-08,3.5784216653030785,1.4093423718742484,11.508839831903568,7.5575262300639,0.9489377667526396,-3.3257154431896008
2017-05-09,5.8834532285579595,1.4100894743836294,12.004347730383554,8.044202954914908,2.0178808478700896,-2.76137353985117
2017-05-10,6.800748168910943,1.4091121966616382,12.060102391805644,8.394623925184439,2.9693501850780835,-2.2214137101993976
2017-05-11,7.521136937616245,1.4189042218792642,11.423298999091582,4.099491570706616,1.9618547468066236,-2.1427051930686893
2017-05-12,5.450422318649037,1.4210516466004248,11.159375042482573,-1.016168510596355,0.1346160600253676,-2.554822133247393
2017-05-15,2.744473569016793,1.4214545674086316,10.421018699333477,-0.7457976964610731,-0.0103833598894298,-2.445480086234053
2017-05-16,2.5667284223564217,1.4221367495266664,10.461228827027073,-2.550490891135474,-0.9109417219072756,-2.702663593724431
2017-05-17,1.5278981835843262,1.422249037770604,10.755818358985852,-3.431471212206546,-1.5809653352996906,-2.9791292874232638
2017-05-18,0.9828090209980763,1.42216966423295,10.969104600947302,-5.940692219519715,-2.935397138274761,-3.474684540979536
2017-05-19,-0.49122111791595485,1.4221090927868743,11.052146061204272,-5.235401083122249,-3.1855926089118127,-3.6461981981085674
2017-05-22,-0.3608312338461349,1.4219308076898585,11.627803301205086,-4.7211934982033545,-3.4024855857481,-3.863030299887935
2017-05-23,-0.12729450462653988,1.4186943134785774,11.650628534565826,-6.200258793801125,-4.282871314292219,-4.268757073019886
2017-05-24,-1.0927634730400835,1.4094451286823753,11.264516341404104,-9.90228636305413,-6.046343877182849,-4.8937934886845
2017-05-25,-3.3624582848094957,1.404255918862484,11.9198501543639,-13.279123624903306,-8.14945092106435,-5.92245220174086
2017-05-26,-5.413591679958532,1.4032868193066717,12.255686289569656,-14.77797870999824,-9.7863876225312,-6.91518553870102
2017-05-29,-6.762025637691727,1.4070064335328207,12.818816486304916,-14.22830583055272,-10.615594098561091,-7.656223709923702
2017-05-30,-6.899460425528853,1.402236217744494,12.614374476403668,-13.894260997300114,-11.386308954264091,-8.408741149052299
2017-05-31,-7.365188898088294,1.3979048249429105,11.773762125241134,-14.123769722886385,-12.240631550996092,-9.193171986157669
2017-06-01,-8.255555910299188,1.3884328064176672,10.680275701144646,-8.569755231032572,-10.05281396611094,-8.3869004752083
2017-06-02,-5.654820199324446,1.3852049793260928,11.001980966542137,-3.8889679930268377,-8.23384205341984,-7.977157162033007
2017-06-05,-3.1506697964146007,1.3852163380469653,11.577657691541686,-1.0079353717138078,-6.848661792025905,-7.7331379473197
2017-06-06,-1.3885689445818288,1.384388982951124,10.009734742624843,3.4099990999875383,-4.322857882399524,-6.717185697486415
2017-06-07,0.8247313644130941,1.3862835467808967,9.96472918598144,4.738682659875064,-2.973819465668171,-6.249196776599044
2017-06-08,1.9020115683507877,1.3882293950495828,9.18241469740168,7.958377033155606,-0.6502877136516916,-5.102099279183799
2017-06-09,3.9561821552907492,1.3895474375569716,9.354281657634647,10.760849248665012,1.5172326445791702,-4.130526587838381
2017-06-12,6.085159325096747,1.3907475741996906,9.867797708324993,12.602594753812758,3.4293057445759625,-3.185767789910336
2017-06-13,7.90545776802985,1.3921778614205012,9.28299041756416,13.73184775847779,5.101436979407311,-2.250090194860769
2017-06-14,9.113593298456319,1.4093447970533606,8.135183262474555,16.073034142876025,7.207325584218231,-0.8864166759959689
2017-06-15,11.035867555582364,1.4459460702844893,7.44338210168305,19.47205479696901,9.68966496264662,0.8418198106427973
2017-06-16,13.509539693768033,1.4430601064749806,7.653095868678163,20.0,12.129901168794095,2.3191868688755948
2017-06-19,15.1951880184449,1.4436484389736264,16.8799125611322,20.0,13.671227201333448,3.5582775836806366
2017-06-20,19.51325439635889,1.4425033832118053,7.2930562726156625,14.096067451818062,11.42293429081563,3.5082197409784937
2017-06-21,13.137504981021763,1.446850717298721,7.736067477451126,11.540169578854396,11.063742158214902,3.926353640708217
2017-06-22,12.22420213833363,1.4269635668315597,6.9099518939135685,7.35728244412647,9.597937819890598,3.873082827476713
2017-06-23,9.70769846639849,1.3999003861642418,6.446966400381648,0.90380144157474,6.456461782528993,3.040069245730311
2017-06-26,5.8995810156153174,1.4007185510420725,7.136023664492941,-2.173349279977245,4.686794930304212,2.608492599826655
2017-06-27,4.294771079691549,1.4014633458959904,7.592856276018332,-3.4656576636818053,3.4284178556243163,2.270486146269233
2017-06-28,3.4426782666535747,1.401442016967304,7.347532528811754,-7.342564240698362,0.7766575718125351,1.2498383549462764
2017-06-29,0.7117428623492928,1.4014381491707801,7.542197815291186,-8.89904174692505,-0.8575293392928651,0.5704059815692337
2017-06-30,-0.5753125215019519,1.3998150090365822,7.795935896421297,-7.209364929284878,-1.2451640489122555,0.2688476298263931
2017-07-03,-0.13643473556415317,1.4002445430136896,8.015582699683119,-6.1309691012633385,-1.5524815885185002,0.008920386949831
2017-07-04,0.11938573851119984,1.4002040696792808,8.4957056914779,-4.848486083093828,-1.59321928562493,-0.1558864729093599
2017-07-05,0.6649295133631086,1.4012426355052028,9.236110926527406,-4.801899493746434,-1.9546938112349197,-0.4352901442984573
2017-07-06,0.7168410471165523,1.4026639502600307,9.086243998173211,-6.022688950340316,-2.789830396011423,-0.9048963364163626
2017-07-07,-0.22082405100131117,1.3994547372196797,8.400474829633168,-2.799713919713202,-1.874278918848328,-0.7386332859259702
2017-07-10,1.0460489476121277,1.4004041714838156,9.13106601193542,-1.9959621941027967,-1.6484640920855962,-0.7752427025271444
2017-07-11,1.6497967799071873,1.4006858447940151,9.939572714796354,-1.3570206213788334,-1.4186833015047362,-0.7918427125252868
2017-07-12,2.2295222683736307,1.399568828248073,8.506360005078909,4.121426686333868,0.9545249099335732,0.0784634070576468
2017-07-13,4.789700138770195,1.4024680549452313,8.05748124173778,10.189695823668565,3.9486588733340495,1.2857380379353431
2017-07-14,8.216641502084926,1.399674742459176,8.27229948817417,11.003714954651045,5.293813936109362,1.9986955921486496
2017-07-17,9.290612164327149,1.3987396777388021,8.477637381878417,10.46420947231126,6.066368488669809,2.554337961951965
2017-07-18,9.635801216512663,1.3983902158775094,8.707665322486838,9.39808685802634,6.465365463548418,2.9967012764899708
2017-07-19,9.620437954686327,1.3958939562700587,8.807387562240722,6.734417320934261,5.978839140168141,3.097625103137549
2017-07-20,8.595543399992275,1.3966121429303033,8.100746037821544,5.261809851908324,5.710567852325352,3.2568011661521643
2017-07-21,7.773637501681253,1.3925058026189863,8.06943366054254,1.906429690068013,4.404041144458543,2.9568430490467006
2017-07-24,6.03995838435551,1.3935620551631118,8.527698169921724,0.5450576740815308,3.692786932391808,2.845426241260554
2017-07-25,5.446412570898964,1.3955347844811445,8.802980011715839,1.7174090556274082,3.838442047344836,2.983741937567259
2017-07-26,6.051046680462045,1.395651420865747,10.051783060684302,2.039297794778681,3.8758121525218265,3.1228347740734224
2017-07-27,6.657140047903801,1.39491565807672,9.576481386545542,-1.3820294197573793,2.237424338121264,2.4979270422541724
2017-07-28,4.509585846822689,1.3950980461932403,9.512865005451278,-5.381120014191126,0.1933299617079086,1.7062206513323006
2017-07-31,2.1060270760933095,1.396732784638641,9.271384151581875,-4.207891325543964,-0.1027065755514984,1.451289416323165
2017-08-01,2.2435347037885887,1.3995684520079232,8.800698024843006,-7.432534755561895,-2.023542414001276,0.4837030901201756
2017-08-02,-0.06015924579509198,1.40169217973386,8.707330692044927,-11.365678800770182,-4.366647462662891,-0.6051378649049006
2017-08-03,-2.674101166284778,1.4018633821344748,8.952460169909102,-13.257129565711868,-6.180239888202575,-1.5639131204201564
2017-08-04,-4.22086321984857,1.4012533600954262,8.928478292551516,-12.74208021807342,-7.080791285101977,-2.25873191470062
2017-08-07,-4.608281189384538,1.4014254849630945,9.179935664784708,-12.005288638918456,-7.740759501447341,-2.888538906665819
2017-08-08,-4.716262268849958,1.4021209869689981,9.530017999638725,-12.533602420266334,-8.698753059813821,-3.642835746562439
2017-08-09,-5.3793947383657,1.4022376049556062,9.565223608447088,-12.478593889240752,-9.46360448230219,-4.3604649598684295
2017-08-10,-5.8680753321393055,1.402383023751984,9.834447376244148,-12.071081494913525,-10.016550352236472,-5.018050624156632
2017-08-11,-6.051966640312356,1.4016291497398468,9.855630394531488,-13.150044683071464,-10.93407638621088,-5.7820967105719845
2017-08-14,-7.0123515260188105,1.4017282733363756,10.107498967304917,-14.065601704334023,-11.99194295364332,-6.66665174286504
2017-08-15,-7.924233034075517,1.4014836706131928,10.34888127333948,-14.863577258496864,-13.029515703245949,-7.573510963358086
2017-08-16,-8.790479094196382,1.3998847293713448,10.187558151243378,-16.27920112444892,-14.229588836720094,-8.528507939979644
2017-08-17,-10.085861418019059,1.3983989464656674,10.59312069838599,-17.89904778833833,-15.638967860412668,-9.616166829126886
2017-08-18,-11.384453541017194,1.398535909930004,11.142081600007412,-17.79380108666588,-16.552279514694312,-10.611070289165944
2017-08-21,-11.826657938999617,1.3989807724351637,11.437846780626948,-16.580130326541997,-16.92801762584485,-11.422465549597916
2017-08-22,-11.718206004528104,1.3994909530188904,12.030239868788817,-14.948709597709495,-16.960579925586135,-12.101210797039837
2017-08-23,-11.209507831263544,1.4020533507845678,11.903708580861938,-10.551519983377158,-15.259166758692302,-11.868874168573532
2017-08-24,-8.974484752150724,1.3926964877559813,11.76033290755595,-10.22310749746192,-14.787641767067,-11.98095991821013
2017-08-25,-8.780999896761251,1.3920762468114758,12.089837508128712,-10.060322858770196,-14.839180998980588,-12.515323305187898
2017-08-28,-8.815215928347278,1.3923347726498292,12.42597335372708,-9.36576740599009,-14.6755543615642,-12.953969396234266
2017-08-29,-8.57820339455891,1.396571685200965,11.898219160510717,-5.517507589852227,-12.683396607952236,-12.31610035595516
2017-08-30,-6.50181351658878,1.3968287144974152,12.516557472218278,-3.0796799183548247,-11.439718155921424,-12.216035253519967
2017-08-31,-4.961140714242515,1.3956492101437972,12.554562250035907,-2.053514639132513,-10.575679509853364,-12.183029346874164
2017-09-01,-4.275648239712316,1.3952574325445382,12.908281098062576,-1.4082947272979351,-9.846660510423668,-12.162621319835948
2017-09-04,-3.66032041124749,1.3931744236728831,12.806039272211873,-2.35983672735791,-9.66657117622046,-12.212716675195438
2017-09-05,-3.9694234075745984,1.3887496860699104,12.263280163517615,-6.339327250695563,-10.216656196496302,-11.847272718360037
2017-09-06,-5.601533949908187,1.388238482932606,12.304794420754371,-8.682321634106799,-11.33076704575558,-12.536930657061047
2017-09-07,-7.024826870863354,1.3879474098117632,12.651218939985824,-9.74369426879887,-12.139362811876632,-13.16830200080277
2017-09-08,-7.767749358944301,1.3870894217408696,12.678892090451193,-10.368550007198705,-12.825845111126052,-13.78215850190893
2017-09-11,-8.44117701643568,1.3896278876202193,12.224340787617743,-6.563666567826183,-11.182081787112091,-12.972689804856698
2017-09-12,-6.422742666968804,1.3891443389135099,12.879648547163455,-4.764270418707353,-10.528544742916967,-13.0346490861749
2017-09-13,-5.368167387586521,1.3900133175114435,12.905458185092408,-2.791155331938564,-9.599753101273588,-12.920199350940877
2017-09-14,-4.316024559543877,1.391631941585935,13.486859101579364,-0.3845646384242412,-8.284902852036275,-12.559978814248112
2017-09-15,-2.6918956676548036,1.3906956922961566,14.196393752208964,0.6775506597138582,-7.388681443247026,-12.369680122726532
2017-09-18,-1.6957159395977306,1.3886741333642585,20.0,1.2802677684891468,-6.635858732041688,-12.194123253152592
2017-09-19,0.8531708623736168,1.3927695588656919,14.007269752669336,3.0029341172790884,-5.345427765962663,-11.654708180770388
2017-09-20,0.003507847862121922,1.393672870593779,14.326483611729405,4.82466148346375,-3.956908625208351,-11.08838074843668
2017-09-21,1.4330254232326645,1.3960796680817988,12.7682899495036,1.862793180375985,-4.050187803575337,-10.385874228524404
2017-09-22,0.06812751733189726,1.3973363519634259,13.620454882979482,1.8613423125159867,-3.635653581440004,-10.090552482180218
2017-09-25,0.6128743802842517,1.3963943407018833,13.838331467255328,0.3310877199385579,-3.880792777698815,-10.049966675030689
2017-09-26,0.08323250432907058,1.3949986916036237,13.968744283839651,-2.313066112754345,-4.7271688229102455,-10.204399259458745
2017-09-27,-1.1401917860391604,1.3922223480243472,13.768606068472732,-6.227263211098269,-6.253414981092253,-10.46548107847036
2017-09-28,-3.2025706121693966,1.395827642341894,12.098071502502911,-3.2490343537148774,-5.072853101293317,-9.276944886909696
2017-09-29,-1.9199364465091415,1.3961242835733478,12.691808317277715,-0.88048429235524,-4.236717545775403,-9.022976887814474
2017-10-02,-0.5054149493449864,1.395816833374834,11.72378903732394,-3.6741270323746966,-4.856342203207736,-8.524384250697876
2017-10-03,-1.858409463664731,1.3944002976955499,11.550068864938398,-8.107980229694487,-6.601071043244844,-8.840544968117138
2017-10-04,-4.18364364785827,1.394602809502221,11.814473834943978,-9.44489488053962,-7.734317084106069,-9.450539840518314
2017-10-05,-5.165602247175785,1.3946690052145059,11.625125925015684,-6.751919696203417,-7.113557585446846,-9.180309883288244
2017-10-06,-3.983327673165476,1.3951303132050152,12.11816027249237,-3.85823919327644,-6.242248794745269,-9.010613156654346
2017-10-09,-2.439793245811356,1.3955749321526767,12.40006892344382,-1.2266740937168017,-5.191611934011982,-8.759376083418843
2017-10-10,-0.9693000358349506,1.3958848115353504,13.016162440683122,0.9737718345183792,-4.074351545198335,-8.437673549509935
2017-10-11,0.5153589470848013,1.3948325212048773,13.6032517896426,1.088434358708359,-3.6042257890068674,-8.275085058735714
2017-10-12,0.9802396191354694,1.3941803839955813,11.847919814500974,-3.9569974551416296,-4.711426943941213,-7.647774040503305
2017-10-13,-1.5565959710057709,1.3934636593760754,12.142834957584352,-7.2590874192047234,-6.249597341460551,-8.338834763651796
2017-10-16,-3.383768632428414,1.39469494723315,11.83907376066417,-6.359856721559087,-6.280884388357377,-8.368035800183552
2017-10-17,-3.198030996388975,1.3950423232995193,11.83118065966673,-4.813472903899275,-6.007805282876522,-8.437165353382868
2017-10-18,-2.5887665923611602,1.3941968307925012,12.065023278946864,-4.938443097982474,-6.207254783966034,-8.644399071523662
2017-10-19,-2.691945542957587,1.393874366187454,11.792290525098943,-5.407173391908668,-6.572517459949183,-8.962181602836786
2017-10-20,-3.1875642999721765,1.3935344038667044,12.078174376926702,-6.265536286052988,-7.11753278567273,-9.349007299924825
2017-10-23,-3.7126852234519614,1.3939250521698447,12.194623543052268,-4.675053988003983,-6.6677308557581085,-9.280663078783908
2017-10-24,-2.9377373740083477,1.3941386090119485,12.497296920707354,-2.92821790915573,-6.054224120806493,-9.226001804978864
2017-10-25,-1.9899381014656117,1.3937222287216209,11.302714338788151,-4.606579642785382,-6.428717450004398,-9.179030219032672
2017-10-26,-3.104673433293257,1.3935405151402804,11.845503988165262,-4.297024982946915,-6.399780350147716,-9.30441450486022
2017-10-27,-2.8413107768322754,1.393531029850962,11.847763383279016,-3.5916065672032307,-6.205753282535406,-9.408580253213067
2017-10-30,-2.5627504732319113,1.3931442915091659,11.426446061449903,-0.5185750137832045,-4.810889846880111,-8.784544206955154
2017-10-31,-0.9366326222151841,1.394025174576968,11.45117810545927,-0.9356406172543426,-4.606369957253635,-8.624993822626914
2017-11-01,-0.9464424984381078,1.3939661772022505,11.448856231427795,1.0303290646275216,-3.519733870843248,-8.10936408729106
2017-11-02,0.29642096135486734,1.3947788568633488,11.105727897372669,5.000356588380841,-1.3682538932437545,-6.940693038637971
2017-11-03,2.7298561801444525,1.4004401801473423,9.65708755506497,10.66228715491572,1.954234495394747,-4.778514928240913
2017-11-06,6.127486119358574,1.400960983072148,9.815786877729472,12.28129617967238,3.759711708695,-3.817877305217576
2017-11-07,7.732541449195959,1.4034339867957304,9.231636615683149,8.98403385910293,3.5967956959969247,-3.295251134434863
2017-11-08,6.49752549829062,1.4035643017670598,9.598487644745491,5.384821475034471,2.861037852126955,-3.2344408020957154
2017-11-09,5.127342086991468,1.4037987725304404,9.706747537976234,1.5630823318599754,1.6162031136893635,-3.431951748586473
2017-11-10,3.318536088789838,1.4040649773668734,9.666756108231324,-1.278345343574795,0.3956799852102741,-3.754577417440766
2017-11-13,1.7653475014084679,1.4039907122043036,10.12117504466432,-1.4508879388318836,0.0014908988071416,-3.804133088185296
2017-11-14,1.7079999492349207,1.4035534461121477,7.94584836521793,4.464886064730803,2.0481435904201364,-2.1801571628401004
2017-11-15,4.309460504815521,1.403879298118631,8.169492249344943,7.510078299550074,3.64261070982817,-1.4408965279160184
2017-11-16,6.27269878285495,1.4031874951463397,8.23389277621596,6.965067013561386,4.023037724503811,-1.0345178897548286
2017-11-17,6.389577980784658,1.4052695838445106,8.304475249162191,8.145582189324449,4.979573239876265,-0.4064047372581152
2017-11-20,7.403067798284028,1.4085502993733205,8.24352400229494,10.67168058747174,6.506604620602274,0.5045859091573335
2017-11-21,9.129184563485406,1.4084772713519007,8.722175814796222,11.625261957421984,7.677344512637857,1.2786785937200429
2017-11-22,10.3198854003891,1.4086916822762074,8.96791898927345,11.747700648911,8.530786281069311,1.978255645702312
2017-11-23,10.98940282318644,1.407785035597634,9.181343859731465,10.508684442975042,8.75233995949243,2.469512060550424
2017-11-24,10.903259053220848,1.4108826689778142,8.85252767813418,11.522064582089882,9.545788474263034,3.1853016502918785
2017-11-27,11.689130687832272,1.412341307691225,9.320953775278957,12.75150331474305,10.650550518160074,4.031647831571257
2017-11-28,13.001687752574858,1.4149704408342687,9.299642287623138,14.837505733952764,12.020209571180878,5.006671388168091
2017-11-29,14.53362461806088,1.4122645404603775,9.431734710612009,13.976710282239145,12.453625986527516,5.6825626444170645
2017-11-30,14.655896229704926,1.4110988545399417,9.661896401824016,12.282262234134194,12.46676561018147,6.2099988944242925
2017-12-01,14.351502606694591,1.4132128466931082,9.327080650324142,13.396422020630792,12.935364092687442,6.775872958832274
2017-12-04,14.925486738466729,1.406912057062696,9.170725265081362,10.68580385981972,12.1154144935668,6.884689550537196
2017-12-05,13.599592208988833,1.3999763849675861,9.095144994897527,5.382360413202509,9.818042764744328,6.310050165431789
2017-12-06,10.713689622299743,1.4002261290740294,9.87002958883553,2.7180761552393915,8.60886538805757,6.195019916995085
2017-12-07,9.599902411596448,1.4018553663191564,9.280625324957306,3.4719222282412816,8.314892441099975,6.244123660859593
2017-12-08,9.565811579335888,1.4009906865994113,9.464011849124484,2.6276709282838357,7.723400843525591,6.248911392005335
2017-12-11,9.126673885613302,1.4006561743251476,9.96830670231812,1.3347198203102175,6.944849452617887,6.163675167698528
2017-12-12,8.549824040376757,1.4009472794763826,9.9524417880815,0.9331343945483296,6.458141838912,6.154386572774881
2017-12-13,8.249259894073079,1.404242603646978,8.83340762358756,5.533759447597754,7.073951178815801,5.917891735150421
2017-12-14,9.613155650818173,1.4054829697471494,8.97202085229718,9.314613111265288,8.779877909736152,6.739963597012513
2017-12-15,11.883102605107778,1.4060149648600344,9.463952128835324,11.569253218215398,10.27193782561175,7.605503482212265
2017-12-18,13.67167741476371,1.405443351895661,5.63279226629034,12.180776203674831,11.260818813161734,8.352853848690245
2017-12-19,13.232409043149174,1.4142008486861417,6.654340426833594,14.272607884253985,12.505144053808245,9.031472905064057
2017-12-20,14.98593433577403,1.4116510698526363,7.078838828796465,14.585299868605896,13.49594337742331,9.871194980690731
2017-12-21,15.974142319804738,1.4189375353589162,6.5182039483881535,16.184281972479774,14.66008087121703,10.631626931449874
2017-12-22,17.023591702258344,1.4188042662261053,6.701851258896343,16.804235634489405,15.842555565045844,11.644066781634134
2017-12-25,18.097383231864324,1.4196055476609148,6.359095071516115,16.752687243077055,16.7254992956905,12.583748357535082
2017-12-26,18.663824011116446,1.4241478294168703,6.493035290764966,17.102810569775695,17.61230197449317,13.503084634398157
2017-12-27,19.527937681404442,1.4277095799159707,7.198013840540013,17.57649413930634,18.54402550723292,14.479212802454342
2017-12-28,20.59715017309232,1.425463897496099,7.392632756622579,16.808683015473925,19.00552212696573,15.33230222721202
2017-12-29,20.859083458802182,1.425308497105167,7.600916684845505,15.792721439842186,19.24837977418873,16.11359167667868
2018-01-01,20.8596050034751,1.4200928322700004,8.05373245100644,13.405725864828502,18.69045353690859,16.506597203322592
2018-01-02,19.91043806754761,1.4056946606325247,7.558865668882127,8.094112771755867,16.079447483424754,15.608202765825222
2018-01-03,16.572965843682084,1.400316497885639,8.215568041046955,3.3725110265426466,13.734533274027363,15.024729775128032
2018-01-04,14.09556603446689,1.397422015426085,8.325556947779482,-0.8747481347973898,11.255165911596988,14.301444561166832
2018-01-05,11.540745015626008,1.3985637490429095,8.237981042982582,-2.604049617202546,9.636223496646975,13.905021457610216
2018-01-08,10.207395530331656,1.399463077428515,8.768874784810022,-2.936430467551935,8.540641588614276,13.627667531051951
2018-01-09,9.791426662069885,1.398737599561593,8.719735870368883,-5.263863490694035,6.442580288068021,12.58213445030302
2018-01-10,7.8681494010302835,1.3999900197827604,9.230746324387749,-5.394664175735016,5.375027125710164,12.129227034224302
2018-01-11,7.46813627053669,1.3998160408618427,9.122743403144826,-6.139139651045095,4.171461999597173,11.597236236912575
2018-01-12,6.563027006455054,1.3999405535259761,9.37977237979386,-6.351355521501044,3.232267367831018,11.162615509352744
2018-01-15,6.098434702702836,1.4000642347409002,9.299612918104073,-6.24435768385753,2.4847388968928628,10.766101548712456
2018-01-16,5.750208250067199,1.4105665422219424,7.918071060655322,-10.265903473250486,-0.7326107415449405,7.420256056261103
2018-01-17,1.5332170009882484,1.4131641483796857,8.451436165981441,-14.732668840346893,-3.6484483019978153,5.838146847835755
2018-01-18,-1.4455547781389337,1.4132154177183116,8.359224998561661,-15.905373777332738,-5.49977443136676,4.733750799200453
2018-01-19,-2.9377036917724855,1.4136875639908408,8.682552893945894,-13.680301575645911,-5.9427932119700415,3.974109397465138
2018-01-22,-2.4647497473425357,1.4152148886450844,9.125890014986934,-13.367427045401826,-6.818088296299795,3.145062309162186
2018-01-23,-2.8005665385783494,1.415399198852748,9.07993030265968,-12.885823433550696,-7.531877511498703,2.4202258343196843
2018-01-24,-3.155161542878575,1.4152601913581753,9.632563279171988,-11.63963583641112,-7.817318614411793,1.8386146493582416
2018-01-25,-2.8256551387508466,1.4153439585307166,9.584264830358563,-10.478561285990152,-7.968457292986814,1.324798255104711
2018-01-26,-2.667388983935289,1.415444273307552,9.854240191920123,-9.425237310611188,-8.018200300886809,0.8646659638886793
2018-01-29,-2.379056130216907,1.4151505697570292,10.06928634282628,-7.42979341503048,-7.540067965735557,0.602165017926223
2018-01-30,-1.520694112506497,1.4151224340405837,11.031335767655124,-5.650701217704238,-6.978440574042993,0.4344726678660873
2018-01-31,-0.4116157466611902,1.4152976684052678,11.314776197696863,-5.084304778810114,-6.744829119016574,0.1846972446439391
2018-02-01,-0.11666831061016468,1.4156179022225492,11.456367871467611,-6.117394297017628,-7.075398794892332,-0.2848232769276229
2018-02-02,-0.7155874692801574,1.4161296252514672,11.52984461484998,-9.564812879513743,-8.217183858931945,-1.1983917295442317
2018-02-05,-2.638083457729746,1.4163172566888298,11.484895353781766,-13.3356186107917,-10.097159318862651,-2.3290656190918466
2018-02-06,-5.053757478491699,1.4159209403797348,11.106301466794942,-12.407390403198358,-10.40092893759902,-2.931170941538944
2018-02-07,-5.179989031769311,1.4159563160335449,11.419143255012642,-11.647429108306683,-10.79498878419107,-3.5353594872576743
2018-02-08,-5.153673677283128,1.415977249822996,11.794158288353309,-12.568844593092663,-11.569831332122522,-4.290326162747557
2018-02-09,-5.887265985052078,1.415646832870244,11.802589459880654,-10.35722901681723,-11.118774113138578,-4.592947432152698
2018-02-12,-5.048985768644388,1.4156338066771441,12.118978371067705,-8.457134175829099,-10.72965770527514,-4.890334789104598
2018-02-13,-4.222833313970562,1.4125375295015727,11.09335989336446,-10.90852512742872,-10.706359705222296,-5.096663924628236
2018-02-14,-5.510058884664121,1.411190230230829,10.29574477831511,-9.40180555701327,-10.325171493555397,-5.310242098696439
2018-02-15,-5.197550052361939,1.41032027640448,10.680008037833549,-6.5115286673153605,-9.387272173575598,-5.313169498751118
2018-02-16,-3.7134513627022705,1.4103549770832748,10.980912208351103,-4.767915845016224,-8.7584504139246,-5.410303994912649
2018-02-19,-2.80503908507767,1.410318950895418,11.581775114031188,-2.9449161272468825,-7.920579482139689,-5.378826515276849
2018-02-20,-1.643959141566122,1.410352871782159,11.837490374067134,-0.8233130851346909,-6.792693457726165,-5.177092608528218
2018-02-21,-0.3369267149285785,1.4103123492557426,12.167368511013644,0.1601386859473155,-6.000065957894246,-5.054868833617669
2018-02-22,0.4486875610579403,1.4103325174636796,12.489582249961554,1.22736274177671,-5.127662745620195,-4.855382021389123
2018-02-23,1.31653710878245,1.4103613160986603,12.450977153528074,2.4477140378204654,-4.142820415057867,-4.565010511568588
2018-02-26,2.1828332232915577,1.4103585801993856,12.86213420893224,1.0193446020233392,-4.077013201257029,-4.513229273404503
2018-02-27,1.8656107229391539,1.4103401204307704,13.21082081348734,0.6309067727740181,-3.9005966544065993,-4.492505379220695
2018-02-28,1.9207941773115584,1.4101128137777623,12.303691204387952,-2.950923188537914,-4.825436330034181,-4.679532502181617
2018-03-01,-0.05365413861418518,1.410088063791902,12.650253652896588,-4.792297307919184,-5.699663934192319,-5.120512128385032
2018-03-02,-1.0443446821169282,1.410219067697083,12.511350507076688,-2.9417249156906213,-5.084627951010952,-4.922802997733898
2018-03-05,-0.15431592468978925,1.4099043978881873,13.058409118856376,-3.3498967141798834,-5.2758441435871415,-5.081212631016141
2018-03-06,-0.22856635393535393,1.4097191466554906,13.409505794580967,-3.933126591153597,-5.6168706064430935,-5.3448187889111285
2018-03-07,-0.5237263817556524,1.4104161800067818,12.338496149467392,0.3832896411877816,-3.5839499147403435,-4.371861652654
2018-03-08,1.6809623083638607,1.4108026855535647,11.463786011886697,5.737396586153477,-0.9126088917910328,-3.1996982384071915
2018-03-09,4.616483123903886,1.410811229809962,11.78327745343859,8.764686784934828,1.0507028719397165,-2.383625976040717
2018-03-12,6.777748956888861,1.410925724181751,12.390287909569947,9.117193393378669,2.151501292550383,-1.786216905373434
2018-03-13,7.715320096838844,1.4109455029405662,12.369309507286664,8.540357867137644,2.799148939353437,-1.3279622488927454
2018-03-14,7.895434449432102,1.4111051216441004,12.555224042416674,10.163689479305672,4.186537755673055,-0.4840391640898475
2018-03-15,9.326058807797653,1.4118940755783667,12.224862222796553,7.498988598266262,3.893874478261111,-0.2203502696995236
2018-03-16,8.259100561156664,1.4119704540700775,12.096679739348383,4.729738142624555,3.26638281383141,-0.1949564816608864
2018-03-19,7.023642572068334,1.4119404085143863,6.218571282844096,2.5430631128877126,2.5796524728879624,-0.25095071320094
2018-03-20,3.9140249987282347,1.41168849848282,11.552854584708868,-0.5502073518375232,1.2852326297177663,-0.5668267862444148
2018-03-21,4.136944728750542,1.411799674245885,10.773223196779224,0.974972233175414,1.5409101250608803,-0.3324815316394968
2018-03-22,4.573248642788877,1.4118642740695213,10.6823681622635,1.1670987331530194,1.5377113157743356,-0.2433746889851982
2018-03-23,4.639043172739262,1.411781046453374,9.767950789504464,-2.31019373519358,0.016909565514959,-0.68235095861989
2018-03-26,2.397290424919292,1.4117662043366583,10.253883951764616,-2.5782613498477933,-0.4515027314316317,-0.8511685778554596
2018-03-27,2.249516611515255,1.4119151446312188,10.170558603033143,-3.0183606421560154,-0.9575915187499257,-1.0673980828406602
2018-03-28,1.809983101441673,1.4120612813898084,10.822521690306438,-3.498562239234947,-1.479711493890263,-1.3149267935291302
2018-03-29,1.5990183707960757,1.4121483666278591,11.127441115516016,-3.644145623691015,-1.8733955763824404,-1.5389698076840297
2018-03-30,1.4373645230715577,1.4123205115530477,11.399256583525364,-4.340801751783433,-2.4634338302123515,-1.8514869620058052
2018-04-02,0.9689462680586638,1.4126980078976599,11.236875673026278,-6.931884988708024,-3.815846317434978,-2.4432123312244123
2018-04-03,-0.6899225179085019,1.4122794713358429,11.278161060234094,-6.111418002403318,-4.015781728064559,-2.676632589507221
2018-04-04,-0.5382480623994672,1.4111770382063553,10.490439032989912,-1.2071662000347598,-2.282875854666488,-2.081695899814866
2018-04-05,1.7350274532373846,1.410963931783176,10.473826424054767,3.369177545606582,-0.3146050878264291,-1.3868435798561405
2018-04-06,4.283097370662322,1.4110539429703146,11.023693903832262,4.441411892981958,0.6243397797273549,-1.0013094403998084
2018-04-09,5.3233440024419805,1.4112661641991862,11.148171978955228,6.44152807999673,1.9754567461940007,-0.4058291147722158
2018-04-10,6.760769072596468,1.411483572253591,11.371872159267465,8.43826396933136,3.4444825783880377,0.2901664495945043
2018-04-11,8.313863109884519,1.4124338879449208,9.266473930722814,0.478409451209131,0.7832945721118574,-0.297959943013149
2018-04-12,3.6128059964355717,1.412601761776764,9.015911088624538,-0.6633517214010027,0.2620231428480856,-0.4362628223524584
2018-04-13,2.8886995649270584,1.4128572495226988,8.301556543527926,-5.167948046530921,-1.7435682155344914,-1.1285599362093304
2018-04-16,0.09238410590971763,1.4132474212586041,8.504462945524269,-8.286898886534926,-3.5598218076127943,-1.906806669151036
2018-04-17,-1.8557422641852592,1.4141508783175207,8.62912441691352,-11.08445617606372,-5.470658922031465,-2.804555679940688
2018-04-18,-3.7914856143423696,1.4133429880436406,8.796189273721499,-11.02938798093532,-6.407674656250642,-3.4249136854729785
2018-04-19,-4.265461094355737,1.4140680842635522,8.999761107180511,-11.5019506814799,-7.450731672935452,-4.12437021439737
2018-04-20,-4.977345349043013,1.4142906290201673,9.25183841164502,-11.547865397661598,-8.293677049898388,-4.794576960342302
2018-04-23,-5.433310938891147,1.4126915493061984,9.59057616307897,-9.014172165482242,-7.922778132728684,-4.9874900661487045
2018-04-24,-4.351617274338434,1.4112745862360292,9.340168300794415,-5.308805738947183,-6.761924873454366,-4.837077921593219
2018-04-25,-2.6698312399087842,1.4111829619996157,8.696992116557393,-2.823067066070833,-5.819084888810423,-4.74784938487718
2018-04-26,-1.6550849939821406,1.4106812198875054,9.176148789881193,-0.1778281926553295,-4.551308933170339,-4.455421483911152
2018-04-27,-0.00296515546004882,1.4103300717265317,9.002135838020155,2.73273616628679,-2.9431370544180986,-3.946062923201048
2018-04-30,1.7084844230805285,1.4103178371717762,9.398661092468917,5.916250782013361,-0.994415038122152,-3.20520739924829
2018-05-01,3.925537849168914,1.4126623949394572,8.374336539233585,1.9939240583923887,-1.4181255370230206,-2.952047771585536
2018-05-02,2.118365873769084,1.4126942618176577,8.254903449567603,2.7395593698118947,-0.7182468003013681,-2.5813135461592
2018-05-03,2.7180194998082885,1.4128935405608873,8.26447205722329,5.091340848505915,0.6241913501177708,-1.9751931308234576
2018-05-04,4.242407093452158,1.4135689597344987,8.268150732998716,8.192987344001006,2.4454567850667863,-1.1254208192974482
2018-05-07,6.285712320060654,1.414015138694808,8.194020510447984,10.375341612841716,4.11612406372661,-0.2974575366805736
2018-05-08,7.910973298186697,1.413429189633999,8.823943474924214,9.199233861927514,4.541094750474768,0.1598565991437098
2018-05-09,8.02844256653659,1.413201390875184,9.316101532759294,7.358409533419324,4.500891646899257,0.422002089977161
2018-05-10,7.635619919194353,1.414173598878744,8.981072215041507,8.182664973367046,5.23875399474544,0.9899139127511096
2018-05-11,8.269131424439927,1.4139856745020984,9.499237425044258,7.703476650525202,5.55954921113588,1.394316721568616
2018-05-14,8.540164475903385,1.4141346950567113,9.76512576345299,7.347666039545466,5.851609878227388,1.7886583414983015
2018-05-15,8.753064446504583,1.41446179801107,9.996168079016185,7.708262728895258,6.355486176279063,2.266260095492685
2018-05-16,9.314947479349492,1.415313351597586,9.414071783802838,10.66022360627532,7.633782972952305,3.0391887937034614
2018-05-17,10.877711312364545,1.4151126026147958,9.960354919373486,11.672729471591763,8.719509405975453,3.808417583696598
2018-05-18,12.088714674146154,1.4154984510790125,10.173418353534228,12.80161086783383,9.87015804648995,4.639224842619762
2018-05-21,13.258147141853208,1.4147904577270662,10.31710336432455,11.346825211476594,9.983954803749834,5.107485512644428
2018-05-22,12.999254460303073,1.4146781656231255,10.594641090260868,9.761922510644752,9.91190124084388,5.50978121555488
2018-05-23,12.640746787200344,1.4132326964216455,10.577433784254078,5.007552810070795,8.00724247699169,5.073060437766444
2018-05-24,10.126892558229558,1.4131226625177753,10.829172156109996,1.6335722493032074,6.5518975576957095,4.812147374062309
2018-05-25,8.417701270716503,1.4131490653815257,11.134278955045245,-0.3009124964296488,5.409210750206188,4.5941555958517
2018-05-28,7.362144482605553,1.4133011257800059,11.221780315738204,0.4524145431355735,5.128630751542096,4.585736942501477
2018-05-29,7.557404692288794,1.4133543894950495,11.442047561554965,2.0172770323894,5.391156483972697,4.799789661033265
2018-05-30,8.356022654789967,1.4132646085997127,11.122009672022816,0.6922628615724884,4.612774885132703,4.579456518306053
2018-05-31,7.422846846534089,1.4134378321654473,10.953726083597616,1.37092153816773,4.610471596602849,4.654198804775114
2018-06-01,7.6290810990876095,1.4134918186687304,11.608074198424733,2.003250574824605,4.7382750148867245,4.8137637921355125
2018-06-04,8.185379302960433,1.4135044376598203,11.61747176282906,4.3096875894624365,5.521939579168325,5.147796283451351
2018-06-05,9.398081443729575,1.4134103048931326,11.756823578314714,3.7842193376334343,5.43952800404456,5.229086806149498
2018-06-06,9.261273857469984,1.4134139337855671,12.087979926224277,3.427848841551916,5.41946217034987,5.379158178242841
2018-06-07,9.297267802906552,1.4132566882615356,12.66018652270769,4.436155023658826,5.858341640575176,5.660857112324161
2018-06-08,10.107205305522212,1.4128274636535894,10.4645072962431,-1.06702854180106,3.0794495476231902,4.161761527743773
2018-06-11,5.877512809877781,1.4129749084805794,10.99091405831417,-2.467051466087469,2.152297987570121,3.8329493966566246
2018-06-12,5.125407840841933,1.413017848554421,10.96297208206522,-2.885360496389804,1.5547015368566748,3.607992445251406
2018-06-13,4.6809147733516605,1.414141010383123,10.583483274082203,1.897257203811681,2.767943344946626,3.651780862104937
2018-06-14,6.681286372943389,1.4139940968255984,10.55343246528716,2.0567790936858934,2.8815069271715164,3.680569899115045
2018-06-15,6.776965873255411,1.4139086033080537,10.706209765105127,0.6604400401208264,2.398821014308026,3.53200395734001
2018-06-18,6.109705507083713,1.4128549018616605,20.0,-0.0722788370363293,2.0601730948198616,3.445905719253959
2018-06-19,8.990627058244304,1.4139652063571075,20.0,-2.913071320405106,0.7273303724516234,2.8657545209483706
2018-06-20,7.312769149993102,1.4144611896275585,7.854826532962951,0.5340675288899249,1.5580667512664077,2.82663488738272
2018-06-21,4.517509916209218,1.4146400190297803,8.074242996458032,2.428903827240668,2.33375605440823,3.1392576366610507
2018-06-22,5.649284715695822,1.414428632079343,7.942476062471688,2.400617305215689,2.5027004703169737,3.250280443847436
2018-06-25,5.693540539060577,1.4148892305945695,8.11698316208601,3.243813734748408,2.996156531535068,3.4938505107348425
2018-06-26,6.313527693581689,1.4147324042366851,8.317131080975532,2.881359522994408,3.067629653801224,3.6073766395447855
2018-06-27,6.322323923853485,1.4149047520304556,7.235685577086863,2.640466180546096,3.132733967536837,3.72758031217982
2018-06-28,5.920476671126937,1.4149884827333603,7.776522058871133,2.2602938318477173,3.100054013679661,3.8113346240035937
2018-06-29,5.998239049698629,1.4156635977921255,7.562402676298702,3.240079964475987,3.545883462570291,4.045823943623306
2018-07-02,6.507804001559358,1.415186857359228,7.697782491422794,2.429763451413309,3.360341634922623,4.064396391436304
2018-07-03,6.212703107409961,1.4158164529045922,7.8447273364630545,3.0423635205289887,3.65873771087126,4.257138545975921
2018-07-04,6.656050330763325,1.4159574476656691,8.065748815450034,3.287976644886544,3.885015712804652,4.459498633717253
2018-07-05,6.978486547886221,1.4170781991305579,8.000924267350335,5.492826387133453,4.830124164301695,4.844259295063618
2018-07-06,8.21700641631541,1.4186738346621657,8.063433890444179,9.255865300653834,6.5314835740403066,5.482532354915577
2018-07-09,10.398370925595069,1.4179605520940468,7.884294137894863,10.209305795212108,7.592224213574517,6.131250973984162
2018-07-10,11.280942195318355,1.4182249188570095,8.473369163588847,10.572638568335211,8.452593561378572,6.766776718104867
2018-07-11,12.152173165680415,1.4185949633049149,8.706701908528911,10.703473015213213,9.179831919732145,7.383319217797114
2018-07-12,12.767130681549995,1.4196219342970338,8.488357531488651,11.46894018662107,10.070989783738714,8.055347901984588
2018-07-13,13.530874552100482,1.4211746760645265,8.535749457352084,13.132520034376952,11.268526889513575,8.81787106671792
2018-07-16,14.812748707279058,1.419026864552607,8.609335843549243,11.77867312185444,11.367738176213049,9.219607255556827
2018-07-17,14.506809086054439,1.416149712379801,8.563028097490708,8.1730988908482,10.266565970641746,9.081146514615194
2018-07-18,12.771523823547305,1.4157610730856731,8.787398436147832,5.5093482302221055,9.375668127204886,9.106759145165904
2018-07-19,11.591808674336464,1.4145333492539849,8.484204414738214,2.189462455277684,7.865824115064552,8.759015048043318
2018-07-20,9.647454403061593,1.4136237919182035,8.57171181191663,-1.3427857301147308,5.983140322689373,8.175322058317825
2018-07-23,7.554296951373022,1.4128507488437534,8.26931669116792,-6.126935956798947,3.080124147977989,6.849438837032212
2018-07-24,4.264657796842105,1.4130807419176485,7.883954106989566,-10.438703622891977,0.2403839792217806,5.616074761586724
2018-07-25,1.167550600952945,1.414480223934501,7.398073754029596,-14.56453094014566,-2.8226158095404403,4.1001890068945865
2018-07-26,-2.086229145898825,1.417062485781748,7.28172445612652,-18.473478655074143,-5.993243180765885,2.4030930606375054
2018-07-27,-5.235631645052803,1.4167678350606656,7.46457910203242,-19.591941514841228,-8.188014782439035,1.1220953013606572
2018-07-30,-6.801232404707624,1.4174193746143493,7.661819708196587,-20.0,-10.034646059121153,-0.110104201378721
2018-07-31,-7.971069208426696,1.4181548423828747,7.861471161298509,-20.0,-11.611339894576124,-1.3079230174054586
2018-08-01,-8.881917884758884,1.4178293080461513,9.768702992595658,-18.944811330728044,-12.539472586396064,-2.308666223061571
2018-08-02,-8.537789205898722,1.4215287003081278,8.243709911326416,-19.831108680563265,-13.486642188568371,-3.504656539870421
2018-08-03,-10.139811868547055,1.4192125962873912,6.337280469566687,-18.55940235149269,-14.10035543262043,-4.436623433885062
2018-08-06,-10.937243225884242,1.42230988029674,6.719082106712574,-19.05201296637784,-15.12123994846078,-5.51505100850046
2018-08-07,-11.669364581335204,1.415788901083531,6.047919716263441,-14.363500135028447,-13.689579879648354,-5.647337785102399
2018-08-08,-9.799098279317953,1.4174630081843351,6.167597728020499,-13.002624912274278,-13.640353421078776,-6.231138927620411
2018-08-09,-9.400899290669415,1.4080306165046657,6.0786833435863326,-5.408294278412719,-9.716156484749712,-5.087353485463143
2018-08-10,-4.979116683579277,1.4092051478322656,6.198456597174942,-3.158151588127842,-8.545274480920167,-5.005516663736483
2018-08-13,-3.701631284876287,1.4087383731320102,7.046919534125762,-0.9157365868695856,-7.248124148104993,-4.8070687098530485
2018-08-14,-2.0843922702597277,1.4074198400608504,6.81853808437562,3.396218814300177,-4.632273460959695,-3.9087775353052217
2018-08-15,0.5892710275238632,1.4083024423228745,7.171023434102494,3.475233572666632,-3.6555818069284793,-3.5757742708168263
2018-08-16,1.2023469170159709,1.4083534978095802,7.701841852876962,4.120723691077026,-2.681060052939126,-3.2482002908314653
2018-08-17,2.075545380950193,1.4087479337643014,7.338680264377876,7.425756562066256,-0.4050403461022338,-2.2236739461408064
2018-08-20,4.27877743809361,1.4103082617570037,6.93472304908788,12.012793484350452,2.553177904935206,-0.8391316215335207
2018-08-21,7.288038041870603,1.4109364536414553,7.091989721836031,15.343718195999488,5.148482953209696,0.3946712347882248
2018-08-22,9.87193087507368,1.4113412958299596,6.954486711573871,17.05593799052307,7.272744609720842,1.561933579063324
2018-08-23,11.572299304886663,1.4093180762237183,6.781628141158249,13.654345794368009,7.252901444634065,2.041618046248824
2018-08-24,10.507139298562887,1.413651519046711,6.005049972462012,14.746064528072694,8.311128757704294,2.9056226603530826
2018-08-27,11.291751963995715,1.4128878033648888,6.148753974509671,14.995883299352574,9.469123324960217,3.796970572283176
2018-08-28,12.163895459146364,1.4139653584995915,6.292800215315864,15.44031710406596,10.630058894798736,4.725208544894911
2018-08-29,13.101490949676347,1.4130020527756129,6.44078723148096,14.247736299292756,11.086984558546389,5.420814286055825
2018-08-30,13.152132482835313,1.4143476174990959,6.56670885610223,14.176340081352532,11.78048547200767,6.1970819552745855
2018-08-31,13.692308410749124,1.414472154241713,6.751722769422893,13.698844666079635,12.30686689569561,6.937690613914106
2018-09-03,14.010670460199922,1.411827823146841,6.781785954516575,10.7098739193212,11.555987274262806,7.13263368697397
2018-09-04,12.729898673328922,1.40738528054631,6.240893944889752,5.200289621299147,9.194492021149566,6.527077960508788
2018-09-05,9.558713891266255,1.4076207516190962,6.09559029570609,2.380724689916633,7.877784852068212,6.376902427071837
2018-09-06,8.004466303415192,1.4085549260313233,6.542539601029401,1.8786420635670495,7.222976177275026,6.367444588674215
2018-09-07,7.739052784823526,1.4063588163093435,6.13819396317714,-2.308950860831359,4.629879500054179,5.275115028558585
2018-09-10,4.828569856386154,1.406286970163383,6.290269703337146,-5.202404303979868,2.772213166468307,4.657612903060779
2018-09-11,2.9949227784818926,1.4064481153945623,6.1441203206754045,-6.641089454825395,1.330173640722527,4.113535942643231
2018-09-12,1.7397241546500322,1.4067640479708936,6.637034726855786,-5.973705283803963,0.6812583664674603,3.770964264318588
2018-09-13,1.800174272739608,1.4076089905886167,6.449883278273286,-2.1762874923810966,1.3675065357824838,3.75685593871977
2018-09-14,3.307247662746904,1.407645180415217,5.9371634744740645,-1.1377801750262575,1.5070184721337396,3.7521996989897226
2018-09-17,3.5415285222529036,1.4083582226075673,6.881955460888899,1.905901524865416,2.528257881945111,4.003240068361598
2018-09-18,5.396570177442235,1.4090854869453981,-0.6622868674443749,4.525040993547445,3.735974645826462,4.480290421104008
2018-09-19,4.258964297385513,1.4103675900579182,-0.6694088775602367,7.407781744272958,5.252278015439232,5.1065808219901845
2018-09-20,6.0362963683543445,1.412227774135373,-2.013326495503979,10.60279232985992,7.093609981846823,5.907657110963121
2018-09-21,7.620190454296929,1.4117520660373792,-2.0662598105541155,11.544146484999384,8.329900511519426,6.6479934461577255
2018-09-24,8.647003186600491,1.4143082679180954,-2.744067168385607,13.566618002692042,9.863157250612264,7.44358080858122
2018-09-25,9.966705339505799,1.4172708563292395,-2.379145003179212,16.326572740005705,11.758951290560889,8.419548134536758
2018-09-26,12.018746768537483,1.4087525547962079,-2.5651643002137368,12.496105473363464,10.84778403320766,8.199271073803567
2018-09-27,10.23741536231706,1.4131295018939383,-1.766283364476178,13.620742587215808,11.31893098952914,8.332380257876817
2018-09-28,11.140849107920411,1.414451885057351,-2.1112081487931,15.229952936120274,12.768413723372973,9.329015157810396
2018-10-01,12.459234717719939,1.415171884941116,-1.8592178726522692,15.9547087234283,13.963033040618557,10.300042839356433
2018-10-02,13.537813400129359,1.4117121210659271,-1.5701587157023549,14.035865379512272,13.96361265105384,10.784027434171731
2018-10-03,13.121714599961257,1.4104310142759575,-1.60966494880544,11.85722693661384,13.700219529734651,11.211162783356254
2018-10-04,12.35076632389333,1.405135059595907,-0.9561174190638568,7.39913417149475,11.940514711106118,10.812002728210691
2018-10-05,10.226383660103048,1.4010887545936526,0.3157407128807736,2.272528386188668,9.510046717191134,10.054752220086886
2018-10-08,7.7414524873285,1.3978113504868537,0.6097889439147498,-3.62250385079147,6.157975874918713,8.65064977716909
2018-10-09,4.122371732687093,1.3978985842566494,0.6268510750393377,-6.891354836336653,3.9011703799023194,7.902609359571316
2018-10-10,1.93602454464441,1.3980343656983143,1.2640424945182471,-10.096580515713478,1.3690568336871949,6.810656722556126
2018-10-11,-0.22824203740787258,1.3984894847633242,1.291752224541776,-10.53262622185439,-0.1286786158802795,6.077816946185638
2018-10-12,-1.1513628261077749,1.3990951189037102,1.3051130530873665,-8.56654571730735,-0.5728219442607687,5.61609041519359
2018-10-15,-0.776459732913274,1.400184414234216,1.6206176841695794,-9.367275539682073,-1.8329471094830885,4.751732249356935
2018-10-16,-1.690584669226405,1.4006870261928759,1.6556221240530888,-10.611440800515302,-3.20673923995485,3.955816538345115
2018-10-17,-2.877036420269125,1.4022795590739292,1.9768343618224933,-12.905201034521316,-5.04593208095766,2.8041684319753744
2018-10-18,-4.615785836183326,1.40189526555699,1.326089162451722,-11.7522844363977,-5.615557035233969,2.125404950751132
2018-10-19,-4.877016484686364,1.4018093567440213,1.3610134885375529,-10.279693708972156,-5.869227509834963,1.6461656171494974
2018-10-22,-4.6136938397997085,1.4042868289718222,1.6469099417627873,-11.63878591893282,-6.921422684653701,0.6725168280719914
2018-10-23,-5.698485475873637,1.4035002832267578,1.6649170583044672,-10.454459338962993,-7.146684596074954,0.1366663364759162
2018-10-24,-5.5553334237869185,1.4064526439534388,1.5895213278186846,-12.229496594970486,-8.203094752027143,-0.8336786430536802
2018-10-25,-6.916050981888503,1.4059336937434403,1.3020415579284788,-12.324486066170271,-8.984110045539385,-1.567548668507269
2018-10-26,-7.5933811959101325,1.4078696328967826,1.308040376484983,-13.63254773751872,-10.117465409311295,-2.4807443919878835
2018-10-29,-8.782882353653848,1.409618750065969,1.655333505691662,-15.412001362840712,-11.555553819956458,-3.531317282629087
2018-10-30,-10.178829124534344,1.4115922652548187,1.6741986521586116,-17.355147171067134,-13.162667030069908,-4.6928288654393
2018-10-31,-11.816201739543901,1.409356530886616,1.3558140207544689,-16.093720552987406,-13.590956020455502,-5.458573718648633
2018-11-01,-11.910415648459804,1.410040768149524,1.392488376221086,-15.37535874917802,-14.142933264844649,-6.273408200023038
2018-11-02,-12.137887837509162,1.4114146445835256,1.0672413597093515,-15.353068242339749,-14.802003904364264,-7.125218919552175
2018-11-05,-12.753233435253067,1.4086892475059842,1.0759359124976016,-12.769047552326578,-14.255231572175129,-7.497953033440112
2018-11-06,-11.736172766514171,1.403584143414717,0.6917624080639766,-7.194102254396049,-11.81516719123933,-6.978638762258495
2018-11-07,-8.895764429527796,1.4066592594651497,1.3238458566272115,-7.298981707499566,-11.150223703641933,-6.959620814420131
2018-11-08,-8.42854486724036,1.3998009943345053,1.1647035456527328,-1.5990230957154523,-7.671215317709061,-5.587802365806053
2018-11-09,-4.804694909999179,1.403513205887443,1.3129596334842684,-3.44626705273632,-7.185281659477647,-5.281272715023421
2018-11-12,-5.124902890700176,1.404096275183367,1.347181106120528,-5.041659094334562,-7.709471059198751,-5.7014207340304015
2018-11-13,-6.011250768484173,1.4056991097627125,1.6270206595532668,-7.500634461054724,-8.655936181202764,-6.247115794902013
2018-11-14,-7.312587534313541,1.4078462083546217,1.0772447452967768,-10.731778932783442,-10.08509814502425,-6.976807950132856
2018-11-15,-9.410202007665806,1.4089005732966762,1.1032642194321025,-13.05831584962092,-11.628923990203734,-7.919885829194523
2018-11-16,-11.105240569528513,1.4100164308174445,1.695411490675596,-14.640970767279764,-13.038394291461104,-8.881688963917368
2018-11-19,-12.241985417340102,1.4044755270017346,1.672306661009491,-11.850562268553084,-12.458235869409195,-8.981192562277377
2018-11-20,-11.083774295351143,1.4022246893983463,1.6986310659674844,-8.665213559373113,-11.61400682841031,-9.063864788251358
2018-11-21,-9.705106055125288,1.4042753047658803,1.7100501533740595,-8.36672400304854,-11.518055826281214,-9.3259758229989
2018-11-22,-9.645752112463697,1.4029824962607405,1.7467050718201873,-6.909803222536021,-11.05547345980269,-9.506952207824904
2018-11-23,-9.03069332757406,1.4041608468449969,1.7848875563946958,-6.851328045921584,-11.022996525801274,-9.818134189526027
2018-11-26,-9.092754704237185,1.4038760534269634,1.833857485130272,-6.248872912720877,-10.827464357180329,-10.088701840358542
2018-11-27,-8.906100261153433,1.4063458062008842,1.5107983008735557,-7.975862879532512,-11.212499405019283,-10.323646269816797
2018-11-28,-9.845508904824964,1.4064404810640032,1.553364327784141,-8.79348468111243,-11.755092708801737,-10.88377707524618
2018-11-29,-10.48328114011159,1.4034317882782592,1.553854056919087,-6.590354981937796,-10.914270966432062,-10.754151417141475
2018-11-30,-9.358277326590452,1.4017306424661327,1.260363116711039,-3.671009684817739,-9.679561056410572,-10.516117757932268
2018-12-03,-7.937887920495498,1.4045428058216116,1.536057727201252,-4.748025985708908,-9.492304256019953,-10.337736748694851
2018-12-04,-8.088775601360553,1.404178864604679,1.261749011640224,-4.806076044931717,-9.46417149850294,-10.577314299573205
2018-12-05,-8.293936776488831,1.4065975738531122,1.5539732219847977,-7.0798438684527225,-10.049105486641183,-10.753064267053738
2018-12-06,-9.250812596651473,1.4054692192882314,1.903902719290968,-7.080368545224211,-10.227188786255368,-11.062973072440334
2018-12-07,-9.320650408901347,1.4086646050965552,1.1832447388348548,-10.058898570765058,-10.937367634727227,-10.934094202706392
2018-12-10,-10.78441938019906,1.402982900401883,0.8555033194892419,-7.838627854558663,-10.10922175413711,-10.52718353756091
2018-12-11,-9.706903408812881,1.405802845985516,1.0967909911551734,-9.46228424935179,-10.588917617419302,-10.570763563606064
2018-12-12,-10.381798355595128,1.4065012048570575,0.5626918549041923,-10.831303656063772,-11.588135228325855,-11.286161803068318
2018-12-13,-11.65847918768344,1.4070556385482016,0.5780395232620383,-11.59258979206038,-12.43786096832822,-11.99364443972148
2018-12-14,-12.473473984519858,1.4076007890115725,0.8906656630246423,-11.966065764402304,-13.15359585246926,-12.68418407849544
2018-12-17,-12.981256737317528,1.4066798607915862,11.288755953654045,-11.0334558588117,-13.30697664092116,-13.169195419806112
2018-12-18,-9.232704515757128,1.4084511800781423,1.2485029346751952,-11.858725115777805,-13.842957021634302,-13.618791408427647
2018-12-19,-13.426369067862538,1.410630324864274,1.0860806454521206,-15.032404699616292,-14.190694831972356,-12.903569699309806
2018-12-20,-14.47103227899843,1.4104117682298636,1.395705395053107,-17.132388372357152,-15.902084735026705,-14.066798433200177
2018-12-21,-16.08262117802845,1.407497820009041,1.420706274841477,-16.262714579902543,-16.438601901071415,-14.773914899492876
2018-12-24,-16.222413139758903,1.4089745233549185,1.742047751559335,-16.195767835713998,-17.161581862140174,-15.591812267156651
2018-12-25,-16.628563463960212,1.4089879240465806,1.7911291222687962,-15.637260573053227,-17.67890053473637,-16.40645714692961
2018-12-26,-16.903083879777416,1.4106036917041034,1.826950406822804,-15.784992189617054,-18.27596898706428,-17.17910795148091
2018-12-27,-17.433442458638186,1.4112400034454347,1.8767649604027044,-15.738399634469346,-18.85428625383401,-18.02939024744176
2018-12-28,-17.90742020746474,1.4115526966098186,1.929258452443246,-15.336584921707376,-19.252877924172115,-18.829564385003405
2018-12-31,-18.162782018798936,1.4109818280173945,1.9824579574312056,-14.253341934034724,-19.29685174496329,-19.49182258068031
2019-01-01,-18.011067594350088,1.4109849903309817,2.038312771880181,-13.145301647216902,-19.20728787131424,-20.0
2019-01-02,-17.78028893520707,1.4135382706373152,2.0336267471861733,-13.88220473252714,-19.336976614413075,-20.0
2019-01-03,-18.082999823905183,1.4131330579735146,1.7418827249104758,-13.782598263481924,-19.63526022780592,-20.0
2019-01-04,-18.21608348502788,1.4100233785526353,1.76446080898615,-11.507290428280658,-18.82805299769084,-20.0
2019-01-07,-17.0855669867429,1.4070625087441206,1.7831134880949155,-8.112578497680122,-17.318538825541005,-20.0
2019-01-08,-15.355959081293877,1.4072541909864844,1.833141354962865,-6.167500032483683,-16.330331087641625,-20.0
2019-01-09,-14.330920650787927,1.4096672797504304,2.20798104755434,-6.69839928993915,-15.887279835771125,-20.0
2019-01-10,-14.24070743973419,1.4107498067046393,2.2585509103564365,-7.713724173810974,-16.018677192049662,-20.0
2019-01-11,-14.665047103164293,1.414389736385619,2.5189677452711154,-10.793828706652263,-16.309499789044576,-20.0
2019-01-14,-15.757219936203771,1.4136993036109247,2.2167741657062536,-11.93148284345035,-17.054250961671343,-20.0
2019-01-15,-16.48665489131644,1.4100510268714204,2.21459208422613,-9.681122142757475,-16.17995057035949,-20.0
2019-01-16,-15.337225824568339,1.4055864851945197,2.520173927789385,-4.9911289995508525,-13.810802710523394,-19.96048680636697
2019-01-17,-12.746712649127202,1.4068347911451877,2.203525557596983,-3.5740426189398598,-12.877126611138236,-19.817252942983476
2019-01-18,-11.980960712977124,1.4068395214254752,2.2656088470265536,-2.67552675026075,-12.150469703481802,-19.821066058639428
2019-01-21,-11.396453936389232,1.4077754574165,2.316872133677279,-3.003580882610577,-11.82409229662233,-19.85715271062937
2019-01-22,-11.37141125268791,1.4052678570099617,2.43542781793152,1.6481185970368155,-8.36955020576356,-16.870490169319236
2019-01-23,-7.43045356585109,1.4048553753489486,2.4934212164980942,4.803939333202278,-6.39305076712976,-16.158368315376155
2019-01-24,-5.356611285229849,1.4046389749219494,2.191166049717908,7.068283944719868,-4.559826764935252,-15.424310942987791
2019-01-25,-3.7664706355900686,1.4047851970007827,2.211668076920204,9.66965752980466,-2.372698944195071,-14.264121228563823
2019-01-28,-1.67217922256908,1.4065239266700604,2.584874905039796,8.5393485215307,-1.5368953813233794,-13.434820374418312
2019-01-29,-1.3543590071678,1.408043360501824,2.219352564372061,5.500648940487455,-1.7299400142001715,-12.99084464164094
2019-01-30,-2.4659602132244935,1.4089624889345334,2.9939827877496783,2.0557694862227947,-2.519406302403496,-12.939156028596829
2019-01-31,-3.6661071369991722,1.4088477422157892,3.074232723528337,0.5708370709156926,-2.9397333617249903,-12.984388280692649
2019-02-01,-4.3274765481040225,1.4097103267197877,3.4974189737778985,-1.911837872644873,-3.8562641306159215,-13.076070301902076
2019-02-04,-5.4136853731300425,1.4110307910035285,3.8589681372994815,-5.468350326922353,-5.370319386074059,-13.255813022343832
2019-02-05,-7.123402409605938,1.4080990873927444,3.361148753159721,-1.3695977687477352,-3.650879960681314,-10.976128713793305
2019-02-06,-4.446286824723148,1.4075586128455022,3.0579884194012825,2.1575373221695946,-2.207930674978302,-10.29578540109631
2019-02-07,-2.5648324872285473,1.4076649316284309,3.142835513750051,3.778331529132203,-1.2309196808181886,-9.87929997075595
2019-02-08,-1.4743669980982541,1.407828581612065,3.584116949476367,4.00574719425746,-0.6853444833632969,-9.569617473927671
2019-02-11,-0.9379824079470102,1.4078018497866278,3.3125318397219203,4.438311468241276,-0.0790526458838628,-9.221805495044956
2019-02-12,-0.5455247410495384,1.4077923112665787,3.385627798172687,5.48675415159352,0.7865188787394691,-8.7102782757408
2019-02-13,0.333889717111582,1.4078928068425927,3.4747777584487984,5.339377743115661,1.227005836216176,-8.363041277546953
2019-02-14,0.5906867976312722,1.4079726752066064,3.5422928039400987,6.211297159743701,2.0246847550500835,-7.810552737504374
2019-02-15,1.3966390328300669,1.4080009027217977,3.642095226758885,6.503741402708637,2.6349673807212595,-7.372444414834172
2019-02-18,1.9060063324550809,1.4096742635916464,3.3682415780224337,9.762626936401617,4.38533250018559,-5.665960015794515
2019-02-19,4.176184940075093,1.4096540114222689,3.835824159822978,10.84690889917879,5.600989068506428,-4.883568907362091
2019-02-20,5.427303037058564,1.4096750751696934,3.549477546139145,11.048165690274413,6.497224407176086,-4.196360338786351
2019-02-21,5.965686698967393,1.4121215776902816,3.319645825521639,13.575153938977602,8.029503893675063,-2.6713127149307123
2019-02-22,7.855300782330005,1.411999097535249,3.18628854224852,10.80641384867741,7.654943148766561,-2.026346860250723
2019-02-25,6.926738422628715,1.4120856189577726,3.275481513105561,9.545107761835514,7.791750490130244,-1.5759376185718703
2019-02-26,6.719147562275967,1.411852410044097,3.346791839144609,7.435114375974867,7.386706064723499,-1.31716327484404
2019-02-27,5.946285089092123,1.411459652479303,3.3232475385911098,3.458402789984456,5.865490031266043,-1.417323465052153
2019-02-28,3.962166884417222,1.4113024002219074,3.0438883263510794,-3.0168693331182226,2.6462006436459884,-2.0153204196225163
2019-03-01,0.23218376332957122,1.4116676672628319,2.6441448672919794,-8.837904830390805,-0.5402897790553371,-2.996633591362169
2019-03-04,-3.4332234350502757,1.4112979807799901,2.6792704554436786,-10.150884761960992,-2.2310015234685903,-3.6781182071735534
2019-03-05,-4.719307902081612,1.4107769839758222,2.715437999647909,-8.913811964919956,-2.857897311090403,-4.034861134560218
2019-03-06,-4.60917089632139,1.4083337488743755,2.318657914125253,-1.564509799923519,-0.7300673183101385,-2.8783385459205157
2019-03-07,-1.004984055934647,1.4083998628707783,2.6815255057676866,1.5916341467214363,0.4768098349538704,-2.4745595640419773
2019-03-08,0.8012324397402034,1.4085065402942696,2.4144158220861827,1.6913875901890765,0.7534060362995045,-2.318117025655227
2019-03-11,0.8948662326819298,1.4086323261769305,2.705164766171903,-0.6144606557369662,0.0223028270424096,-2.4877876129868564
2019-03-12,-0.1319712050352853,1.408516646231794,2.704884831524079,0.3174416844916077,0.3475985557905539,-2.3055332297394164
2019-03-13,0.3748064513420836,1.4085280872288104,2.468449296999433,1.5399544267932208,0.8880234769475829,-2.083393361995041
2019-03-14,0.9906098423781539,1.4085999659641963,2.8049946035285886,0.4640931527910908,0.6030552034981723,-2.113303544534121
2019-03-15,0.6193778519020393,1.408605803394787,2.799003132871296,2.055937113931879,1.2655087437162436,-1.770560978116427
2019-03-18,1.5320653264787671,1.4088319718671691,20.0,6.317912938226799,3.119600339709822,-0.8202747031024519
2019-03-19,10.078985516897797,1.4087991740420682,2.875184999119808,6.733734157628975,3.848324718185753,-0.3563889953070502
2019-03-20,4.6141488974668405,1.4088084907014986,3.2841848716047246,6.645210556965997,4.3686177231400505,0.0282187590497549
2019-03-21,5.043527922352517,1.408193851326472,2.82384845520646,2.8296488100902177,3.18006497032965,-0.1302890158385136
2019-03-22,3.0636569687798185,1.4080481636790487,2.860748650382642,-0.6427685852796262,1.827718404125027,-0.4921747824089266
2019-03-25,1.2509313007726592,1.4081023919020637,2.9365136967494667,-2.051346280177407,0.9984136762637768,-0.7444418028638786
2025-03-25,0.4010100601479952,1.408115982577923,3.3367261533520924,-1.8730009984820877,0.7078826777124241,-0.8327615113652557
2025-03-26,0.4713379768609956,1.4081914238894642,3.077450585557253,-2.399718555642479,0.2006783125845388,-1.01941424979098
2025-03-27,-0.04963985942796912,1.4081839399042717,3.5013185928072303,-1.831508248406688,0.1218162674026985,-1.067071251725534
