Date,FinalForecast,Multiplier,CARRY_forecast,ewma_EWMA002_forecast,ewma_EWMA004_forecast,ewma_EWMA008_forecast,ewma_EWMA016_forecast,_sharpe_results_forecast
2023-01-03,,,-20.0,-4.7111111111111645,-2.117647058823445,-0.8565656565657206,-0.3257918552036786,-0.3257918552036786
2023-01-04,,,-20.0,-5.458896496891612,-3.2620800180222664,-1.5262797562024604,-0.6255391320707765,-0.6255391320707765
2023-01-05,-7.874583633814473,1.5,-20.0,-3.5534639685707727,-3.157437138999479,-1.777461150835043,-0.7988057495000715,-0.7988057495000715
2023-01-06,-7.388194773174694,1.4734164496881832,-20.0,-5.352786635239309,-4.225390172463683,-2.454129360023113,-1.14163477829132,-1.14163477829132
2023-01-09,-6.995506434165743,1.223148314404099,-20.0,-4.695302359092542,-4.484712216540811,-2.889976204479572,-1.4264285767409024,-1.4264285767409024
2023-01-10,-6.817032371900611,1.1712158844885323,-20.0,-3.1738549066873007,-4.144114423120012,-3.07421621583237,-1.63277939977661,-1.63277939977661
2023-01-11,-6.284658577140718,1.1203350728472055,-20.0,-0.7677306154003877,-3.09288835265252,-2.902798976727601,-1.7059591686073536,-1.7059591686073536
2023-01-12,-5.6170287101846945,1.1168781002522687,-20.0,1.8154862395048392,-1.5713331269519488,-2.414568648835953,-1.6425385406696942,-1.6425385406696942
2023-01-13,-5.328385298695925,1.2559298015722937,-20.0,0.0860229316739197,-1.6488768622812215,-2.415378317590295,-1.7327246483284575,-1.7327246483284575
2023-01-16,-5.749574720769188,1.257026987003613,-20.0,0.3986803764406128,-1.2802729761835288,-2.263993257729535,-1.7659911001681956,-1.7659911001681956
2023-01-17,-5.631645681484518,1.2666024884909408,-20.0,1.96445513096596,-0.3367860680526576,-1.848027551265226,-1.6854822340145932,-1.6854822340145932
2023-01-18,-5.250733194455019,1.3354231649060035,-20.0,-0.2286878103460961,-0.8563181970628613,-1.93606415469347,-1.76831133377669,-1.76831133377669
2023-01-19,-6.029368362613761,1.3621744331377381,-20.0,-2.7459785477162786,-1.9908753176881613,-2.346342018397043,-1.9793760132877545,-1.9793760132877545
2023-01-20,-7.006756266597627,1.3543137731228543,-20.0,-6.767371582968592,-4.196930364305803,-3.2894529369004504,-2.3985176552353886,-2.3985176552353886
2023-01-23,-8.041933075461943,1.2356113208533126,-20.0,-2.560937696677245,-3.2614908833407315,-3.1591082769883,-2.4488601712427758,-2.448860171242776
2023-01-24,-7.079441506702265,1.253765653423202,-20.0,-3.0341412039446043,-3.528730006950387,-3.4302404370665096,-2.6640688714124865,-2.6640688714124865
2023-01-25,-7.581053257120697,1.2877890880776506,-20.0,-7.851776841958216,-5.769624176249799,-4.448021499489818,-3.1306109722234168,-3.1306109722234168
2023-01-26,-9.646065559511412,1.3055617408515445,-20.0,-9.88516682937252,-7.644962344439515,-5.58998253133956,-3.738729472155769,-3.738729472155769
2023-01-27,-10.514349920637683,1.2468207211149076,-20.0,-6.816088977778817,-7.358836374859581,-5.992209788698673,-4.113374201499396,-4.113374201499396
2023-01-30,-9.910706550459771,1.22875526714612,-20.0,-3.862321052873235,-6.401711408400288,-6.055368448777847,-4.379398102709768,-4.379398102709768
2023-01-31,-9.213296001811283,1.226308493865998,-20.0,-2.2043942998188286,-5.491047346345568,-6.00796447094082,-4.6009005775003216,-4.6009005775003216
2023-02-01,-8.885020457680849,1.242509386051698,-20.0,-4.465075281360591,-6.091348038161194,-6.413988713569635,-4.955526273376069,-4.955526273376069
2023-02-02,-9.523763947078935,1.2188736890920804,-20.0,0.0359624701600896,-4.10249877693108,-5.76708156684869,-4.885902503886704,-4.885902503886704
2023-02-03,-8.043969193286848,1.218616332017396,-20.0,1.9532752665182325,-2.6011208238691657,-5.213791405907369,-4.876980693704213,-4.876980693704213
2023-02-06,-7.403844142710176,1.2472923919142709,-20.0,6.389822080373365,0.2621991078695806,-3.882812594622288,-4.471893431361283,-4.471893431361283
2023-02-07,-5.463502851454538,1.2523990557442513,-20.0,7.939658918423936,2.348529875547516,-2.697876975981517,-4.112447649229011,-4.112447649229011
2023-02-08,-4.633539927065617,1.3473128541077313,-20.0,12.244341749242752,5.640831435019325,-0.7719029190612273,-3.310608771788659,-3.310608771788659
2023-02-09,-2.1299842210494817,1.3441287537807136,-20.0,11.947080677353185,7.35467905835409,0.6636638555125887,-2.703003371536311,-2.703003371536311
2023-02-10,-1.2392307601416224,1.3666521314572062,-20.0,8.170118235990607,7.080438917350821,1.3825579433709214,-2.28464632469291,-2.28464632469291
2023-02-13,-1.8116083062507753,1.3696328951011156,-20.0,5.073192019254944,6.241047257758267,1.7476492425799548,-1.9850066198359304,-1.9850066198359304
2023-02-14,-2.5084482399838275,1.379768734418576,-20.0,1.2302488483986942,4.481668677587693,1.5866278857634342,-1.8642792262228003,-1.8642792262228003
2023-02-15,-3.7766438845952806,1.3791750043925761,-20.0,-0.8119974333320606,2.981730080376576,1.3069251124101342,-1.8225020697632388,-1.8225020697632388
2023-02-16,-4.66288037273605,1.38718771034498,-20.0,2.5574392162774533,3.710155177251183,1.754608173820874,-1.491158003421527,-1.491158003421527
2023-02-17,-3.47166842424518,1.3923698259186634,-20.0,7.24948686703173,5.806728601561986,2.82046390582551,-0.9053078712428028,-0.9053078712428028
2023-02-20,-1.373691290193877,1.3889848542223298,-20.0,8.675250873243357,7.298454457165203,3.8464612108462894,-0.3283374443395718,-0.3283374443395718
2023-02-21,-0.19408717018161972,1.3921236108108404,-20.0,6.643315605343671,7.293242526792194,4.376215557846445,0.1041500925516692,0.1041500925516692
2023-02-22,-0.3402601965429697,1.3804348607176369,-20.0,9.439313445582462,8.828122725830113,5.440432391565919,0.7834531672280984,0.7834531672280984
2023-02-23,1.1857023948340872,1.3487237858177457,-20.0,13.6019576015833,11.37630092845659,7.003404381976379,1.6947451248718377,1.6947451248718377
2023-02-24,3.352722645332438,1.3087070085307362,-20.0,17.01579953042525,14.18392205982976,8.876858646556599,2.777553363936078,2.777553363936078
2023-02-27,5.63024337363103,1.3179569603956016,-20.0,14.773017197428914,14.925154476061198,10.190287899787354,3.716199727029496,3.716199727029496
2023-02-28,6.015994201777808,1.3211870525209426,-20.0,11.98024916446633,14.711202822832782,11.099452695045445,4.5499171564225485,4.5499171564225485
2023-03-01,5.842266968434868,1.3035566563224523,-20.0,0.4588666617571051,9.08293082608528,9.176240755328267,4.258091826714349,4.258091826714349
2023-03-02,1.5764979417616298,1.3075335240983201,-20.0,-4.880044278092713,5.200149547634574,7.883413342562883,4.15695348850141,4.15695348850141
2023-03-03,-0.94892919728444,1.6348753858349334,-20.0,-20.0,-5.986029588416629,0.7474572690013448,1.1014123918682714,1.1014123918682714
2023-03-06,-11.733682708473841,1.635898068053222,-20.0,-20.0,-10.389344761209331,-1.916199457070554,0.0662057234138531,0.0662057234138531
2023-03-07,-14.07339546133094,1.618464682538467,-20.0,-16.929012604174883,-11.57244413561181,-3.595109825460833,-0.733048662889873,-0.733048662889873
2023-03-08,-13.376069325570692,1.4983649080020565,-20.0,-16.964819032598104,-13.305912598019557,-5.461801204742726,-1.6853654590568787,-1.6853654590568787
2023-03-09,-15.574816437914407,1.5811123226167598,20.0,-17.108935256122287,-14.889630085393796,-7.2993598896418845,-2.70448085724845,-2.70448085724845
2023-03-10,-6.50151145611875,1.5788742961635207,20.0,-19.14458869515785,-16.969099492598858,-9.308162578696155,-3.8590244614900633,-3.8590244614900633
2023-03-13,-8.628784187753187,1.562246887036517,20.0,-16.419610606597924,-17.340895833251366,-10.77562822508877,-4.900928276607004,-4.900928276607004
2023-03-14,-8.767101155553556,1.5319069365220774,20.0,-11.631013377068076,-16.04970742819288,-11.460990114556962,-5.694125219004736,-5.694125219004736
2023-03-15,-7.612019752707902,1.4959769513281032,20.0,-6.057701644827239,-13.466428436350352,-11.356078576870043,-6.18669571651106,-6.18669571651106
2023-03-16,-5.83611123894507,1.505860051627796,20.0,-5.652501299710298,-12.42667596545523,-11.571550581408289,-6.777267865185762,-6.777267865185762
2023-03-17,-5.809503405582626,1.5021169795341842,20.0,-4.272756107964817,-11.194297824246878,-11.597439055042866,-7.294702324019935,-7.294702324019935
2023-03-20,-5.4264512998687815,1.5035957196982468,20.0,-3.550454262408125,-10.206476139968274,-11.58016625465175,-7.776885491205961,-7.776885491205961
2023-03-21,-5.25718850448419,1.5099004776304528,20.0,-4.110602100238177,-9.827285116008536,-11.69072679004698,-8.280653078056776,-8.280653078056776
2023-03-22,-5.482189767210104,1.482345964407123,20.0,-0.0425913252271517,-7.498726589383144,-10.865473381513048,-8.355060315974846,-8.355060315974846
2023-03-23,-3.746944815842023,1.4871866027943375,20.0,0.07048322527274,-6.454525140660628,-10.46658643324998,-8.598392231248077,-8.598392231248077
2023-03-24,-3.4726157548857004,1.483240708410005,20.0,1.2256768975638832,-5.127266508019115,-9.8749686601559,-8.732388770494596,-8.732388770494596
2023-03-27,-2.778548483809254,1.4830346839787345,20.0,1.6262118530386234,-4.097248634584201,-9.31784289107456,-8.845283480513084,-8.845283480513084
2023-03-28,-2.3354782937855116,1.4782371064757995,20.0,3.645934431576542,-2.3980603473217226,-8.387639991095,-8.747945044132784,-8.747945044132784
2023-03-29,-1.1402243134302406,1.4758096562394678,20.0,7.159879483135215,0.2164144097167723,-6.90196600746683,-8.32962992810465,-8.32962992810465
2023-03-30,0.9380978116550021,1.4753568814199942,20.0,9.049840896080706,2.49234834505918,-5.436203608107852,-7.901783086365385,-7.901783086365385
2023-03-31,2.535368293856671,1.476566725103541,20.0,8.25096450179544,3.617852478639908,-4.314242881358879,-7.554205719771577,-7.554205719771577
2023-04-03,3.083563935022075,1.4865130816815297,20.0,11.264165511544148,6.03551168257761,-2.516649654326345,-6.747106200684016,-6.747106200684016
2023-04-04,5.291159077770938,1.4912504176580865,20.0,13.544904682712303,8.492942811837167,-0.6354321885955638,-5.909601893038647,-5.909601893038647
2023-04-05,7.364838121998446,1.49371979787592,20.0,11.49802046657016,9.184783854924104,0.6342494235993242,-5.275396170083683,-5.275396170083683
2023-04-06,7.664318163405812,1.4946862855774772,20.0,9.354920624406622,9.21787905326122,1.5970089092298316,-4.710674184644765,-4.710674184644765
2023-04-07,7.6847434310787035,1.4995372210562974,20.0,10.78922964481744,10.294815609657366,2.9079643244965903,-3.908423285102269,-3.908423285102269
2023-04-10,9.04649582364877,1.5004486622144153,20.0,10.833366419750812,11.060306166924114,4.103210408781184,-3.1638374228559947,-3.1638374228559947
2023-04-11,9.92925204249351,1.5018074479852037,20.0,11.07965309768702,11.823998890672048,5.291100239482975,-2.368894544621249,-2.368894544621249
2023-04-12,10.883083552098974,1.5026015762844254,20.0,10.013353987534009,11.993157077475392,6.240126894475887,-1.6373673778927342,-1.6373673778927342
2023-04-13,11.268277578079221,1.5033756779702647,20.0,8.403140278119754,11.66231958397516,6.930970171568744,-0.975747996417858,-0.975747996417858
2023-04-14,11.292197519904908,1.504124416255536,20.0,6.855482363472942,11.0626091096437,7.4171745712538755,-0.3772827718121668,-0.3772827718121668
2023-04-17,11.18680032620961,1.505602227047424,20.0,7.957263270962474,11.366848843975866,8.13331795375842,0.3334654536577273,0.3334654536577273
2023-04-18,12.083717250051697,1.506561376190517,20.0,8.436066918135317,11.70885995445409,8.880206897743163,1.05622691269397,1.05622691269397
2023-04-19,12.824517848162658,1.5047074120370774,20.0,3.5326949430327645,9.58594512491494,8.55114429531557,1.4171011764576893,1.4171011764576893
2023-04-20,11.147599557770711,1.5029124867662513,20.0,-2.7923202397868336,5.939401166651608,7.329500559773545,1.4035458353455368,1.4035458353455368
2023-04-21,8.34089537317615,1.5036012402386068,20.0,-4.133896832574735,3.822167617254951,6.501660087915361,1.423013922908734,1.423013922908734
2023-04-24,7.29508094715452,1.5074579113232527,20.0,-14.273601652856286,-2.8136178066778985,2.906848701668442,0.455345124766702,0.455345124766702
2023-04-25,1.6921011988041295,1.5084881490981237,20.0,-18.150581005034827,-7.354986442578233,0.357213685054691,-0.4184778852943108,-0.4184778852943108
2023-04-26,-1.5048190618939343,1.5085125207578574,20.0,-14.37848087742929,-8.519945774950862,-1.1483632198738305,-1.0316707376072505,-1.0316707376072505
2023-04-27,-1.5313458627439211,1.503744298438082,20.0,-5.03285553387888,-5.832303225756552,-1.118860458560632,-1.1070965390949954,-1.1070965390949954
2023-04-28,1.454788300714055,1.5044896935555203,20.0,-1.9823923466472055,-4.330799140532094,-1.1274831775606513,-1.2160063190070711,-1.2160063190070711
2023-05-01,2.541266145399665,1.50559159455445,20.0,-2.826281055428095,-4.195402031615645,-1.4748731821342054,-1.4425166039398916,-1.4425166039398916
2023-05-02,2.1638739451059026,1.5064545412491,20.0,-3.4679316707404437,-4.330210727141866,-1.878009728362751,-1.7047562903857647,-1.7047562903857647
2023-05-03,1.7367968668270168,1.5071269701856946,20.0,-3.187787736171576,-4.2534841408737645,-2.1773946386329888,-1.9422638108829209,-1.9422638108829209
2023-05-04,1.633303174527913,1.5084057080493172,20.0,-9.365057071024417,-6.892381825696514,-3.495669009386332,-2.502539500398805,-2.502539500398805
2023-05-05,-1.1966999215923209,1.5090200679452779,20.0,-13.538235926938745,-9.840366754151352,-5.203623388870963,-3.3202792671062813,-3.3202792671062813
2023-05-08,-3.8301581096763275,1.5096415836927295,20.0,-12.946115352225368,-11.210394679983343,-6.53619930093182,-4.0995282112980425,-4.0995282112980425
2023-05-09,-4.7568810356078695,1.5107791713424383,20.0,-12.610475481538089,-12.247205157847285,-7.782724453549354,-4.8965467664190045,-4.8965467664190045
2023-05-10,-5.630163266152041,1.5058275198369169,20.0,-7.8543131526158545,-10.978236350925425,-8.089873966765946,-5.367863624372956,-5.367863624372956
2023-05-11,-4.435701664404516,1.5071912347939345,20.0,-7.258594212777239,-10.68834951746916,-8.617374120341823,-5.936053991829775,-5.936053991829775
2023-05-12,-4.607278902461422,1.4994052352282539,20.0,-1.572220772753418,-7.933057585957101,-7.966613580852651,-6.003176219461674,-6.003176219461674
2023-05-15,-2.372350607841671,1.5017658417162403,20.0,-3.4597736287126084,-7.77329077520164,-8.10468862639266,-6.342055742205476,-6.342055742205476
2023-05-16,-3.0104379975436033,1.5024814131907998,20.0,-3.8283792954645968,-7.612465354200072,-8.307643957144862,-6.752886706757471,-6.752886706757471
2023-05-17,-3.301768111524144,1.4946595018845028,20.0,2.440317728789155,-4.382825149361847,-7.024447284550382,-6.436464933351971,-6.436464933351971
2023-05-18,-0.45787729783976766,1.493171815833295,20.0,8.337287545839771,-0.4367020814297956,-5.236207271372887,-5.905754578752563,-5.905754578752563
2023-05-19,2.705642398486217,1.4958122444644049,20.0,6.494005471327887,0.6673177617241577,-4.359534029289853,-5.70273114908142,-5.70273114908142
2023-05-22,2.8475636247546485,1.499200741612049,20.0,1.9082402383808703,-0.1837524452739695,-4.211337264165638,-5.703529191859394,-5.703529191859394
2023-05-23,1.5268157748210553,1.50028765224154,20.0,-0.8406226423817186,-1.2149163621288137,-4.3311889541412825,-5.842256619510164,-5.842256619510164
2023-05-24,0.4825116981021833,1.5010016727436244,20.0,-2.237660293047273,-2.087804537877687,-4.534912389023468,-6.023950885753003,-6.023950885753003
2023-05-25,-0.22693127119662926,1.4990852370145125,20.0,3.216464706967993,0.0426224299874982,-3.499195382950977,-5.583954752732069,-5.583954752732069
2023-05-26,2.147611276220356,1.499731643359852,20.0,9.237056227322636,3.4486236475144176,-1.7850034510909225,-4.858154705222593,-4.858154705222593
2023-05-29,5.304639200941893,1.5024208741128657,20.0,14.56124757641508,7.389319686215773,0.4243887003819311,-3.859774660734846,-3.859774660734846
2023-05-30,8.679176421713372,1.5026532243270627,20.0,14.726279680580364,9.637400712932616,2.180221127786714,-3.063407558328552,-3.063407558328552
2023-05-31,10.124642314275395,1.5030240744586294,20.0,12.722108256240563,10.504064890112788,3.5012352708785395,-2.35140329660756,-2.35140329660756
2023-06-01,10.53042211170706,1.5034653495309023,20.0,10.035476295194314,10.406423714867342,4.412911495885511,-1.738339779179224,-1.738339779179224
2023-06-02,10.376805646982843,1.5046796689797224,20.0,12.472249774246386,11.82782061488822,5.804886530107996,-0.8257455913855086,-0.8257455913855086
2023-06-05,12.214126508205963,1.5124771352335553,20.0,20.0,15.12196585160559,7.450148697933164,0.984576020156384,0.984576020156384
2023-06-06,16.245179862147133,1.5102132995358535,20.0,20.0,19.813849513571142,10.558063665475125,2.6015864298127065,2.6015864298127065
2023-06-07,19.022997267511066,1.5102593935078306,20.0,20.0,20.0,13.081649112848918,4.116299579290944,4.116299579290944
2023-06-08,20.47037138560868,1.5104637984682057,20.0,20.0,20.0,14.896118715817089,5.466865904269459,5.466865904269459
2023-06-09,21.4451520327689,1.499139418401997,-20.0,16.2449282809101,20.0,16.01807323841924,6.618024051460873,6.618024051460873
2023-06-12,11.32414666499507,1.493325257430043,-20.0,14.83613293416675,20.0,17.07822365335508,7.765558371925259,7.765558371925259
2023-06-13,11.812990097634042,1.4938820420395653,-20.0,10.887472807926088,19.315921464095712,17.501954152181867,8.695224339157464,8.695224339157464
2023-06-14,11.094061975554002,1.4760659779890308,-20.0,13.085739719217829,19.388432810965675,18.112451446379133,9.607230490594112,9.607230490594112
2023-06-15,12.060288764983916,1.4530151833296834,-20.0,3.4122879622413937,14.150168139260234,16.037272823698405,9.325690224463044,9.325690224463044
2023-06-16,7.802295965018319,1.4515400151681879,-20.0,1.858648615270708,12.087399587662285,15.584726998169309,9.794242451633208,9.794242451633208
2023-06-19,7.04574379751632,1.4517698126112601,-20.0,0.439601179747955,10.174880804775729,15.006563915125133,10.17261380521986,10.17261380521986
2023-06-20,6.27447695237859,1.4498369086209006,-20.0,2.5731209258193863,9.83594792353749,14.81696500122425,10.610298883455444,10.610298883455444
2023-06-21,6.871585621926462,1.4493636464925599,-20.0,3.3103225908382123,9.560967274629371,14.748507601296472,11.108142551385836,11.108142551385836
2023-06-22,7.202264148299887,1.4483665806020645,-20.0,4.280894389835503,9.596387947519707,14.79203682565914,11.620518235625052,11.620518235625052
2023-06-23,7.702762366038139,1.448325262367266,-20.0,3.7774238082583422,9.1909820546275,14.706363113403992,12.0829535295907,12.0829535295907
2023-06-26,7.682501456229762,1.4476768233823833,-20.0,3.8854396099350663,8.966876592319933,14.665905590464154,12.540785635733553,12.540785635733553
2023-06-27,7.825199181221848,1.440229850382428,-20.0,-9.446718415872237,1.347711006705883,9.415351038983824,9.519770466529677,9.519770466529677
2023-06-28,0.08552715387655284,1.4419364501542835,-20.0,-14.218220628541584,-3.144681704048764,7.0125998212983385,8.793098847740906,8.793098847740906
2023-06-29,-3.1546380134457146,1.482895068146841,-20.0,-20.0,-9.360576556504686,2.628168103670148,6.399813075886209,6.399813075886209
2023-06-30,-8.39124970093493,1.4837421157779236,-20.0,-20.0,-13.74439203053882,-0.4878823634315867,5.099073241881156,5.099073241881156
2023-07-03,-10.886956276499065,1.4834343442021785,-20.0,-20.0,-16.50353402752066,-3.1968582786507023,3.820917156270673,3.820917156270673
2023-07-04,-12.887788268314646,1.4853797836534335,-20.0,-18.17839635196679,-16.66653130763319,-4.941248564681724,2.7909871537067823,2.7909871537067823
2023-07-05,-13.422961258983454,1.4858214807298489,-20.0,-13.723115225966488,-15.87416387148382,-6.132744586467756,1.918346022570881,1.918346022570881
2023-07-06,-12.930503793049203,1.4950480207812056,-20.0,-19.8834234628667,-17.437493880971143,-7.896094530189178,0.2045979667207157,0.2045979667207157
2023-07-07,-16.146783694895586,1.4948922558691324,-20.0,-19.616106935500905,-19.1076055900675,-9.9540388559362,-1.0807907143639297,-1.0807907143639297
2023-07-10,-17.67240024785767,1.496829477081548,-20.0,-13.145026610063818,-17.46639389083596,-10.651894336736577,-1.9621204146606497,-1.9621204146606497
2023-07-11,-16.240287204373708,1.4947902591112743,-20.0,-11.694843812978467,-16.92014609995406,-11.548341597864743,-2.899238641283261,-2.899238641283261
2023-07-12,-16.4256379235268,1.4941043816717772,-20.0,-3.557779114070936,-12.777229820533096,-10.634834538323036,-3.195225602142805,-3.195225602142805
2023-07-13,-13.27583465319069,1.4927767622160553,-20.0,-3.183402577869027,-11.32735798243132,-10.569704230452842,-3.702561674211416,-3.702561674211416
2023-07-14,-13.056896813975525,1.492626522086698,-20.0,-2.751001389909916,-10.192867230762754,-10.51059180000508,-4.182794378484232,-4.182794378484232
2023-07-17,-12.893296588098906,1.4928542283584783,-20.0,-1.0649432243753925,-8.639475826652308,-10.156414756033817,-4.524445674433525,-4.524445674433525
2023-07-18,-12.172620037938799,1.493276030376135,-20.0,2.4227482680610617,-6.101606020140456,-9.203773547425955,-4.59003292507983,-4.59003292507983
2023-07-19,-10.4714778308525,1.4936956315844663,-20.0,5.785954383771254,-3.2319347909187943,-7.904430260096539,-4.455100912707175,-4.455100912707175
2023-07-20,-8.528422494880278,1.493567430536941,-20.0,6.043536064258717,-1.50164329731179,-6.896217780168768,-4.363921204463824,-4.363921204463824
2023-07-21,-7.743759566778338,1.4948300345219914,-20.0,10.164784659059368,1.787697657143939,-4.970611801551745,-3.800590801062649,-3.800590801062649
2023-07-24,-5.13638552031951,1.4946335011473415,-20.0,10.565547962777009,3.7901818667400526,-3.511225587309654,-3.3724755715907917,-3.372475571590792
2023-07-25,-3.9810128243004237,1.5022267672450835,-20.0,0.2139119701252063,0.6465020870642522,-3.6587289595783976,-3.2975725851161606,-3.2975725851161606
2023-07-26,-7.359174186151697,1.5022064434679707,-20.0,-0.7700254515276178,-0.2193662806973667,-3.675777126969432,-3.370524873623691,-3.370524873623691
2023-07-27,-7.8644413781659,1.5024619442506475,-20.0,3.1644973380034425,1.1547368682897927,-2.8550938395760928,-3.0919064252505866,-3.0919064252505866
2023-07-28,-6.1901095841790745,1.5024736888985288,-20.0,1.4796568670937027,0.8263091276235597,-2.666403304100031,-3.042742231664728,-3.042742231664728
2023-07-31,-6.621759730051784,1.5023321448869298,-20.0,0.5428191971784958,0.4888092276121674,-2.5686176357238355,-3.0351221497465097,-3.0351221497465097
2023-08-01,-6.91599271456654,1.5030827435761651,-20.0,7.9011033056226845,3.7236964059727367,-0.8894178566357649,-2.267605745522813,-2.267605745522813
2023-08-02,-3.4565578700832953,1.5028698011073454,-20.0,9.444180192900472,5.671444293194464,0.3662374666668808,-1.739642517296174,-1.739642517296174
2023-08-03,-2.002532905766328,1.5023836192805007,-20.0,12.569125671470038,8.277616346657618,2.055445563285968,-0.9508311244827714,-0.9508311244827714
2023-08-04,0.2506074747012684,1.5028553495277321,-20.0,10.153084467636148,8.743269408893326,3.0441505971186893,-0.3823967330560919,-0.3823967330560919
2023-08-07,0.2943656803835806,1.5022348782827333,-20.0,9.811175057115666,9.430731939688858,4.083515897003712,0.2441365249232872,0.2441365249232872
2023-08-08,0.9550879608056916,1.5026178933767769,-20.0,6.6903284282863575,8.69216318335912,4.537208557515087,0.6878291218873428,0.6878291218873428
2023-08-09,0.3238102651492786,1.4998641082611202,-20.0,12.047360297881465,10.77190833969384,5.879710815038737,1.527420230868867,1.527420230868867
2023-08-10,2.936022084904237,1.49875807505912,-20.0,14.066234355415892,12.760872824310448,7.459925295354349,2.4603787930575973,2.4603787930575973
2023-08-11,4.786621270824596,1.495212491049034,-20.0,16.763636565466527,15.067840195380116,9.234883709804656,3.531080434141422,3.531080434141422
2023-08-14,7.010587742480621,1.4954048223168215,-20.0,11.744085230279255,14.218078664568544,9.897473125140024,4.246262807780703,4.246262807780703
2023-08-15,6.069524099525784,1.4954378032936197,-20.0,5.188541981688538,11.549297139771092,9.633744195584477,4.614106413625007,4.614106413625007
2023-08-16,3.8884656572929077,1.4955832581370665,-20.0,1.7104171134257995,9.286386192691593,9.280579717689442,4.926025766987842,4.926025766987842
2023-08-17,2.523654078993262,1.4948440001841883,-20.0,2.6672442858657748,8.61580798678687,9.292756623284,5.330679249292168,5.330679249292168
2023-08-18,2.7960266024173293,1.492917122751388,-20.0,6.91518714166818,9.749463102133085,9.856836644090754,5.88740386654086,5.88740386654086
2023-08-21,4.551268507122811,1.4925213879882056,-20.0,8.060641926660269,10.538619344244244,10.546398705169077,6.558370655621831,6.558370655621831
2023-08-22,5.537563277364012,1.49244366029429,-20.0,7.315126231474797,10.610832289808824,11.014089617288253,7.167900165297056,7.167900165297056
2023-08-23,5.776286914525149,1.4889992746370864,-20.0,10.630054539250576,12.08879381583577,11.843713503183034,7.832371644265767,7.832371644265767
2023-08-24,7.5021699453667035,1.4891509333561659,-20.0,9.012455650867556,12.1007396073956,12.397839811310696,8.508603906411564,8.508603906411564
2023-08-25,7.576079825934327,1.488997553207257,-20.0,7.626021889315375,11.795142203656896,12.798744673769605,9.144814932852018,9.144814932852018
2023-08-28,7.56452065568417,1.487637177372367,-20.0,8.521955884068074,12.174792739078834,13.35782566704074,9.814141025106768,9.814141025106768
2023-08-29,8.318910884062664,1.4818655757678976,-20.0,13.020864848851875,14.06656988519063,14.244518125116343,10.444580906024482,10.444580906024482
2023-08-30,10.421469635069474,1.4809845333869793,-20.0,8.898491742049057,13.076881940045377,14.365647990665613,10.945680804029124,10.945680804029124
2023-08-31,9.437600132894167,1.4810900063814445,-20.0,5.894853857083051,11.832555711239644,14.383323078266026,11.480409487928446,11.480409487928446
2023-09-01,8.65722891686171,1.4810685897320484,-20.0,1.4460597253321603,9.35410355058556,13.657234995179405,11.657088549122529,11.657088549122529
2023-09-04,6.725820598063271,1.4531017074720418,-20.0,-17.566760039868356,-4.087769588281528,3.306894004785224,4.694977383791921,4.694977383791921
2023-09-05,-7.028719475988966,1.4563430361003837,-20.0,-16.8388134214007,-7.29130875605687,1.1740414449811896,3.882329219122048,3.882329219122048
2023-09-06,-8.540466048073572,1.456116091586327,-20.0,-14.953921171883962,-9.06486200457274,-0.5362494483977311,3.165043557209681,3.165043557209681
2023-09-07,-9.296223713791585,1.459186966467298,-20.0,-8.028295840789527,-7.65130567660636,-1.0546761775487383,2.7512007336649367,2.7512007336649367
2023-09-08,-7.599221140010654,1.4598971418742122,-15.370285436092084,-6.68939771843316,-7.371286613145029,-1.7331467882298792,2.3237334648104926,2.3237334648104926
2023-09-11,-6.454722119149045,1.4605288850863267,-15.765906223477534,-6.802998199816788,-7.563712071288933,-2.4911818091333973,1.8447664660393923,1.8447664660393923
2023-09-12,-7.061578620402843,1.464335492130681,-15.370542343810923,-11.971882445603178,-9.88512658214938,-4.059840352965855,0.907677794420012,0.907677794420012
2023-09-13,-9.63924838904874,1.4652269301608054,-16.13091088042412,-12.97108201292144,-11.51538186599342,-5.529074051047697,0.0684887530964973,0.0684887530964973
2023-09-14,-11.24416247191251,1.4663279737649528,-16.556003036629605,-12.707325572670689,-12.538510403097998,-6.834705430985266,-0.7698312026700159,-0.7698312026700159
2023-09-15,-12.282534202518647,1.4687281052809715,-17.587417380796644,-13.654707192729235,-13.810244854596958,-8.236831808129347,-1.7058398575643714,-1.7058398575643714
2023-09-18,-13.897005429105233,1.470559736913588,-18.37286213870515,-14.024790730865162,-14.90150810616776,-9.622413916201086,-2.6799961672279418,-2.6799961672279418
2023-09-19,-15.250767040921161,1.4692084082101768,-18.47203951898188,-11.086867794286285,-14.457508467610117,-10.42127148446255,-3.4785087288169243,-3.4785087288169243
2023-09-20,-15.011118467511483,1.4670110592023875,-18.909058072002495,-6.924995473950464,-12.812401086036996,-10.593888357547382,-4.056566930373171,-4.056566930373171
2023-09-21,-14.037006228265783,1.468473089947957,-19.790768415542203,-6.369618230494637,-12.112389005736194,-10.932014995804169,-4.682235673905828,-4.682235673905828
2023-09-22,-14.337484997529936,1.4687723057181827,-19.93235718824392,-5.554857043913077,-11.386165020687592,-11.171504037777735,-5.268052293947859,-5.268052293947859
2023-09-25,-14.245761752133125,1.4590838018991952,-18.49458913583089,2.3803093716604558,-6.955967575333549,-9.420104592667892,-5.0033635110318535,-5.0033635110318535
2023-09-26,-10.34545404101811,1.4606350783062945,-19.343823354872114,2.269198871955174,-5.410352217699311,-8.794851092667088,-5.13979186629505,-5.13979186629505
2023-09-27,-10.146341879445822,1.464843919620334,-20.0,-3.9138043898970345,-6.78462322105952,-8.989329187073615,-5.461109663176073,-5.461109663176073
2023-09-28,-12.367782985973356,1.466246451756172,-20.0,-6.930628652815818,-8.253378598840108,-9.662069638356172,-6.047225034956978,-6.047225034956978
2023-09-29,-13.8990795795854,1.4645891411613434,-20.0,-4.97863347904035,-7.933764427972674,-9.768673797769944,-6.441833590099783,-6.441833590099783
2023-10-02,-13.54888309038708,1.4630375337603467,-20.0,-1.893233212373674,-6.611575081857149,-9.429544087344,-6.659112622269692,-6.659112622269692
2023-10-03,-12.504414791070143,1.4638578627934877,-20.0,-1.7260337956573568,-6.064699724702722,-9.29415550870936,-6.93536675012281,-6.93536675012281
2023-10-04,-12.421437944567293,1.4626183327370206,-20.0,0.4417483469086534,-4.673669021985006,-8.750368065319698,-7.027205865639126,-7.027205865639126
2023-10-05,-11.472297334291515,1.463405879143268,-20.0,0.0045866409702697,-4.175511626121533,-8.468611717208528,-7.194177216010137,-7.194177216010137
2023-10-06,-11.474346388188923,1.4639414328065232,-20.0,-0.7137528059981263,-4.0185015176135215,-8.305996038127804,-7.388262431001351,-7.388262431001351
2023-10-09,-11.653749660735327,1.4623617414746801,-20.0,2.032874692277836,-2.4741278949178582,-7.529519164778606,-7.292952571161496,-7.292952571161496
2023-10-10,-10.372055934141544,1.4623400896511178,-20.0,2.932815343731676,-1.3561820706154764,-6.864335923388995,-7.240043710051335,-7.240043710051335
2023-10-11,-9.701548280077924,1.46372955543813,-20.0,0.4308887802487612,-1.7315597844699433,-6.688676801024649,-7.305098412134506,-7.305098412134506
2023-10-12,-10.386889419473722,1.4629578099683105,-20.0,1.7657877893817768,-0.9447022379045248,-6.132180129395054,-7.223572874379928,-7.223572874379928
2023-10-13,-9.68187022583698,1.4611114797262001,-20.0,7.902651475157992,2.2839664910269155,-4.317041010989657,-6.428789388214191,-6.428789388214191
2023-10-16,-6.572410595614368,1.4611850049106145,-20.0,13.03482133153321,5.990119601538345,-2.164877324190874,-5.520953254621242,-5.520953254621242
2023-10-17,-3.4542794392215432,1.4614233693704586,-20.0,14.488010580618257,8.644050628952417,-0.2581680677476929,-4.717782288931211,-4.717782288931211
2023-10-18,-1.600329081337596,1.463342775026424,-20.0,7.810133427324776,7.3910950456210225,0.3008092155438636,-4.226885601887567,-4.226885601887567
2023-10-19,-3.1592742541672267,1.4635604957924857,-20.0,6.179783309982474,7.059885040299991,0.9277603630069402,-3.8200508817438914,-3.8200508817438914
2023-10-20,-3.294360098518761,1.4671298351459305,-20.0,-4.304037383336119,2.050032392210742,-0.3215828851349935,-3.723139202311948,-3.723139202311948
2023-10-23,-7.339813058540699,1.4668934282504926,-20.0,-3.845237385184982,0.7092274201291097,-0.7412016100040036,-3.7646989908372848,-3.7646989908372848
2023-10-24,-7.686072425534904,1.468367175065568,-20.0,-9.02951716554543,-2.728792717759404,-2.0970293704008074,-4.070505762911921,-4.070505762911921
2023-10-25,-10.280594940838972,1.4687840371859309,-20.0,-10.052274985411849,-4.87273547525339,-3.289459273533045,-4.544475003590088,-4.544475003590088
2023-10-26,-11.55389442196911,1.4655043316281497,-20.0,-2.6039193826472,-2.9375207771467102,-2.9097235242791197,-4.335704472610222,-4.335704472610222
2023-10-27,-9.050926217936714,1.4628716024052626,-20.0,7.392475625367196,1.734052947570052,-1.1048616925296295,-3.471109340525306,-3.471109340525306
2023-10-30,-4.613727278223165,1.4630843730677157,-20.0,12.330543286880436,5.61206032238545,0.7351536282016186,-2.71039353277245,-2.71039353277245
2023-10-31,-1.644560506989194,1.4633426358056907,-20.0,12.503339218388144,7.7823612504923325,2.215042301720654,-2.035670216285025,-2.035670216285025
2023-11-01,-0.3830868922184247,1.4634692314702016,-20.0,9.598134616735482,8.125793777689621,3.1026713470408875,-1.5115417645367244,-1.5115417645367244
2023-11-02,-0.5358639758875465,1.4637867456456186,-20.0,8.201448957016876,8.330478787011243,3.888553161634927,-0.9946938626062106,-0.9946938626062106
2023-11-03,-0.38283776337694186,1.464093693544789,-20.0,7.303201159199579,8.402375879771187,4.571330327700549,-0.4885157808228577,-0.4885157808228577
2023-11-06,-0.170967166520754,1.4651729028762293,-20.0,10.475816314989054,9.977268445716422,5.764464881313202,0.2832461035648005,0.2832461035648005
2023-11-07,1.6573053098461754,1.4657680598367002,-20.0,11.610912645339406,11.320029691058265,7.010104363551346,1.0790261711885092,1.0790261711885092
2023-11-08,2.9569659090666103,1.4663732722853078,-20.0,11.80640255978071,12.300686657707129,8.178815174912984,1.8933359194992423,1.8933359194992423
2023-11-09,3.9144879599595916,1.4613044866991267,-20.0,0.2405480773178874,7.089526096471847,6.46225697763725,1.7351945055719484,1.7351945055719484
2023-11-10,-0.6663829688179743,1.4606828860665877,-20.0,-6.865312713705692,2.598456193663535,4.836549500131445,1.4320279546845274,1.4320279546845274
2023-11-13,-4.033403668668896,1.460826704275528,-20.0,-9.137388886903286,-0.4767201259908349,3.4282613763969767,1.1048841909925058,1.1048841909925058
2023-11-14,-5.839450134293102,1.4613190269282645,-20.0,-4.876913551956475,-0.5480962830548743,2.9338356861784485,1.0442404218142165,1.0442404218142165
2023-11-15,-4.97045463893045,1.4617054418974826,-20.0,-0.1596305725471269,0.7431027959638041,3.0759390417649204,1.1956109775505608,1.1956109775505608
2023-11-16,-3.398959292752737,1.4619843379679025,-20.0,1.8582695198121748,1.7582490683730227,3.316868581418305,1.3907402694754394,1.3907402694754394
2023-11-17,-2.506828350910351,1.4623992846423601,-20.0,4.117502945271836,3.135009557791382,3.8219808858323914,1.6956403703164875,1.6956403703164875
2023-11-20,-1.3492259283186212,1.4627801176503392,-20.0,5.44664392784686,4.356747086996831,4.4186010967294,2.059816170337296,2.059816170337296
2023-11-21,-0.40443251207533903,1.4632361624849866,-20.0,6.628420791485563,5.570259815683254,5.122052112542408,2.491371101064099,2.491371101064099
2023-11-22,0.5617229482115504,1.463153628161901,-20.0,4.748101129681172,5.450962227918627,5.38776705269831,2.7885231034265963,2.7885231034265963
2023-11-23,0.2839003723418819,1.4635591169625297,-20.0,4.692887907303796,5.678025432101429,5.75415331650475,3.131816704817456,3.131816704817456
2023-11-24,0.5824879182903638,1.4631085585644483,-20.0,1.256905739254354,4.311450794390844,5.44449484911492,3.221199548892354,3.221199548892354
2023-11-27,-0.6208688687269879,1.4638820771482006,-20.0,3.661771973001823,4.945965327465481,5.76810852735333,3.5196170455307745,3.5196170455307745
2023-11-28,0.34533609798629894,1.4642399770286787,-20.0,4.703961393405593,5.545036509615833,6.193424693189193,3.888342665517016,3.888342665517016
2023-11-29,1.0274910504575765,1.4611966342305838,-20.0,-5.214186032755674,0.979118741347082,4.132372222209904,3.141090610620182,3.141090610620182
2023-11-30,-3.367259249789585,1.4618527010645224,-19.912000085906183,-3.798463742163737,0.1842121560995156,3.5707589720858413,3.0270526133101145,3.0270526133101145
2023-12-01,-3.3942274636137078,1.464987924467948,-13.290781196619172,9.642008047641616,5.185025702285129,4.7226513599648925,3.214152715230163,3.214152715230163
2023-12-04,3.0885202411686397,1.4606144617741181,-16.25816542553177,2.1471744552847105,3.2214275375969588,3.977578395940242,2.95093680026426,2.95093680026426
2023-12-05,-0.2459922291240517,1.46117875897342,-17.14930722006836,2.070814491783273,3.174508061333737,4.066184104061664,3.1103506183788374,3.1103506183788374
2023-12-06,-0.3940442672207184,1.4620410540764173,-14.121858888409047,5.595340284207083,4.7184147874731615,4.746561711948426,3.47329807496104,3.47329807496104
2023-12-07,1.9221206919438272,1.4626055935239577,-1.1146593987504023,7.245538981304541,6.074139667772359,5.542735984505387,3.940479721856693,3.940479721856693
2023-12-08,6.107446166580811,1.4298289032091593,-20.0,-13.691809202237238,-4.267308037865206,0.0871324500689053,1.104472123861751,1.104472123861751
2023-12-11,-8.621524969701495,1.4504974626837657,-20.0,0.7370256138244748,-0.2646215161399712,0.8405862371838808,1.0942686443909868,1.0942686443909868
2023-12-12,-3.9883126406786746,1.4504297912075323,-20.0,1.9169723137219368,0.6096069052909961,1.1116732902908932,1.2052596998345229,1.2052596998345229
2023-12-13,-3.3721821124857545,1.4502732335031956,-20.0,1.9887267745898476,1.0766645307381637,1.3158550113167389,1.3088714277226503,1.3088714277226503
2023-12-14,-3.1422100477657593,1.4501380343535504,-20.0,1.54760767191454,1.2103338420310663,1.4283361621203337,1.388303403748464,1.388303403748464
2023-12-15,-3.150328637968004,1.4498584294951222,-20.0,2.4453364839156,1.7903342186883506,1.7253983607232226,1.541743987316242,1.541743987316242
2023-12-18,-2.647107024263564,1.4497489695864751,-20.0,2.0026432928586257,1.8871551632108483,1.8779854741872195,1.6565964845313748,1.6565964845313748
2023-12-19,-2.63868101764347,1.4499544473785428,-20.0,-3.747610695770943,-0.5773849874934782,0.9486964490118932,1.3315173063848391,1.3315173063848391
2023-12-20,-5.005324317593606,1.4498895492511539,-20.0,-8.120751957228189,-3.390685691348389,-0.3427448261512366,0.8407397055754037,0.8407397055754037
2023-12-21,-7.290302720991697,1.449714870881195,-20.0,-8.427004607857409,-4.922181697461235,-1.3571987816999187,0.4023378769328029,0.4023378769328029
2023-12-22,-8.19046597398875,1.4495669041641825,-20.0,-7.401530299644502,-5.604400377817623,-2.131480985220737,0.0058861735197005,0.0058861735197005
2023-12-25,-8.48530326150536,1.4494204393415326,-20.0,-6.146004194805554,-5.786997645108773,-2.714953435933463,-0.3525367593508962,-0.3525367593508962
2023-12-26,-8.539781132399918,1.4493436217917215,-20.0,-4.638221314200546,-5.523609655223472,-3.082259441203342,-0.651897885234031,-0.651897885234031
2023-12-27,-8.347252302759577,1.4496838838135087,-20.0,-0.4569156120699891,-3.7187249495818655,-2.739140117327618,-0.6960254049734458,-0.6960254049734458
2023-12-28,-6.837402653171107,1.4492761556543479,-20.0,-2.3185473867514466,-3.951918389995164,-3.0090048183766798,-0.9447983738895124,-0.9447983738895124
2023-12-29,-7.528025599196342,1.449133947392993,-20.0,-2.524938621282037,-3.965574839966704,-3.220882856021272,-1.176545962947608,-1.176545962947608
2024-01-01,-7.743034173427709,1.4488990027922606,-20.0,-2.955298927427568,-4.147982730485472,-3.4891125531716054,-1.4337724338655238,-1.4337724338655238
2024-01-02,-8.07682696584804,1.4483278550190208,-20.0,-5.28529035189344,-5.248615447692249,-4.119993632342871,-1.833898975139011,-1.833898975139011
2024-01-03,-9.251369729778911,1.4484801606007902,-20.0,-3.1960523941229426,-4.764585447543752,-4.213042141159863,-2.0558505377674665,-2.0558505377674665
2024-01-04,-8.759027802916936,1.4483564808916676,-20.0,-2.140826119381505,-4.307822367395734,-4.259273883005855,-2.2592673630896383,-2.2592673630896383
2024-01-05,-8.502629915725498,1.4482234008199586,-20.0,-1.5697642890404089,-3.899076746081236,-4.265875276608771,-2.442456010243128,-2.442456010243128
2024-01-08,-8.356383585605343,1.4482622699612828,-20.0,0.3240022705601838,-2.8352197219295654,-3.952075172251387,-2.49426371095399,-2.49426371095399
2024-01-09,-7.589177719961686,1.4477720606901245,-20.0,-2.8905772764587345,-3.762211131160854,-4.299215447026019,-2.758556855672944,-2.758556855672944
2024-01-10,-8.79732011407013,1.4473594155084057,-20.0,-5.109613719877138,-4.937075500308892,-4.886797473693647,-3.142734015550461,-3.142734015550461
2024-01-11,-9.929117919785348,1.445323102349489,-20.0,-10.49990703410114,-7.752127658635946,-6.13593328962385,-3.7502078246996047,-3.7502078246996047
2024-01-12,-12.499338473962025,1.4453337258682337,-20.0,-10.111634654022584,-8.918008086734519,-7.10881159270271,-4.37243845235223,-4.37243845235223
2024-01-15,-13.21888445028203,1.4451255948279613,-20.0,-8.988243351430706,-9.395202649925942,-7.869506533122457,-4.955902044156192,-4.955902044156192
2024-01-16,-13.528145885859841,1.4451923269301759,-20.0,-3.965072058674155,-7.655455913873498,-7.660412384689816,-5.16661548581527,-5.16661548581527
2024-01-17,-11.950042307473357,1.4451567349492611,-20.0,-1.6919996301470144,-6.299974751339112,-7.457992007234468,-5.390488021443097,-5.390488021443097
2024-01-18,-11.130793987767502,1.4445901470731466,-20.0,-2.852425875800183,-6.195618093782918,-7.581560069251129,-5.703531915949196,-5.703531915949196
2024-01-19,-11.565581192424768,1.4445941034313101,-20.0,-2.107070835961653,-5.621454198031101,-7.523965519121179,-5.957668722937119,-5.957668722937119
2024-01-22,-11.356400798760689,1.444594921649261,-20.0,-0.9173432157575108,-4.781166327636073,-7.298243922789972,-6.135791691493889,-6.135791691493889
2024-01-23,-10.898834478152077,1.444563936307051,-20.0,0.0746960807527039,-3.896207174979918,-6.975811643571031,-6.25814486255094,-6.25814486255094
2024-01-24,-10.423554923220147,1.4439185739330813,-20.0,-3.345137950935908,-4.86170577942177,-7.23863798355617,-6.517296845480069,-6.517296845480069
2024-01-25,-11.659648062005932,1.4430235057968235,-20.0,-7.055625085804794,-6.663891664540172,-7.977326650151709,-6.979741031429631,-6.979741031429631
2024-01-26,-13.377127231102138,1.4421139505420233,-20.0,-9.576501475740502,-8.52751368653257,-8.952135161649085,-7.587723565994128,-7.587723565994128
2024-01-29,-14.859220755586279,1.4326375696314413,-20.0,-17.368824171544162,-12.453684550908298,-10.295367548040332,-7.902781740804375,-7.902781740804375
2024-01-30,-18.12970548706848,1.4327358359629634,-20.0,-15.670498429029758,-13.893553503977834,-11.676610440227282,-8.805140815249619,-8.805140815249619
2024-01-31,-18.822728593765174,1.4322767214713723,-20.0,-13.971023252865114,-14.590003333701013,-12.83321081410314,-9.69452992419151,-9.69452992419151
2024-02-01,-19.265939999407212,1.4309349077454174,-20.0,-13.663588437340216,-15.3164367368863,-13.949421037193408,-10.589988803251702,-10.589988803251702
2024-02-02,-19.932474368821065,1.4218959158705031,-20.0,-17.77559635741724,-17.36183674238814,-15.16032366867571,-11.270833678804625,-11.270833678804625
2024-02-05,-22.000197886394513,1.4218225561060032,-20.0,-14.640680983023934,-17.34899605358038,-16.128144255033146,-12.20432281372569,-12.20432281372569
2024-02-06,-21.83088721940198,1.4156524903404555,-20.0,-4.259039089140093,-12.664495040893025,-14.561061709293428,-11.833949003339084,-11.833949003339084
2024-02-07,-17.68698781340192,1.4120878955509635,-20.0,-6.637094816707143,-12.290952655988194,-14.470618522226331,-12.071534232952926,-12.071534232952926
2024-02-08,-18.212747081856364,1.4092602293587126,-20.0,-10.671193064153236,-13.601051326560109,-15.185198542895202,-12.700967787812036,-12.700967787812036
2024-02-09,-19.929985870022037,1.409153794440317,-20.0,-7.598960522079962,-12.661972317314858,-15.256622561936808,-13.211182915339538,-13.211182915339538
2024-02-12,-19.240463726628434,1.4088710438578216,-20.0,-6.432479677917132,-12.042476860794416,-15.424402149446754,-13.810207479666378,-13.810207479666378
2024-02-13,-19.144143790073183,1.4090429548680956,-20.0,-3.916610107311431,-10.64493228571044,-15.177428330088404,-14.229575306293974,-14.229575306293974
2024-02-14,-18.3583916751227,1.408606091415798,-20.0,-3.985599019911257,-10.053705085060397,-15.111284946124446,-14.69062218547848,-14.69062218547848
2024-02-15,-18.432375982774445,1.4082729394878735,-20.0,-4.485307702170909,-9.81862811904118,-15.144800547035056,-15.179211873363894,-15.179211873363894
2024-02-16,-18.727425680849553,1.407950789418121,-20.0,3.30758466993355,-5.569810372143047,-12.84097785861348,-14.155462672333968,-14.155462672333968
2024-02-19,-14.87923862612626,1.4078161018313282,-20.0,1.515889957986668,-4.799338567841365,-12.159926738455775,-14.129727008512443,-14.129727008512443
2024-02-20,-14.948908900314722,1.407997953866333,-20.0,2.0485054996069043,-3.687819006075304,-11.445595657941633,-14.168267798560883,-14.168267798560883
2024-02-21,-14.41541671104485,1.4081808170106622,-20.0,3.165997916926666,-2.3746923967599893,-10.585770562240608,-14.108578146399967,-14.108578146399967
2024-02-22,-13.621266242635077,1.4088142267914803,-20.0,5.672572045553236,-0.3582993020655038,-9.30131556019585,-13.77137411015488,-13.77137411015488
2024-02-23,-12.142176386371405,1.4138046526501995,-20.0,12.541564531241916,4.000558379466697,-6.430236242038799,-12.155347457834743,-12.155347457834743
2024-02-26,-8.058591114695819,1.4138371822479192,-20.0,13.699554175938134,6.653556835975973,-4.495483746194561,-11.458769534661249,-11.458769534661249
2024-02-27,-6.384590157261494,1.4156565336058646,-20.0,8.214273299796744,6.062367973910698,-3.6106474709576055,-10.90562283359668,-10.90562283359668
2024-02-28,-7.351474133646639,1.4162301526363956,-20.0,8.223969027752812,6.693634903243225,-2.4715657451822133,-10.320711034039062,-10.320711034039062
2024-02-29,-6.658131729535328,1.4168557003524573,-20.0,9.930851573793966,8.045353918804144,-1.0654359640150104,-9.574778602696368,-9.574778602696368
2024-03-01,-5.251407481441583,1.4168238550838883,-20.0,9.891977938915277,8.899450594005561,0.1518895908776354,-8.928316218694237,-8.928316218694237
2024-03-04,-4.671468304328146,1.4819618265334393,-20.0,-11.92071226804242,-2.4278307180492336,-2.431736329426779,-5.856055954693873,-5.856055954693873
2024-03-05,-11.961777468311203,1.4800397133850782,-20.0,-18.892711308785405,-8.194419182216087,-5.008453487990365,-6.752666806537829,-6.752666806537829
2024-03-06,-16.18274068049216,1.4801080174935526,-20.0,-16.71548584228283,-10.399615876552122,-6.68782205557536,-7.532726662961485,-7.532726662961485
2024-03-07,-16.977259614544995,1.4791049531901486,-20.0,-11.075556051566878,-9.947770221146492,-7.3821857666949455,-7.990554139711438,-7.990554139711438
2024-03-08,-15.881407472200712,1.4799417077857588,-15.02026707008853,-9.697623311485396,-10.088338770487203,-8.182855284246358,-8.54863372679641,-8.54863372679641
2024-03-11,-14.802678747698229,1.47814053762046,-15.00967640298772,-5.934418007667666,-8.841135817867174,-8.33978287779208,-8.881959116554171,-8.881959116554171
2024-03-12,-13.759825913535197,1.477196888589918,-12.526981816476244,-2.6566290138709845,-7.177951628229848,-8.148098917227054,-9.095356292083416,-9.095356292083416
2024-03-13,-11.969557475275176,1.4746774821622721,-11.229993067088715,2.102705277936459,-4.34432285515731,-7.206656249692487,-8.925400435664594,-8.925400435664594
2024-03-14,-9.466428285890263,1.474174513156775,-10.76960609574756,4.635034978676071,-1.9713838503701693,-6.228822196425986,-8.761441204049827,-8.761441204049827
2024-03-15,-7.827683060552821,1.474248233999088,-11.070880625364746,5.111383983368379,-0.4039321810951627,-5.374480483329689,-8.604557762319184,-8.604557762319184
2024-03-18,-7.113073374441892,1.4743636175299863,-10.988841155039283,4.890867526539136,0.632243781252878,-4.619564158138804,-8.438087910920045,-8.438087910920045
2024-03-19,-6.628480760367974,1.4751007573795738,-11.27016921999235,2.7719692831020204,0.5554011104904992,-4.251163501403665,-8.363065458232965,-8.363065458232965
2024-03-20,-7.113643963843192,1.4758549850635991,-11.140898396967296,0.2994811542644871,-0.1933112441986328,-4.212180937023169,-8.392788128542826,-8.392788128542826
2024-03-21,-7.870775806462536,1.4742738140603087,-7.668921021843193,8.155420575775336,3.2868681173290075,-2.224260284706477,-7.063832981936513,-7.063832981936513
2024-03-22,-3.091526479019473,1.4746649037803639,-7.879694752863051,8.505849120787728,4.77598851838695,-1.1082745580838171,-6.611785125158511,-6.611785125158511
2024-03-25,-2.19500087839794,1.4748538512589409,-7.694190173106856,7.981819879572945,5.664191161582953,-0.1487407291597293,-6.16861564818213,-6.16861564818213
2024-03-26,-1.6066107508199217,1.4752741821547746,-7.432945196692525,9.287059742661178,7.060884758787454,1.0526261816678244,-5.545277366199112,-5.545277366199112
2024-03-27,-0.2761503992036846,1.4755180712962173,-6.789033043411791,9.134075802712044,7.926766466246874,2.0984602347046235,-4.973022582036225,-4.973022582036225
2024-03-28,0.5962543270273546,1.4757404947234005,-6.980310835460954,7.891090804255548,8.131957626916153,2.892387297188423,-4.457054363749037,-4.457054363749037
2024-03-29,0.7431495253501544,1.4759593818687575,-7.17697778874961,6.511496134070069,7.957734439434996,3.485829904275552,-3.9891501633087993,-3.9891501633087993
2024-04-01,0.6888743399843257,1.476274047366704,-8.288042358342103,6.406568510802193,8.07728048684522,4.121222669734044,-3.4804619251886426,-3.4804619251886426
2024-04-02,0.8258523217025407,1.4764476239643052,-8.03190905453029,4.260343319416785,7.279678631201018,4.348922876101996,-3.106791659352325,-3.106791659352325
2024-04-03,0.4045134270981959,1.476818241648959,-8.712318180611243,4.7999109231010975,7.322693190331986,4.793877795408519,-2.64708074903164,-2.64708074903164
2024-04-04,0.7163539456329612,1.4770173126468669,-11.744165708948517,0.6166285677389698,5.352520206903794,4.373041530067448,-2.455423535227306,-2.455423535227306
2024-04-05,-1.5546139939071824,1.4775774229096839,-10.35496759878358,3.390258182212301,5.830022450012317,4.720680804178005,-2.000769826271907,-2.000769826271907
2024-04-08,-0.10234150475117326,1.4776927271381766,-9.580299322462832,1.6062944208198189,4.9809648306672525,4.617314239064596,-1.7673860365965333,-1.7673860365965333
2024-04-09,-0.470563813644093,1.477825688435142,-8.735363492859983,-1.7491521933161638,3.11647414254707,4.0040599691381455,-1.7353287840443363,-1.7353287840443363
2024-04-10,-1.6839074135169743,1.4782703622430742,-8.722137941603053,2.404054374850261,4.074634114113679,4.3017027905574645,-1.34131738389857,-1.34131738389857
2024-04-11,-0.15384470655788482,1.4783723460938047,-8.90969642972364,0.9176381818013584,3.464181824525276,4.146575742954815,-1.1795497427334385,-1.1795497427334385
2024-04-12,-0.6753205488947315,1.4785881798486358,-10.23448934225804,0.950025722356448,3.2628489753501744,4.11907656459677,-1.0017023047946203,-1.0017023047946203
2024-04-15,-0.9626215882308777,1.4787030912785157,-11.01176994853294,-1.3330003867108773,2.045701434168105,3.6545163982231488,-0.9857163596522548,-0.9857163596522548
2024-04-16,-2.123761456591545,1.4789450551493726,-11.815371121089838,0.4387116419305353,2.287763213315844,3.671036362200227,-0.8174781271553883,-0.8174781271553883
2024-04-17,-1.7385834633221473,1.4790546848677562,-11.399759473515688,-2.566243377480744,0.7785968482702335,3.001361858071635,-0.8972059556192749,-0.8972059556192749
2024-04-18,-2.9543202381186,1.4795698382443736,-11.895442103502049,-12.136661797503388,-4.308821928461148,0.5001382483684284,-1.5194949169910592,-1.5194949169910592
2024-04-19,-7.6159726791655356,1.4797981041365103,-12.759273833489132,-13.680538174660688,-7.1493211983576535,-1.2483208925522893,-2.2049253702768263,-2.2049253702768263
2024-04-22,-9.68410103761485,1.4804737921020878,-15.046086658588337,-15.777159662810629,-9.997887184334664,-3.215926997116835,-3.0316668423371813,-3.0316668423371813
2024-04-23,-12.364200028659866,1.4807308679904871,-16.018326962249954,-14.791517443366972,-11.506323261202349,-4.8118302200192575,-3.841962228465542,-3.841962228465542
2024-04-24,-13.529374027817541,1.4809961171911428,-16.465100193153923,-13.042742582159365,-12.151485832227388,-6.096246708507069,-4.605335646554459,-4.605335646554459
2024-04-25,-14.02957665798834,1.4776725685557015,-14.299157674121616,-3.4924975404672542,-8.366302610114909,-5.421601245394634,-4.527727396650117,-4.527727396650117
2024-04-26,-10.001716565685937,1.4768125734089872,-13.295919530918326,3.421275236723292,-4.400612785612156,-4.296696226212411,-4.320857277318745,-4.320857277318745
2024-04-29,-6.699021561033237,1.4769831678701508,-13.67052576937306,4.846625038613131,-2.118155088680047,-3.4819984157547554,-4.214114959601814,-4.214114959601814
2024-04-30,-5.625719415881183,1.4770653238525582,-14.039243238830895,5.565948646152991,-0.327628818594273,-2.648926518787456,-4.044297512765496,-4.044297512765496
2024-05-01,-4.810987964905802,1.4773912588767857,-14.37247543008994,3.14443518069139,-0.1569362042086183,-2.321268264552293,-4.006353790685154,-4.006353790685154
2024-05-02,-5.34743952198816,1.4772644964381463,-11.328204246793318,9.802345501153216,3.495699164032437,-0.4631689389393708,-3.1256416450423474,-3.1256416450423474
2024-05-03,-1.168356551478935,1.4774948064592517,-12.158619868722983,8.177212641674842,4.403332590509378,0.4346619590458058,-2.7493792061840896,-2.7493792061840896
2024-05-06,-1.1433592094228702,1.477790267472118,-11.1990680359943,9.42586288992394,5.987284052960778,1.6249378989793453,-2.205922152722789,-2.205922152722789
2024-05-07,0.35156317513890817,1.4780126790605175,-12.229377828449389,2.643550581146075,3.920758750815727,1.4248427741694796,-2.056553571460635,-2.056553571460635
2024-05-08,-2.057951884125358,1.478177812850548,-12.573934759341157,0.5363637078986914,2.7541673906436746,1.308991451569835,-1.9978295292067505,-1.9978295292067505
2024-05-09,-2.9493168599583006,1.4783455139139763,-11.584049741105124,2.681262022171252,3.239253865676881,1.7066431592112703,-1.7324785715708926,-1.7324785715708926
2024-05-10,-1.828874432162108,1.4785060046624368,-11.791300829573814,0.0464156968030304,2.0989863887833757,1.4750955709645612,-1.6908851567790673,-1.6908851567790673
2024-05-13,-2.847560938079208,1.4789229125718997,-12.135752942349766,-9.16198795271398,-2.570413397611325,-0.3767551310643038,-2.103724967384432,-2.103724967384432
2024-05-14,-7.0155746987925705,1.4794361220581178,-13.308609989328822,-14.79005152271158,-6.9136863128931205,-2.4874420201165366,-2.8681238656699626,-2.8681238656699626
2024-05-15,-10.653079289210257,1.4783610922330606,-12.673020315687952,-8.950998857530237,-6.580867038654124,-3.0617329889655647,-3.145143579831636,-3.145143579831636
2024-05-16,-9.257123273753681,1.4788954955282676,-15.129303306957398,-9.9519683788802,-7.864157009429153,-4.167180802910861,-3.6759235873022074,-3.675923587302208
2024-05-17,-10.93616917949872,1.4757183599447505,-12.33457583099038,0.9170971556769336,-3.4810016820076912,-2.887604589610856,-3.152159013563617,-3.152159013563617
2024-05-20,-5.923169572491567,1.475235489967443,-10.4886414574697,9.565186956297849,1.5139043258888776,-0.9687117763171392,-2.4413431307655564,-2.4413431307655564
2024-05-21,-1.2938250273670744,1.4755800379913018,-10.595707382990664,6.741818101428343,2.398109052887553,-0.2792858847234973,-2.1628696338508817,-2.1628696338508817
2024-05-22,-1.4914362217407633,1.476473301444373,-7.84466464615473,13.424510946146938,6.501124005089614,1.8195466680263856,-1.1458972973295378,-1.1458972973295378
2024-05-23,2.8583456040234845,1.477343764890006,-6.372971363172381,18.008971673431244,10.579107312383906,4.170020362514959,-0.0831829042537744,-0.0831829042537744
2024-05-24,6.463590966980963,1.4791524306370087,-5.11795289976011,20.0,15.117412630687449,6.950465983732023,1.322099780980352,1.322099780980352
2024-05-27,9.768780224089712,1.4803378262569793,-3.490168102048418,20.0,19.762589587964367,9.990686024041093,2.9334381620325303,2.9334381620325303
2024-05-28,12.863195793204957,1.4805140742986296,-2.0800612004440437,20.0,20.0,13.19556241975667,4.692272061271906,4.692272061271906
2024-05-29,14.85112208495252,1.4728374500583623,-4.852530867339196,20.0,20.0,14.060741989720707,5.664062918938897,5.664062918938897
2024-05-30,14.86563927187937,1.4733933387781606,-2.491315715582645,17.251747762819285,20.0,15.357366059872623,6.834979424965674,6.834979424965674
2024-05-31,15.586270913124306,1.4660748384949094,-2.862412044822743,7.409218597182572,16.83126394565537,14.52635085158502,7.163670442038338,7.163670442038338
2024-06-03,12.236000418931752,1.4615454296041044,-3.264881300038375,-1.713870174424665,11.146691750161583,12.747522065334088,7.048198184331835,7.048198184331835
2024-06-04,8.052212023117326,1.4635126293120022,-0.4073522461610676,1.5975402046652802,10.053346606484086,12.26554653382973,7.299243605813215,7.299243605813215
2024-06-05,9.250999319494662,1.4565609504334336,-2.962985652229055,-7.757874111223852,3.773087530745711,8.886025335544272,6.119843736358352,6.119843736358352
2024-06-06,3.441533832234074,1.4564317633696882,2.57758336295087,-13.032483274767474,-0.9789955212454358,6.521312207582189,5.4789920367572895,5.4789920367572895
2024-06-07,1.4710455607542434,1.4599980359275517,-20.0,-6.567556911171173,-0.8489662444141273,5.627914953457853,5.1968283433597815,5.1968283433597815
2024-06-10,-2.7746912964099537,1.4610108481768118,-20.0,-8.901710270755936,-2.9696157772336447,4.049521534016751,4.643267520127934,4.643267520127934
2024-06-11,-4.513260895566634,1.4609750029153161,-20.0,-7.569259489553335,-3.680859079994368,3.085836857061678,4.3384558820435775,4.3384558820435775
2024-06-12,-4.745247455053581,1.461022436876392,-20.0,-4.450787486224575,-3.154660423775858,2.630230230717065,4.170269245431959,4.170269245431959
2024-06-13,-4.051916822587556,1.4614950285575845,-20.0,2.106748962738957,-0.4083498817654695,3.1126299865885394,4.2529653289338905,4.2529653289338905
2024-06-14,-1.6275085077275881,1.4611689657958185,-20.0,7.111236706634932,2.6796663237602,4.122833679503768,4.622005232965141,4.622005232965141
2024-06-17,0.768968554720358,1.461108528142575,-20.0,7.473825402604603,4.272277136962026,4.897805637245835,5.008920716138167,5.008920716138167
2024-06-18,1.621391773773266,1.4603296751602546,-20.0,9.6649463075753,6.369270960235088,5.970090141999608,5.51002324987212,5.51002324987212
2024-06-19,3.169886982942446,1.460289088405585,-20.0,8.846901635368038,7.268630398310992,6.772363225160275,6.00452952027639,6.00452952027639
2024-06-20,3.619972167486807,1.458004943051157,-20.0,12.60161753798824,9.67444208866053,8.06325845681914,6.589752108420154,6.589752108420154
2024-06-21,5.7151572708075715,1.4580212897988538,-20.0,11.622132502437934,10.626972149245187,9.114236290882555,7.282372870075444,7.282372870075444
2024-06-24,6.298852425171769,1.4576129358678505,-20.0,10.96876042363334,11.28753543705302,10.059926252298188,7.97486188202975,7.97486188202975
2024-06-25,6.867313079401706,1.4577215514260793,-20.0,8.049578388459196,10.666705452827156,10.478436595758328,8.50322025072728,8.50322025072728
2024-06-26,6.362666404023839,1.4570346143726904,-20.0,8.134980520578809,10.790536453976898,11.052702115625022,9.086214493855412,9.086214493855412
2024-06-27,6.833689489098364,1.45652550595422,-20.0,8.614976874373763,11.165402264975985,11.70549337689506,9.725247911719466,9.725247911719466
2024-06-28,7.508405525633506,1.4562288843714222,-20.0,8.499847842527352,11.384506838860226,12.3041190313213,10.375053862595252,10.375053862595252
2024-07-01,7.992856525754761,1.4559564213457206,-20.0,8.156924518512094,11.46424789324249,12.828383656910518,11.0149598789523,11.0149598789523
2024-07-02,8.365010211120262,1.455650356147392,-20.0,7.920851640594002,11.515967632412355,13.30957916634005,11.649875727318708,11.649875727318708
2024-07-03,8.745936647694654,1.4557898704994905,-20.0,4.975022248672166,10.2826334276677,13.216578136701528,12.056335423758664,12.056335423758664
2024-07-04,7.904026290364967,1.4553133608786486,-20.0,5.1494921711318495,9.959425861792928,13.350790813262854,12.534712474236866,12.534712474236866
2024-07-05,8.130448643816324,1.4549344507869548,-20.0,5.859550102116854,10.02744602476916,13.611736147382627,13.063282181853634,13.063282181853634
2024-07-08,8.63976307431278,1.4551058752621786,-20.0,2.844208507958257,8.571987929683702,13.208750795871245,13.299902824949774,13.299902824949774
2024-07-09,7.5737839843996015,1.4553423073057443,-20.0,-1.043502107753811,6.220089683414843,12.280039798795638,13.287666536710116,13.287666536710116
2024-07-10,5.8278563451466106,1.4550264489124871,-20.0,-0.1646452191690902,5.512147634443913,11.849150241980936,13.449760516921868,13.449760516921868
2024-07-11,5.841494780539642,1.4545449884511763,-20.0,3.0137202463279777,6.193844776357338,11.883450353854837,13.698709202680032,13.698709202680032
2024-07-12,6.903695187221436,1.4539995929732614,-20.0,6.062055862454411,7.504636459023707,12.298589314445229,14.1097359270548,14.1097359270548
2024-07-15,8.2592926191901,1.4538980230451628,-20.0,-0.3755288078216915,4.835432568138766,10.882956925709289,13.454492005356844,13.454492005356844
2024-07-16,5.389604803999448,1.4532560902123421,-20.0,2.6591393566197588,5.357258680155624,10.741161629095734,13.432536511244551,13.432536511244551
2024-07-17,6.205002902748099,1.4530129619897079,-20.0,4.379051705989967,6.080087667278363,10.985611261374624,13.788581852616328,13.788581852616328
2024-07-18,7.026555589401518,1.4526723855181018,-20.0,5.921974625797989,6.99972811011946,11.37962787284709,14.196376393964917,14.196376393964917
2024-07-19,7.915105799730046,1.4525758138606188,-20.0,-1.560222461112723,3.795051181938529,9.72136933735868,13.28349104578197,13.28349104578197
2024-07-22,4.486812355959332,1.4533613514589512,-20.0,-8.478504112763362,-0.3523648133438689,7.617224093949473,12.377963829653988,12.377963829653988
2024-07-23,0.8580265514467057,1.4533450771411016,-20.0,-6.9562392280088,-1.555979749871233,6.571575092433887,12.052069616462294,12.052069616462294
2024-07-24,0.5240210819921624,1.4532624235210208,-20.0,-4.468961665698624,-1.6507728458756958,5.957047778399791,11.884140538510612,11.884140538510612
2024-07-25,0.8734725817844193,1.4535288751077935,-20.0,-5.675141923086806,-2.7566654915769044,4.954317898175168,11.484075209798018,11.484075209798018
2024-07-26,-0.12339699295784545,1.4536130492714257,-20.0,-6.736465329425172,-3.942318405173205,3.900233325692748,11.068062414411338,11.068062414411338
2024-07-29,-1.126768424306888,1.456266865072833,-20.0,-13.754319552653328,-7.747135397242618,1.3347212162315325,9.25505574867994,9.25505574867994
2024-07-30,-5.256851397907441,1.4564186438349582,-20.0,-12.00783742549726,-8.864896177766603,-0.0469572523930314,8.548287736386378,8.548287736386378
2024-07-31,-5.795003380077382,1.459507697529981,-20.0,-17.30343602499584,-12.091664520555655,-2.503114060033518,6.701713075914952,6.701713075914952
2024-08-01,-9.371365334346189,1.4606702430284992,-20.0,-12.078610489204928,-11.643070388218351,-3.5050620019742285,5.856842802921324,5.856842802921324
2024-08-02,-8.669002393886242,1.4646447914257776,-20.0,0.7259140463626986,-5.965627904353928,-2.230145149357848,5.31030063948661,5.31030063948661
2024-08-05,-4.113325622085765,1.4647502062331832,-20.0,7.18720217940258,-1.6510687901287149,-0.8605012961462989,5.518913893427834,5.518913893427834
2024-08-06,-1.046615581119193,1.4649795198208941,-20.0,3.926499467516977,-1.0100112765919729,-0.5407208328606486,5.393408689094105,5.393408689094105
2024-08-07,-1.6693291778083807,1.4648773959884884,-20.0,3.7370813295126974,-0.0977912853852221,-0.0861467095482227,5.446141012711137,5.446141012711137
2024-08-08,-1.3559130323000508,1.4646446795793788,-20.0,7.747853125875246,2.488856136762857,1.1010134548318062,5.67516751042272,5.67516751042272
2024-08-09,0.6555360467455218,1.4632186743645403,-20.0,16.16652797738758,7.54882482168786,3.457274531308422,5.9952371993255165,5.9952371993255165
2024-08-12,4.673033461250648,1.4631347870486917,-20.0,16.7980398218916,10.363015936566176,5.38589793791081,6.852025149782542,6.852025149782542
2024-08-13,6.401907328214827,1.4632371384819784,-20.0,12.983383336400244,10.753536118052144,6.500848630906391,7.477991937337835,7.477991937337835
2024-08-14,6.13520907763098,1.4611263349810142,-20.0,15.505248056159532,12.73541403051659,8.070570429808063,8.133956852973954,8.133956852973954
2024-08-15,7.934064495116569,1.4611919737148242,-20.0,11.639552552822664,12.380624760275056,8.891092130497922,8.74722283510214,8.74722283510214
2024-08-16,7.401880171848431,1.4606228093919789,-20.0,11.159631543854452,12.689926011529392,9.84777913943264,9.452485839902936,9.452485839902936
2024-08-19,7.935596871079625,1.4604358893660476,-20.0,10.299350391937722,12.769937838562624,10.68308911307663,10.174670858166191,10.174670858166191
2024-08-20,8.296992996220409,1.459807873317656,-20.0,2.4772625442823126,9.202873438951396,9.71350774420584,9.961820459093849,9.961820459093849
2024-08-21,5.187082375219866,1.459965223934056,-20.0,-2.793759931549432,5.797087715576,8.623241581179231,9.85124614702992,9.85124614702992
2024-08-22,2.756454803746184,1.459849837515066,-20.0,-3.110717032079873,4.073321079509984,7.931527970940878,9.88726519669951,9.88726519669951
2024-08-23,2.109041856544405,1.4597697474162712,-20.0,-2.402490362775343,3.138798534341653,7.416354426244871,9.947625078884492,9.947625078884492
2024-08-26,1.9587813004063996,1.4603398619461252,-20.0,-7.521484922848655,-0.1614952528525726,5.649426874111321,9.201377212824804,9.201377212824804
2024-08-27,-0.8837368697083685,1.460400699522911,-20.0,-9.497008363376082,-2.627118789825305,4.180942270252144,8.753428965537191,8.753428965537191
2024-08-28,-2.541183257030772,1.460964150748988,-20.0,-13.014884393219882,-5.812066261418232,2.1514635674979243,7.860876541632644,7.860876541632644
2024-08-29,-5.115137037032125,1.464694656165684,-20.0,-1.4160871850956274,-2.299760052548976,2.2958749854838127,7.057188821055056,7.057188821055056
2024-08-30,-1.7833593653441833,1.4646523333424974,-20.0,4.992837166083172,0.9437576123551266,3.179251966155204,7.288435497214689,7.288435497214689
2024-09-02,0.9006402995304439,1.4633779722932625,-20.0,-13.770589351149155,-6.205765951685318,-1.0138936726792007,2.918170233173034,2.918170233173034
2024-09-03,-8.573930258311574,1.4633815621512964,-20.0,-18.79795149552252,-10.772516652826416,-3.538106880480997,1.814122730962395,1.814122730962395
2024-09-04,-12.066646604376361,1.4632052829874995,-20.0,-20.0,-14.167201773347228,-5.950814729961304,0.6200286889554282,0.6200286889554282
2024-09-05,-14.36534750997992,1.4639108817666133,-20.0,-14.478655446452718,-13.779673773831975,-7.032149702038562,-0.1881756381366944,-0.1881756381366944
2024-09-06,-13.597937011220361,1.4656415997866354,20.0,-14.256018538305756,-14.540016078941004,-8.3980940523222,-1.1325763796638837,-1.1325763796638837
2024-09-09,-4.754442509310418,1.465966518861322,20.0,-14.208980737304568,-15.343838390380606,-9.775066544708038,-2.110370042832473,-2.110370042832473
2024-09-10,-5.754892630192719,1.4663002476626745,20.0,-15.09948202568043,-16.424008044159816,-11.214282877553403,-3.1669973787857324,-3.1669973787857324
2024-09-11,-7.10088935794908,1.465522722253246,20.0,-10.804863672535106,-15.288125566349915,-11.780163704953845,-3.9371826912096832,-3.9371826912096832
2024-09-12,-6.290058031859398,1.4657858560553951,20.0,-9.534735094020492,-14.739985578272838,-12.415715664950156,-4.735055906828039,-4.735055906828039
2024-09-13,-6.3922841853174,1.4660895058724355,20.0,-10.179088129596606,-14.868369639640791,-13.175275352667756,-5.585843587263077,-5.585843587263077
2024-09-16,-7.183776602507664,1.4663551510923643,20.0,-10.23298890871993,-14.985595186770638,-13.92990485531936,-6.4533492206063885,-6.4533492206063885
2024-09-17,-7.835543204517129,1.466634983353819,20.0,-11.167308501090195,-15.480936380405067,-14.762809019761503,-7.357486548101618,-7.357486548101618
2024-09-18,-8.832152479977852,1.4668901975739823,20.0,-10.980047025194942,-15.70265380987088,-15.542084132907764,-8.271090297189513,-8.271090297189513
2024-09-19,-9.475825189128573,1.4665824448737468,20.0,-8.425776848424706,-14.787800070711237,-15.840051141382224,-9.01814558358951,-9.01814558358951
2024-09-20,-9.060170704690286,1.4656549639382124,20.0,-4.256451845999674,-12.62834733206973,-15.450955834177018,-9.476377610337805,-9.476377610337805
2024-09-23,-7.642183606498342,1.4654932848398463,20.0,-8.41824337227855,-13.217633053002285,-15.53966651051931,-9.913375410231756,-9.913375410231756
2024-09-24,-9.03756708465783,1.4654605702320236,20.0,-12.315327215074957,-14.918331656812803,-16.44178890880829,-10.751842040008167,-10.751842040008167
2024-09-25,-11.029736335570966,1.4648005680466456,20.0,-10.231827661771332,-14.746382012642249,-16.929640556709195,-11.540497254298462,-11.540497254298462
2024-09-26,-10.983323307918912,1.4648062253826182,20.0,-8.136732187497328,-14.06576636262884,-17.192837191324603,-12.264529491724248,-12.264529491724248
2024-09-27,-10.681318619667987,1.4590505371649125,20.0,0.4757042577436143,-9.491556529715382,-15.131247298459725,-11.751481666561851,-11.751481666561851
2024-09-30,-6.724310271311719,1.4591598496031888,20.0,2.465110895286608,-7.108420328188465,-14.195502730541984,-11.90312050369964,-11.90312050369964
2024-10-01,-5.502299420734658,1.4578811661575262,20.0,9.299925937516072,-2.162656042453214,-11.37729195416524,-10.87744590378711,-10.87744590378711
2024-10-02,-1.459103970568666,1.4603418861571213,20.0,4.356892341812956,-1.9376185883768,-10.375831034826744,-10.564555192117624,-10.564555192117624
2024-10-03,-2.2160319657349787,1.4634248449031302,20.0,-5.265640891531272,-5.0700802900124105,-10.499352079654653,-10.369239635904876,-10.369239635904876
2024-10-04,-5.263378479835437,1.4638419347343927,20.0,-10.712956822162669,-8.276480601635036,-11.594648921884076,-10.95883693221668,-10.95883693221668
2024-10-07,-7.922178810342081,1.462476879860166,20.0,-7.717955071917883,-8.37636889122307,-11.819705894433092,-11.31356796526022,-11.31356796526022
2024-10-08,-7.442572308653615,1.4621391390805785,20.0,-4.640661475678968,-7.6024033252459,-11.7578246709466,-11.628710363802076,-11.628710363802076
2024-10-09,-6.644265333949492,1.4625114950986162,20.0,-5.111472834971505,-7.74659085611414,-11.945993339374052,-12.00901117821078,-12.00901117821078
2024-10-10,-7.017088996620037,1.460773645599066,20.0,-0.1162695475850659,-5.439297238204738,-10.979161205123091,-11.80711328162144,-11.80711328162144
2024-10-11,-4.904540615038704,1.460484890724158,20.0,2.9380151603521374,-3.2740360186267443,-10.025245347657506,-11.713715968787117,-11.713715968787117
2024-10-14,-3.356296489073937,1.460455419711056,20.0,3.971558973275245,-1.6929838019156214,-9.139860028970624,-11.61816048674417,-11.61816048674417
2024-10-15,-2.4576872309050475,1.4603583891157748,20.0,5.024624982045011,-0.1627988261521916,-8.143050502900016,-11.418788465987992,-11.418788465987992
2024-10-16,-1.489324307950775,1.4604079198319087,20.0,8.95751769796732,2.665389077754488,-6.3530022249503855,-10.68068641195208,-10.68068641195208
2024-10-17,0.9515660908273413,1.4607522578664602,20.0,12.397007453672249,5.725507825847974,-4.33057973133874,-9.83725209116568,-9.83725209116568
2024-10-18,3.4375962728191,1.4610007374859706,20.0,10.47562421479233,6.68348327280505,-3.041147259293492,-9.298672206990306,-9.298672206990306
2024-10-21,3.7795918699470055,1.461124448345274,20.0,7.929820007838246,6.6959912377885935,-2.1465105017748383,-8.865677069370012,-8.865677069370012
2024-10-22,3.593398221168752,1.4619248295582508,20.0,10.822934551434368,8.44425221341814,-0.5261679912683368,-7.900649445301683,-7.900649445301683
2024-10-23,5.592247461509463,1.4626806665564573,20.0,14.224730074492566,10.914878526943085,1.4292973447025856,-6.80770935025912,-6.80770935025912
2024-10-24,8.033756888473189,1.4627447763436923,20.0,13.126596716479307,11.911830684948146,2.8807327301746404,-5.987002658436898,-5.987002658436898
2024-10-25,8.779422405568946,1.4654696774829246,20.0,17.807612785746823,14.56192346530051,5.062750383329569,-4.35284007328324,-4.35284007328324
2024-10-28,11.910196946972262,1.4665741538908628,20.0,10.938795625947332,12.96876877397471,5.630416917489772,-3.5147453890172886,-3.5147453890172886
2024-10-29,10.39114628201596,1.4666923454819332,20.0,8.753001716473872,12.336172142897716,6.342602289387348,-2.830161332964692,-2.830161332964692
2024-10-30,10.211444475365502,1.4667592756229546,20.0,4.99301898643144,10.607378538103433,6.461798086060584,-2.340196922781137,-2.340196922781137
2024-10-31,9.139037851246615,1.4668695600106534,20.0,0.1504656135194837,7.779132077776632,5.886413679950181,-2.102055630783907,-2.102055630783907
2024-11-01,7.240315492182555,1.467041722827391,20.0,-5.099020417644581,4.104756856200383,4.640577314913053,-2.1474733834751696,-2.1474733834751696
2024-11-04,4.731797043862245,1.4671202444226514,20.0,-4.582989223685457,2.5530406138842747,3.957166655002958,-2.1318581790096527,-2.1318581790096527
2024-11-05,4.319275587535474,1.4671866306112198,20.0,-4.314983083083272,1.3843703456938352,3.321983551921842,-2.153152823716968,-2.153152823716968
2024-11-06,3.9335859668216413,1.467293763236102,20.0,-6.072324428599272,-0.4134240083705672,2.348406280633657,-2.324327085112497,-2.324327085112497
2024-11-07,2.742558178099877,1.467392873035608,20.0,-7.360121916024109,-2.121021508109584,1.2999940172850688,-2.596106840414453,-2.596106840414453
2024-11-08,1.6204330694397568,1.467199507876917,20.0,1.5541353979305048,0.7279381104372324,1.8652401602974693,-2.090700820291204,-2.090700820291204
2024-11-11,4.882539169329679,1.4672625510306383,20.0,6.710482926866691,3.5797751231124595,2.904531617724288,-1.5762151962914543,-1.5762151962914543
2024-11-12,7.3469185112206254,1.467311893304921,20.0,4.62017248101711,3.8589822203330777,3.2080212595642346,-1.3014308328515078,-1.3014308328515078
2024-11-13,7.112973067359445,1.4673833452275469,20.0,4.204913213414791,4.230213857632847,3.5731885644274226,-1.011223269973147,-1.011223269973147
2024-11-14,7.335214575428222,1.467734262173909,20.0,11.210526635727316,7.521015513665631,4.971330438016665,-0.1389513345156305,-0.1389513345156305
2024-11-15,10.622550981065443,1.4677109968340716,20.0,9.748433709935446,8.368626464357332,5.856551715125155,0.4391363707374091,0.4391363707374091
2024-11-18,10.971802156474338,1.4677379441376597,20.0,7.450104815113408,8.280178371976039,6.401320434670337,0.917406157079382,0.917406157079382
2024-11-19,10.756652973475797,1.4679367527915468,20.0,9.407140835045666,9.454213907875202,7.33473304331901,1.5807516696758337,1.5807516696758337
2024-11-20,12.073529727734915,1.4676805880189987,20.0,4.622610512993555,7.887853516200132,7.214051044756477,1.878514683225475,1.878514683225475
2024-11-21,10.636799272115015,1.4677674506287925,20.0,3.405134905798341,7.122874751366641,7.2953490137520305,2.218629100697436,2.218629100697436
2024-11-22,10.339892138526858,1.4680181554994718,20.0,8.54251017928584,8.865175632504064,8.076846838282512,2.829076492523223,2.829076492523223
2024-11-25,12.509475995748053,1.4675970775173368,20.0,4.004387513397703,7.368664197836139,7.804633177076679,3.0592357848135587,3.0592357848135587
2024-11-26,11.080850647150138,1.4677868738077018,20.0,5.899686746097872,7.933158075529555,8.242655058439595,3.53153106858136,3.53153106858136
2024-11-27,12.020305124625862,1.4677236733640413,20.0,4.042889251822694,7.290091010266827,8.304997586202305,3.879300976515446,3.879300976515446
2024-11-28,11.595484688124882,1.4678887890304628,20.0,9.450546510555672,9.28982144167042,9.063064196154706,4.42966245516995,4.42966245516995
2024-11-29,13.863631927779338,1.4680152517194525,20.0,11.439170628150617,11.04006987933396,10.21495142575626,5.218285879065221,5.218285879065221
2024-12-02,15.431037694553137,1.4665785863124847,20.0,19.105908802742945,14.621372776960508,11.440555826482974,5.863545942243586,5.863545942243586
2024-12-03,18.781669287816282,1.4655064614327646,20.0,20.0,18.96561150712821,13.800781870542702,7.12374988704513,7.12374988704513
2024-12-04,21.249956270371282,1.4652802328917183,20.0,20.0,20.0,15.754773156711796,8.450086889589898,8.450086889589898
2024-12-05,22.570608348314718,1.4615911461650137,20.0,20.0,20.0,17.264269190241308,9.448417692645677,9.448417692645677
2024-12-06,23.337455604170835,1.4561473086557397,-20.0,17.91000763692438,20.0,18.04859659624073,10.401085091054124,10.401085091054124
2024-12-09,13.764381385098035,1.4549887516750593,-20.0,16.360482767260542,20.0,19.15173944538333,11.5368825203508,11.5368825203508
2024-12-10,14.203830776990145,1.4546649917054073,-20.0,14.752558149809197,20.0,20.0,12.691845873898316,12.691845873898316
2024-12-11,14.566866765630559,1.453386281030188,-20.0,6.044240363341481,16.60621428826505,18.85541981355528,12.764287824966154,12.764287824966154
2024-12-12,11.394272751954706,1.4535226061841124,-20.0,1.71360844064027,13.443806509701782,18.109239986496608,13.18894234288385,13.18894234288385
2024-12-13,9.59714254839207,1.4524788492566367,-20.0,4.265958766717106,12.78177171214395,17.823406118839657,13.604106281841966,13.604106281841966
2024-12-16,10.18701289086483,1.4525433155054466,-20.0,3.6688281115761847,11.761280069850685,17.604822574349264,14.14508437945559,14.14508437945559
2024-12-17,10.000258226378131,1.4519396217532083,-20.0,5.519837447642219,11.826091719583054,17.648529055760893,14.698476903124996,14.698476903124996
2024-12-18,10.741279781721644,1.451805106985213,-20.0,5.824604598205993,11.722240000518566,17.75562195465639,15.324200426630426,15.324200426630426
2024-12-19,11.114033936234957,1.4512066339746859,-20.0,7.4867518442769105,12.241769605748088,18.031488602832766,15.94391410765952,15.94391410765952
2024-12-20,12.009549801727466,1.4513683037142824,-20.0,4.210295746694722,10.823295185927794,17.56426502305608,16.261122010856994,16.261122010856994
2024-12-23,10.914003987772283,1.4513271016563454,-20.0,2.7762204205840058,9.705584248736844,17.207045787252934,16.67077729025425,16.67077729025425
2024-12-24,10.408238147841415,1.4512861041682383,-20.0,2.0176661101606173,8.735043905082048,16.813465129614926,17.03578077936789,17.03578077936789
2024-12-25,10.07109501628805,1.4512453097027591,-20.0,1.5441242895197804,7.881368773977178,16.394490696812063,17.36029858068538,17.36029858068538
2024-12-26,9.798984318706704,1.450248234622587,-20.0,6.5409520894526265,9.283716134613227,16.364415140514655,17.38790618299992,17.38790618299992
2024-12-27,11.353316562961874,1.4504428960845364,-20.0,4.186617770059296,8.537964674247526,16.010629385581158,17.60128649397413,17.60128649397413
2024-12-30,10.62125394864303,1.4504036549878236,-20.0,3.007470273275651,7.86728764411424,15.749970730676418,17.94038488385417,17.94038488385417
2024-12-31,10.274745077341333,1.4503646060333928,-20.0,2.288339193924251,7.212280726340116,15.440936551890454,18.241192047216124,18.241192047216124
2025-01-01,9.984178342555536,1.446146098994097,-20.0,14.67067577561038,10.953302132236637,13.797564376072206,14.86658744292682,14.86658744292682
2025-01-02,11.841978119381485,1.4454740624564406,-20.0,18.416487318529263,14.571261835314642,15.685554060196887,15.93378960241538,15.93378960241538
2025-01-03,14.529110399218068,1.4399304884947415,-20.0,5.49275663140933,9.927458140214164,13.351414887769916,14.315153538323344,14.315153538323344
2025-01-06,8.975914019914706,1.4399116414630393,-20.0,1.7067624779138066,7.884395505781904,12.863453170647938,14.53616845681452,14.53616845681452
2025-01-07,7.567240770282677,1.4401471567690405,-20.0,-2.1486131955556727,5.243888151669271,11.826306265211125,14.43167879401964,14.43167879401964
2025-01-08,5.707860287251852,1.4398675564398842,-20.0,-0.2540115546456266,4.771590129813635,11.411794852429685,14.49981346105288,14.49981346105288
2025-01-09,5.9809105916185175,1.4395067209398944,-20.0,3.339357736682139,5.683526101314895,11.519517023116164,14.711784678370783,14.711784678370783
2025-01-10,7.187405495533124,1.4391135230957317,-20.0,6.343306642801235,7.095463501559382,11.988815763058502,15.106120408383015,15.106120408383015
2025-01-13,8.546083069515443,1.4387415184119423,-20.0,8.343184308014429,8.534341512395182,12.644547301212192,15.62054677440586,15.62054677440586
2025-01-14,9.767590652262031,1.437708321028949,-20.0,11.74199175659549,10.712669934815846,13.585809757176069,16.099095255793134,16.099095255793134
2025-01-15,11.558925659642398,1.437717199020018,-20.0,7.0874417632482665,9.689902684401714,13.449602568313836,16.239260685317706,16.239260685317706
2025-01-16,10.234140022351568,1.437868321176825,-20.0,1.062148457049242,7.024201776606327,12.520589821874504,16.07483161937741,16.07483161937741
2025-01-17,7.851460241095993,1.4381454946152832,-20.0,-3.741264087895662,3.943866650256519,11.209313462102534,15.783863227975624,15.783863227975624
2025-01-20,5.507625679946541,1.4380447436396746,-20.0,-3.7395584631801153,2.4908593021685537,10.370821639566438,15.725594346618957,15.725594346618957
2025-01-21,4.930481836370839,1.4379256100877382,-20.0,1.4812458628954663,3.635391654043392,10.246482745416897,15.583501350070732,15.583501350070732
2025-01-22,6.357324033513622,1.4377597968543803,-20.0,4.083960390215771,4.803337815626433,10.523467019973353,15.88719000315378,15.88719000315378
2025-01-23,7.463687776006917,1.4360082764633861,-20.0,13.290668281441842,8.95340568126254,11.161623145786026,14.946753648946853,14.946753648946853
2025-01-24,10.36363576606223,1.4360960079720348,-20.0,10.789977105654,9.68047482775984,11.787358267622407,15.355559036431783,15.355559036431783
2025-01-27,10.285523243312783,1.4362271050023485,-20.0,6.572474653806269,8.805144782772828,11.849318706702949,15.660054237822804,15.660054237822804
2025-01-28,9.224373613738022,1.4358101732040767,-20.0,6.828838239150367,9.009949432068046,12.206100993548953,16.06161967940848,16.06161967940848
2025-01-29,9.610699425016978,1.4355709212100922,-20.0,7.379835253353459,9.436637373693369,12.679184027888091,16.567398938559318,16.567398938559318
2025-01-30,10.186675180373415,1.4337180251335282,-20.0,12.793082270883236,11.804369132048263,13.472585223010956,16.582772963302325,16.582772963302325
2025-01-31,12.243916268937088,1.4338374612658793,-20.0,10.284071728373116,11.861188076398047,14.004014172756078,17.12733416805019,17.12733416805019
2025-02-03,12.0461655899471,1.4339551674342186,-20.0,5.101153077044759,10.00283346677257,13.663907744941538,17.297275808168273,17.297275808168273
2025-02-04,10.359377752881606,1.4334123737698525,-20.0,5.988036603340772,9.928719864239616,13.828300958106038,17.63849641410197,17.63849641410197
2025-02-05,10.755380309529905,1.433348359154372,-20.0,5.74909685665865,9.725300553854426,14.027024051686569,18.129595665195588,18.129595665195588
2025-02-06,10.901293928716628,1.4293463216666114,-20.0,14.96041397021713,12.693491104434669,13.884416427426215,16.46390291493431,16.46390291493431
2025-02-07,12.957813936274125,1.427435498467008,-20.0,20.0,16.51431788152015,15.778415918608772,17.284760859795522,17.284760859795522
2025-02-10,15.89813488290774,1.4266465968877318,-20.0,13.478357763034897,15.438190434252752,15.990673647497829,17.540160056185034,17.540160056185034
2025-02-11,14.261505766010846,1.4264467555143434,-20.0,5.629410147456728,12.382457593007896,15.3135379005855,17.57396448940993,17.57396448940993
2025-02-12,11.52213440802898,1.4262028183189044,-20.0,4.112091836973479,10.98178980381112,15.157809279683857,17.993716945646124,17.993716945646124
2025-02-13,10.981287425633242,1.4249345077794644,-20.0,8.457888623158144,11.898578010596832,15.398834255950844,18.10556207731489,18.10556207731489
2025-02-14,12.342183698194285,1.4250182137021485,-20.0,7.640511481782835,11.782788866494132,15.720257584447276,18.708644606784077,18.70864460678408
2025-02-17,12.484469802431486,1.4251448156096316,-20.0,4.902010235123669,10.604026934727028,15.558744786351411,19.10931572636521,19.10931572636521
2025-02-18,11.704842547747612,1.425003879170366,-20.0,4.345658674711419,9.953322780926776,15.499679788381371,19.552645928785036,19.55264592878504
2025-02-19,11.613065353189654,1.4248008126131013,-20.0,4.90294980338981,9.80071655182263,15.56145671842742,20.0,20.0
2025-02-20,11.938040440488098,1.4250087986055686,-20.0,-1.964337070417416,6.160909549355999,13.66889350472433,19.056989632175465,19.056989632175465
2025-02-21,8.542911627520702,1.4246320200824596,-20.0,4.10001593553115,7.197060612098347,13.154453058448372,18.24867383197065,18.24867383197065
2025-02-24,9.724480356205325,1.4248713524546563,-20.0,2.125604453576008,6.3228296796675725,12.698931003392849,18.28198494178092,18.28198494178092
2025-02-25,8.956603417694811,1.4250256713899367,-20.0,-0.5051037927914522,4.813832142558432,11.9922428604647,18.288238128572672,18.288238128572672
2025-02-26,7.814640852785947,1.4261400664768944,-20.0,-8.888544777276588,0.0014999591624793,9.098250144335138,16.39148614072493,16.39148614072493
2025-02-27,3.090768327671654,1.4271476445790947,-20.0,-14.623511611625776,-4.609253132878165,6.406198597856888,15.1419938719112,15.1419938719112
2025-02-28,-0.6048053998413246,1.4272253689469436,-20.0,-15.53767782555739,-7.562207150195978,4.260795613270887,14.335374749545384,14.335374749545384
2025-03-03,-2.4892825863188675,1.468843067656012,-20.0,-20.0,-12.542502980913502,-1.634247792662512,6.387178200269525,6.387178200269525
2025-03-04,-10.135254308531373,1.4687924882622572,-20.0,-20.0,-17.047814646192805,-4.822952416498126,4.9289938542068885,4.9289938542068885
2025-03-05,-12.750938892070305,1.470900695986948,-20.0,-17.941780211238388,-16.342357614249778,-6.203349586040173,3.83825271225722,3.83825271225722
2025-03-06,-12.975485356814582,1.474180354382188,-20.0,-5.021177944344178,-11.13209898381681,-5.438757140153709,3.279772520714311,3.279772520714311
2025-03-07,-8.609811882749172,1.4745989431938125,20.0,-2.3368823503667144,-8.984388461604048,-5.356854174437802,2.9355315314486305,2.9355315314486305
2025-03-10,2.259374863004673,1.4746372775749117,20.0,-0.173673461745311,-6.958470117584007,-5.052244588851841,2.7017529981846184,2.7017529981846184
2025-03-11,3.2488807726937106,1.4746282535280326,20.0,0.5233531519990257,-5.5479534523019165,-4.773748137754772,2.499259034258624,2.499259034258624
2025-03-12,3.7357423670061203,1.4746186882757184,20.0,0.0533863692906283,-4.825440397967308,-4.6317012625621095,2.273492460926166,2.273492460926166
2025-03-13,3.72189203553906,1.4746756641720147,20.0,-3.0061430555038324,-5.52098262093387,-4.976601705438842,1.8456979032206828,1.8456979032206828
2025-03-14,2.503902734372951,1.474666801091875,20.0,-3.3602712355315,-5.702469911055452,-5.230295884748909,1.4859709640554095,1.4859709640554095
2025-03-17,2.133108558897254,1.4746850559613167,20.0,-1.8296945824297792,-5.061398110980905,-5.16680035218304,1.239930765137088,1.239930765137088
2025-03-18,2.561528319298544,1.4746897324035138,20.0,-4.023476074599132,-5.770179498678299,-5.55897108201142,0.8110569005640091,0.8110569005640091
2025-03-19,1.5409981531610846,1.474760008895263,20.0,-1.3327270199817542,-4.708472590034648,-5.314125495006182,0.6191461854071133,0.6191461854071133
2025-03-20,2.4295052621773148,1.4749650768873863,20.0,5.169333864541311,-1.3131048031552326,-3.914362117279674,0.8206892564730721,0.8206892564730721
2025-03-21,5.306866782828926,1.4752739925203935,20.0,13.617523017714802,4.018620272801501,-1.3066054344913949,1.4871386061780556,1.4871386061780556
2025-03-24,9.664081936562718,1.4752891422497927,20.0,13.516615220051698,6.472138390983608,0.3483615312083577,2.0955987850263544,2.0955987850263544
