Date,PX_OPEN,PX_HIGH,PX_LOW,PX_CLOSE_1D,PX_VOLUME,OPEN_INT,INSTRUMENT,SECTYPE,EXCHANGE,CRNCY,TICK_SIZE,TICK_VALUE,POINT_VALUE,CONTRACT_VALUE,near,far,st_dev,no_days,Standard Cost,Instrument_Weights,Exchange rate
02/01/2017,67.9,68.405,67.725,68.285,62239,125100,AD1 Curncy,Future,CME,USD,0.005,5,1000,68285,68.285,68.525,0.5756596216396209,8546,0.002,,0.6485
03/01/2017,68.17,68.54,67.06,67.54,110981,132015,AD1 Curncy,Future,CME,USD,0.005,5,1000,67540,67.54,67.795,0.5590872024883597,8547,0.002,,0.6485
04/01/2017,67.485,69.06,67.35,68.585,128730,124805,AD1 Curncy,Future,CME,USD,0.005,5,1000,68585,68.585,68.84,0.5896780901358368,8548,0.002,,0.6485
05/01/2017,68.54,68.635,67.525,67.755,92280,124045,AD1 Curncy,Future,CME,USD,0.005,5,1000,67755,67.755,68.01,0.5772185461211865,8549,0.002,,0.6485
06/01/2017,67.705,69.045,67.32,69,101320,123219,AD1 Curncy,Future,CME,USD,0.005,5,1000,69000,69,69.255,0.6339311871064877,8550,0.002,,0.6485
09/01/2017,68.935,69.675,68.92,69.52,85592,128058,AD1 Curncy,Future,CME,USD,0.005,5,1000,69520,69.52,69.775,0.7222159187663528,8551,0.002,,0.6485
10/01/2017,69.3,69.445,68.76,69.11,76366,125112,AD1 Curncy,Future,CME,USD,0.005,5,1000,69110,69.11,69.365,0.7499626657282047,8552,0.002,,0.6485
11/01/2017,69.135,69.425,68.895,69.285,60568,124252,AD1 Curncy,Future,CME,USD,0.005,5,1000,69285,69.285,69.545,0.7965732860108475,8553,0.002,,0.6485
12/01/2017,69.21,70.005,68.74,69.88,101602,124445,AD1 Curncy,Future,CME,USD,0.005,5,1000,69880,69.88,70.14,0.8876954244856439,8554,0.002,,0.6485
13/01/2017,69.815,70.1,69.31,69.88,73884,127186,AD1 Curncy,Future,CME,USD,0.005,5,1000,69880,69.88,70.14,0.9648293458704054,8555,0.002,,0.6485
16/01/2017,69.815,70.1,69.31,69.93,73884,127186,AD1 Curncy,Future,CME,USD,0.005,5,1000,69930,69.93,70.195,1.0242032675789208,8556,0.002,,0.6485
17/01/2017,69.895,70.345,69.455,70.04,110563,127638,AD1 Curncy,Future,CME,USD,0.005,5,1000,70040,70.04,70.31,1.0882852337443436,8557,0.002,,0.6485
18/01/2017,70.035,70.785,69.5,69.595,115479,127334,AD1 Curncy,Future,CME,USD,0.005,5,1000,69595,69.595,69.865,1.1184353654336179,8558,0.002,,0.6485
19/01/2017,69.56,69.62,68.86,69.32,86923,125927,AD1 Curncy,Future,CME,USD,0.005,5,1000,69320,69.32,69.595,1.1180218766431143,8559,0.002,,0.6485
20/01/2017,69.25,69.875,69.205,69.84,57149,126889,AD1 Curncy,Future,CME,USD,0.005,5,1000,69840,69.84,70.115,1.128697885464725,8560,0.002,,0.6485
23/01/2017,69.855,70.535,69.755,70.335,80791,127297,AD1 Curncy,Future,CME,USD,0.005,5,1000,70335,70.335,70.61,1.156741183952782,8561,0.002,,0.6485
24/01/2017,70.42,70.715,70.065,70.635,68613,128800,AD1 Curncy,Future,CME,USD,0.005,5,1000,70635,70.635,70.915,1.17904700216704,8562,0.002,,0.6485
25/01/2017,70.585,71.35,70.45,71.155,88547,129099,AD1 Curncy,Future,CME,USD,0.005,5,1000,71155,71.155,71.405,1.2341036558243448,8563,0.002,,0.6485
26/01/2017,71.175,71.55,70.915,71.255,69955,131866,AD1 Curncy,Future,CME,USD,0.005,5,1000,71255,71.255,71.51,1.2422055989189547,8564,0.002,,0.6485
27/01/2017,71.275,71.415,70.95,71.235,62691,134770,AD1 Curncy,Future,CME,USD,0.005,5,1000,71235,71.235,71.48,1.2218961698874091,8565,0.002,,0.6485
30/01/2017,71.13,71.325,70.635,70.695,60836,138264,AD1 Curncy,Future,CME,USD,0.005,5,1000,70695,70.695,70.945,1.1875269470565546,8566,0.002,,0.6485
31/01/2017,70.69,70.765,69.955,70.645,83660,135560,AD1 Curncy,Future,CME,USD,0.005,5,1000,70645,70.645,70.895,1.1506694790361867,8567,0.002,,0.6485
01/02/2017,70.62,71.56,70.48,71.34,92592,135999,AD1 Curncy,Future,CME,USD,0.005,5,1000,71340,71.34,71.595,1.140265210372284,8568,0.002,,0.6485
02/02/2017,71.415,71.685,70.79,70.83,103566,135598,AD1 Curncy,Future,CME,USD,0.005,5,1000,70830,70.83,71.085,1.1144397695637491,8569,0.002,,0.6485
03/02/2017,70.835,70.895,69.285,69.36,131834,130981,AD1 Curncy,Future,CME,USD,0.005,5,1000,69360,69.36,69.62,1.0610313378903002,8570,0.002,,0.6485
06/02/2017,69.245,69.575,68.645,68.89,100231,126404,AD1 Curncy,Future,CME,USD,0.005,5,1000,68890,68.89,69.16,1.0314777829172745,8571,0.002,,0.6485
07/02/2017,68.925,69.985,68.915,69.505,140171,123104,AD1 Curncy,Future,CME,USD,0.005,5,1000,69505,69.505,69.75,0.9187111442950415,8572,0.002,,0.6485
08/02/2017,69.725,70.045,69.27,69.335,69514,122851,AD1 Curncy,Future,CME,USD,0.005,5,1000,69335,69.335,69.58,0.8854618380550859,8573,0.002,,0.6485
09/02/2017,69.34,70.19,69.295,69.475,78940,125499,AD1 Curncy,Future,CME,USD,0.005,5,1000,69475,69.475,69.715,0.768075951095893,8574,0.002,,0.6485
10/02/2017,69.465,69.68,69.16,69.21,73913,126720,AD1 Curncy,Future,CME,USD,0.005,5,1000,69210,69.21,69.445,0.7577213647851413,8575,0.002,,0.6485
13/02/2017,69.24,69.805,68.975,69.7,56170,126547,AD1 Curncy,Future,CME,USD,0.005,5,1000,69700,69.7,69.935,0.7536960041368495,8576,0.002,,0.6485
14/02/2017,69.705,70.375,69.28,69.96,119406,125073,AD1 Curncy,Future,CME,USD,0.005,5,1000,69960,69.96,70.19,0.7297643455151624,8577,0.002,,0.6485
15/02/2017,69.925,69.95,68.705,69.07,102564,126925,AD1 Curncy,Future,CME,USD,0.005,5,1000,69070,69.07,69.305,0.7403840782448731,8578,0.002,,0.6485
16/02/2017,69.095,69.42,68.455,69.025,106497,123972,AD1 Curncy,Future,CME,USD,0.005,5,1000,69025,69.025,69.26,0.7675528211911693,8579,0.002,,0.6485
17/02/2017,68.8,68.895,68.17,69.025,75243,122551,AD1 Curncy,Future,CME,USD,0.005,5,1000,69025,69.025,69.26,0.7922558509209864,8580,0.002,,0.6485
20/02/2017,68.8,68.895,68.17,68.845,75243,122551,AD1 Curncy,Future,CME,USD,0.005,5,1000,68845,68.845,69.085,0.8239754749496823,8581,0.002,,0.6485
21/02/2017,68.785,69.26,68.52,68.585,108457,122486,AD1 Curncy,Future,CME,USD,0.005,5,1000,68585,68.585,68.82,0.8663824694201627,8582,0.002,,0.6485
22/02/2017,68.625,68.695,67.985,68.01,80479,123615,AD1 Curncy,Future,CME,USD,0.005,5,1000,68010,68.01,68.25,0.9423577257701049,8583,0.002,,0.6485
23/02/2017,68.105,68.455,67.855,68.09,68622,121929,AD1 Curncy,Future,CME,USD,0.005,5,1000,68090,68.09,68.325,0.9994508908989096,8584,0.002,,0.6485
24/02/2017,68.12,68.275,67.215,67.29,85560,123428,AD1 Curncy,Future,CME,USD,0.005,5,1000,67290,67.29,67.525,1.114642132398854,8585,0.002,,0.6485
27/02/2017,67.305,67.48,67.015,67.385,70606,124385,AD1 Curncy,Future,CME,USD,0.005,5,1000,67385,67.385,67.615,1.1935617216209276,8586,0.002,,0.6485
28/02/2017,67.41,67.61,67.065,67.375,78694,124421,AD1 Curncy,Future,CME,USD,0.005,5,1000,67375,67.375,67.605,1.2460986785371768,8587,0.002,,0.6485
01/03/2017,67.35,67.86,66.975,67.54,93790,127970,AD1 Curncy,Future,CME,USD,0.005,5,1000,67540,67.54,67.775,1.2451070904352588,8588,0.002,,0.6485
02/03/2017,67.59,67.675,67.08,67.305,77034,129452,AD1 Curncy,Future,CME,USD,0.005,5,1000,67305,67.305,67.545,1.2328861801962443,8589,0.002,,0.6485
03/03/2017,67.315,67.78,67.3,67.715,66108,126384,AD1 Curncy,Future,CME,USD,0.005,5,1000,67715,67.715,67.955,1.1798295074510883,8590,0.002,,0.6485
06/03/2017,67.595,67.71,67.16,67.22,78603,120126,AD1 Curncy,Future,CME,USD,0.005,5,1000,67220,67.22,67.46,1.1725912189046683,8591,0.002,,0.6485
07/03/2017,67.295,67.49,65.81,65.865,179422,110107,AD1 Curncy,Future,CME,USD,0.005,5,1000,65865,65.865,66.125,1.2512443806010685,8592,0.002,,0.6485
08/03/2017,66.145,66.54,65.95,66.155,205691,118416,AD1 Curncy,Future,CME,USD,0.005,5,1000,66155,65.9,66.155,1.2138749249074938,8593,0.002,,0.6485
09/03/2017,66.145,66.62,66.015,66.125,112023,143073,AD1 Curncy,Future,CME,USD,0.005,5,1000,66125,65.875,66.125,1.1908856298231407,8594,0.002,,0.6485
10/03/2017,66.12,66.655,65.895,66.085,154895,151663,AD1 Curncy,Future,CME,USD,0.005,5,1000,66085,65.835,66.085,1.241862277651049,8595,0.002,,0.6485
13/03/2017,66.225,67.405,66.225,66.975,153922,149902,AD1 Curncy,Future,CME,USD,0.005,5,1000,66975,66.655,66.975,1.2508634351196588,8596,0.002,,0.6485
14/03/2017,66.92,67.235,66.545,67.085,121699,149096,AD1 Curncy,Future,CME,USD,0.005,5,1000,67085,67.085,67.285,1.2257344736875373,8597,0.002,,0.6485
15/03/2017,67.035,67.345,66.13,66.47,137101,152656,AD1 Curncy,Future,CME,USD,0.005,5,1000,66470,66.47,66.65,1.2236095169563355,8598,0.002,,0.6485
16/03/2017,66.385,66.92,66.33,66.72,133978,148996,AD1 Curncy,Future,CME,USD,0.005,5,1000,66720,66.72,66.945,1.1923260529959219,8599,0.002,,0.6485
17/03/2017,66.785,67.48,66.725,67.35,105470,147663,AD1 Curncy,Future,CME,USD,0.005,5,1000,67350,67.35,67.535,1.152398115519488,8600,0.002,,0.6485
20/03/2017,67.35,67.525,66.88,67.385,84375,147323,AD1 Curncy,Future,CME,USD,0.005,5,1000,67385,67.385,67.595,1.0699301768431304,8601,0.002,,0.6485
21/03/2017,67.405,67.48,66.72,66.87,71020,150494,AD1 Curncy,Future,CME,USD,0.005,5,1000,66870,66.87,67.11,0.9513785173734082,8602,0.002,,0.6485
22/03/2017,66.92,67.815,66.835,67.505,97376,148241,AD1 Curncy,Future,CME,USD,0.005,5,1000,67505,67.505,67.73,0.8878297509393254,8603,0.002,,0.6485
23/03/2017,67.08,67.775,66.9,66.985,87270,149931,AD1 Curncy,Future,CME,USD,0.005,5,1000,66985,66.985,67.185,0.8195460125295083,8604,0.002,,0.6485
24/03/2017,67.08,67.145,66.455,66.685,98895,153886,AD1 Curncy,Future,CME,USD,0.005,5,1000,66685,66.685,66.89,0.7416823219229733,8605,0.002,,0.6485
27/03/2017,66.625,66.855,66.545,66.69,60246,151576,AD1 Curncy,Future,CME,USD,0.005,5,1000,66690,66.69,66.91,0.6615961129368043,8606,0.002,,0.6485
28/03/2017,66.705,67.315,66.695,67.225,63350,149956,AD1 Curncy,Future,CME,USD,0.005,5,1000,67225,67.225,67.445,0.5858623985087673,8607,0.002,,0.6485
29/03/2017,67.275,67.335,66.815,66.995,76374,152515,AD1 Curncy,Future,CME,USD,0.005,5,1000,66995,66.995,67.21,0.5502301033686988,8608,0.002,,0.6485
30/03/2017,67.05,67.375,66.81,67.28,62269,152641,AD1 Curncy,Future,CME,USD,0.005,5,1000,67280,67.28,67.5,0.505633431107104,8609,0.002,,0.6485
31/03/2017,67.31,67.57,66.89,67.01,79959,152935,AD1 Curncy,Future,CME,USD,0.005,5,1000,67010,67.01,67.24,0.5013606486218082,8610,0.002,,0.6485
03/04/2017,67.005,68.095,66.7,68.04,116415,153834,AD1 Curncy,Future,CME,USD,0.005,5,1000,68040,68.04,68.27,0.5401124111267364,8611,0.002,,0.6485
04/04/2017,68.035,68.125,67.4,67.6,100855,150010,AD1 Curncy,Future,CME,USD,0.005,5,1000,67600,67.6,67.815,0.5486678564059797,8612,0.002,,0.6485
05/04/2017,67.72,67.985,66.95,67.415,89443,153400,AD1 Curncy,Future,CME,USD,0.005,5,1000,67415,67.415,67.635,0.5440463368621599,8613,0.002,,0.6485
06/04/2017,67.4,67.435,66.71,66.98,56885,154939,AD1 Curncy,Future,CME,USD,0.005,5,1000,66980,66.98,67.2,0.5400792380010608,8614,0.002,,0.6485
07/04/2017,66.9,67.1,66.6,66.845,21225,153720,AD1 Curncy,Future,CME,USD,0.005,5,1000,66845,66.845,67.07,0.5181419528660274,8615,0.002,,0.6485
10/04/2017,66.84,66.985,66.37,66.585,39258,155884,AD1 Curncy,Future,CME,USD,0.005,5,1000,66585,66.585,66.83,0.5195290335035805,8616,0.002,,0.6485
11/04/2017,66.595,66.985,66.59,66.7,55839,157971,AD1 Curncy,Future,CME,USD,0.005,5,1000,66700,66.7,66.94,0.47391745060346047,8617,0.002,,0.6485
12/04/2017,66.72,67.42,66.665,67.165,66262,159996,AD1 Curncy,Future,CME,USD,0.005,5,1000,67165,67.165,67.395,0.4454835387753399,8618,0.002,,0.6485
13/04/2017,67.1,68.14,67.03,68.06,80009,161590,AD1 Curncy,Future,CME,USD,0.005,5,1000,68060,68.06,68.29,0.4567431809231164,8619,0.002,,0.6485
14/04/2017,68.015,68.235,67.115,67.225,97761,159358,AD1 Curncy,Future,CME,USD,0.005,5,1000,67225,67.225,67.465,0.4088940367867287,8620,0.002,,0.6485
17/04/2017,67.235,67.36,66.98,67.18,56870,158985,AD1 Curncy,Future,CME,USD,0.005,5,1000,67180,67.18,67.43,0.4080492208705665,8621,0.002,,0.6485
18/04/2017,67.205,67.65,67.14,67.44,57075,158715,AD1 Curncy,Future,CME,USD,0.005,5,1000,67440,67.44,67.685,0.4128566135109579,8622,0.002,,0.6485
19/04/2017,67.445,67.58,67.07,67.315,55792,158237,AD1 Curncy,Future,CME,USD,0.005,5,1000,67315,67.315,67.555,0.38999999998254875,8623,0.002,,0.6485
20/04/2017,67.31,67.875,67.125,67.58,73820,159379,AD1 Curncy,Future,CME,USD,0.005,5,1000,67580,67.58,67.82,0.3865669411452205,8624,0.002,,0.6485
21/04/2017,67.58,67.61,66.925,67,80493,168131,AD1 Curncy,Future,CME,USD,0.005,5,1000,67000,67,67.24,0.3874110650455305,8625,0.002,,0.6485
24/04/2017,67.085,67.125,66.805,67.07,55265,169000,AD1 Curncy,Future,CME,USD,0.005,5,1000,67070,67.07,67.305,0.385937926770249,8626,0.002,,0.6485
25/04/2017,67.105,67.22,66.285,66.325,65286,177637,AD1 Curncy,Future,CME,USD,0.005,5,1000,66325,66.325,66.555,0.418100865007151,8627,0.002,,0.6485
26/04/2017,66.4,66.57,66.055,66.07,90428,183030,AD1 Curncy,Future,CME,USD,0.005,5,1000,66070,66.07,66.315,0.46415810882329883,8628,0.002,,0.6485
27/04/2017,66.175,66.49,66.095,66.445,64667,181992,AD1 Curncy,Future,CME,USD,0.005,5,1000,66445,66.445,66.685,0.4818908071196543,8629,0.002,,0.6485
28/04/2017,66.435,66.555,65.82,66.285,79243,182244,AD1 Curncy,Future,CME,USD,0.005,5,1000,66285,66.285,66.535,0.5016825855589429,8630,0.002,,0.6485
01/05/2017,66.3,66.82,66.215,66.435,57532,176802,AD1 Curncy,Future,CME,USD,0.005,5,1000,66435,66.435,66.685,0.5120255527345393,8631,0.002,,0.6485
02/05/2017,66.435,67.3,66.34,66.745,103808,179496,AD1 Curncy,Future,CME,USD,0.005,5,1000,66745,66.745,66.955,0.5142160700066845,8632,0.002,,0.6485
03/05/2017,66.735,67.145,66.605,66.975,66201,180877,AD1 Curncy,Future,CME,USD,0.005,5,1000,66975,66.975,67.195,0.5142909358068833,8633,0.002,,0.6485
04/05/2017,66.82,67.165,66.505,67.065,92792,183377,AD1 Curncy,Future,CME,USD,0.005,5,1000,67065,67.065,67.275,0.5117414711744501,8634,0.002,,0.6485
05/05/2017,67.035,67.675,66.99,67.66,94253,173747,AD1 Curncy,Future,CME,USD,0.005,5,1000,67660,67.66,67.88,0.5273694151033457,8635,0.002,,0.6485
08/05/2017,67.63,68.145,67.51,67.975,86197,167324,AD1 Curncy,Future,CME,USD,0.005,5,1000,67975,67.975,68.195,0.522412911389492,8636,0.002,,0.6485
09/05/2017,67.92,67.975,67.57,67.745,77473,163809,AD1 Curncy,Future,CME,USD,0.005,5,1000,67745,67.745,67.97,0.5295802583050493,8637,0.002,,0.6485
10/05/2017,67.715,68.28,67.495,67.81,99917,162889,AD1 Curncy,Future,CME,USD,0.005,5,1000,67810,67.81,68.03,0.5465022872655112,8638,0.002,,0.6485
11/05/2017,67.88,68.055,66.975,67.085,107702,163483,AD1 Curncy,Future,CME,USD,0.005,5,1000,67085,67.085,67.305,0.5462076070382336,8639,0.002,,0.6485
12/05/2017,67.11,67.15,66.445,66.49,90850,168085,AD1 Curncy,Future,CME,USD,0.005,5,1000,66490,66.49,66.71,0.5568495457959064,8640,0.002,,0.6485
15/05/2017,66.555,67.175,66.495,67.09,72281,165798,AD1 Curncy,Future,CME,USD,0.005,5,1000,67090,67.09,67.3,0.5480973149478997,8641,0.002,,0.6485
16/05/2017,67.09,67.185,66.595,66.67,63387,165797,AD1 Curncy,Future,CME,USD,0.005,5,1000,66670,66.67,66.88,0.5489901334751814,8642,0.002,,0.6485
17/05/2017,66.635,66.815,66.365,66.68,69113,169544,AD1 Curncy,Future,CME,USD,0.005,5,1000,66680,66.68,66.89,0.5542654297835166,8643,0.002,,0.6485
18/05/2017,66.69,66.75,66.115,66.21,74266,175045,AD1 Curncy,Future,CME,USD,0.005,5,1000,66210,66.21,66.425,0.5380057310597542,8644,0.002,,0.6485
19/05/2017,66.29,66.825,66.24,66.585,75489,174914,AD1 Curncy,Future,CME,USD,0.005,5,1000,66585,66.585,66.8,0.5412179166655698,8645,0.002,,0.6485
22/05/2017,66.58,66.74,66.34,66.585,47724,176686,AD1 Curncy,Future,CME,USD,0.005,5,1000,66585,66.585,66.805,0.5440870028342564,8646,0.002,,0.6485
23/05/2017,66.58,66.68,66.14,66.175,63552,178383,AD1 Curncy,Future,CME,USD,0.005,5,1000,66175,66.175,66.395,0.5537468585191737,8647,0.002,,0.6485
24/05/2017,66.165,66.21,65.355,65.415,104720,192583,AD1 Curncy,Future,CME,USD,0.005,5,1000,65415,65.415,65.64,0.6185498497722072,8648,0.002,,0.6485
25/05/2017,65.505,65.505,65.04,65.09,87286,199850,AD1 Curncy,Future,CME,USD,0.005,5,1000,65090,65.09,65.325,0.6856886441040595,8649,0.002,,0.6485
26/05/2017,65.11,65.49,64.96,65.09,84398,200771,AD1 Curncy,Future,CME,USD,0.005,5,1000,65090,65.09,65.325,0.754644894406168,8650,0.002,,0.6485
29/05/2017,65.11,65.49,64.96,65.25,84398,200771,AD1 Curncy,Future,CME,USD,0.005,5,1000,65250,65.25,65.49,0.7971028269008508,8651,0.002,,0.6485
30/05/2017,65.26,65.64,65.07,65.16,99209,202340,AD1 Curncy,Future,CME,USD,0.005,5,1000,65160,65.16,65.39,0.8439682063442994,8652,0.002,,0.6485
31/05/2017,65.23,65.445,64.63,64.975,100098,205748,AD1 Curncy,Future,CME,USD,0.005,5,1000,64975,64.975,65.185,0.8947184380127815,8653,0.002,,0.6485
01/06/2017,65.075,65.855,64.88,65.77,89904,206002,AD1 Curncy,Future,CME,USD,0.005,5,1000,65770,65.77,65.975,0.9055480844880863,8654,0.002,,0.6485
02/06/2017,65.765,66.42,65.75,66.155,105206,200109,AD1 Curncy,Future,CME,USD,0.005,5,1000,66155,66.155,66.365,0.9068511454404801,8655,0.002,,0.6485
05/06/2017,66.06,66.405,65.83,66.2,76286,195481,AD1 Curncy,Future,CME,USD,0.005,5,1000,66200,66.2,66.415,0.9080725925387507,8656,0.002,,0.6485
06/06/2017,66.195,66.895,66.13,66.765,113617,190620,AD1 Curncy,Future,CME,USD,0.005,5,1000,66765,66.765,66.955,0.9083740969373325,8657,0.002,,0.6485
07/06/2017,66.735,67.2,66.445,66.575,92641,179558,AD1 Curncy,Future,CME,USD,0.005,5,1000,66575,66.575,66.76,0.9018149292695189,8658,0.002,,0.6485
08/06/2017,66.56,67.195,66.54,67.165,67270,174110,AD1 Curncy,Future,CME,USD,0.005,5,1000,67165,67.165,67.34,0.9050534974906472,8659,0.002,,0.6485
09/06/2017,67.17,67.525,66.945,67.41,97817,159355,AD1 Curncy,Future,CME,USD,0.005,5,1000,67410,67.41,67.585,0.8920090619794117,8660,0.002,,0.6485
12/06/2017,67.44,67.75,67.335,67.535,96926,127008,AD1 Curncy,Future,CME,USD,0.005,5,1000,67535,67.535,67.715,0.8636261729784465,8661,0.002,,0.6485
13/06/2017,67.51,68.085,67.395,67.64,122151,95608,AD1 Curncy,Future,CME,USD,0.005,5,1000,67640,67.64,67.805,0.8569774890003813,8662,0.002,,0.6485
14/06/2017,67.84,68.52,67.71,68.205,174925,145112,AD1 Curncy,Future,CME,USD,0.005,5,1000,68205,68.06,68.205,0.8874815490965009,8663,0.002,,0.6485
15/06/2017,68.105,69.085,67.79,69.065,126882,149558,AD1 Curncy,Future,CME,USD,0.005,5,1000,69065,68.92,69.065,1.0284271972223862,8664,0.002,,0.6485
16/06/2017,68.975,69.15,68.715,69.065,108789,148740,AD1 Curncy,Future,CME,USD,0.005,5,1000,69065,68.92,69.065,1.1512873229505525,8665,0.002,,0.6485
19/06/2017,68.975,69.15,68.715,68.95,108789,148740,AD1 Curncy,Future,CME,USD,0.005,5,1000,68950,68.635,68.95,1.2420714552660073,8666,0.002,,0.6485
20/06/2017,68.965,68.985,67.695,68.03,147662,148842,AD1 Curncy,Future,CME,USD,0.005,5,1000,68030,68.03,68.17,1.2721557163544326,8667,0.002,,0.6485
21/06/2017,68.045,68.215,67.58,68.19,79010,145224,AD1 Curncy,Future,CME,USD,0.005,5,1000,68190,68.19,68.335,1.3060759293853856,8668,0.002,,0.6485
22/06/2017,68.13,68.225,67.605,67.74,70504,144176,AD1 Curncy,Future,CME,USD,0.005,5,1000,67740,67.74,67.87,1.3145511908327765,8669,0.002,,0.6485
23/06/2017,67.72,67.825,66.78,66.92,97478,141108,AD1 Curncy,Future,CME,USD,0.005,5,1000,66920,66.92,67.05,1.3136419476604717,8670,0.002,,0.6485
26/06/2017,66.9,67.09,66.825,66.97,67639,139807,AD1 Curncy,Future,CME,USD,0.005,5,1000,66970,66.97,67.11,1.3127257583567065,8671,0.002,,0.6485
27/06/2017,66.9,67.355,66.85,67.045,86197,135188,AD1 Curncy,Future,CME,USD,0.005,5,1000,67045,67.045,67.19,1.3053152556578713,8672,0.002,,0.6485
28/06/2017,67.005,67.04,66.12,66.225,104133,134985,AD1 Curncy,Future,CME,USD,0.005,5,1000,66225,66.225,66.375,1.2767896916302075,8673,0.002,,0.6485
29/06/2017,66.155,66.54,66.095,66.335,105234,141686,AD1 Curncy,Future,CME,USD,0.005,5,1000,66335,66.335,66.485,1.2253826613156957,8674,0.002,,0.6485
30/06/2017,66.3,66.85,66.17,66.78,88885,145339,AD1 Curncy,Future,CME,USD,0.005,5,1000,66780,66.78,66.935,1.1619061924210745,8675,0.002,,0.6485
03/07/2017,66.77,67.065,66.515,66.78,83768,152433,AD1 Curncy,Future,CME,USD,0.005,5,1000,66780,66.78,66.935,1.1021909997756336,8676,0.002,,0.6485
04/07/2017,66.77,67.065,66.515,66.875,83768,152433,AD1 Curncy,Future,CME,USD,0.005,5,1000,66875,66.875,67.035,1.026819442089526,8677,0.002,,0.6485
05/07/2017,66.87,67.205,66.565,66.7,115238,154272,AD1 Curncy,Future,CME,USD,0.005,5,1000,66700,66.7,66.87,0.9258459194990338,8678,0.002,,0.6485
06/07/2017,66.69,67.05,66.135,66.405,94071,158076,AD1 Curncy,Future,CME,USD,0.005,5,1000,66405,66.405,66.57,0.8918193015701098,8679,0.002,,0.6485
07/07/2017,66.405,67.16,66.345,67.095,92729,148817,AD1 Curncy,Future,CME,USD,0.005,5,1000,67095,67.095,67.255,0.8622194229543012,8680,0.002,,0.6485
10/07/2017,67.06,67.11,66.38,66.915,72967,150728,AD1 Curncy,Future,CME,USD,0.005,5,1000,66915,66.915,67.085,0.835425889383953,8681,0.002,,0.6485
11/07/2017,66.9,67.095,66.65,66.94,68558,150510,AD1 Curncy,Future,CME,USD,0.005,5,1000,66940,66.94,67.12,0.8311714624470087,8682,0.002,,0.6485
12/07/2017,67.005,68.11,66.97,68.075,127044,150906,AD1 Curncy,Future,CME,USD,0.005,5,1000,68075,68.075,68.255,0.8276146446180566,8683,0.002,,0.6485
13/07/2017,68.03,69.09,67.995,69.06,107674,152876,AD1 Curncy,Future,CME,USD,0.005,5,1000,69060,69.06,69.245,0.8894544207843951,8684,0.002,,0.6485
14/07/2017,69.02,69.095,68.445,68.54,98820,148514,AD1 Curncy,Future,CME,USD,0.005,5,1000,68540,68.54,68.73,0.9142219825182232,8685,0.002,,0.6485
17/07/2017,68.51,68.535,68.01,68.365,65703,146553,AD1 Curncy,Future,CME,USD,0.005,5,1000,68365,68.365,68.555,0.9296095954680126,8686,0.002,,0.6485
18/07/2017,68.3,68.51,68.025,68.27,85352,147076,AD1 Curncy,Future,CME,USD,0.005,5,1000,68270,68.27,68.46,0.9404461707010087,8687,0.002,,0.6485
19/07/2017,68.26,68.34,67.64,67.895,81515,146248,AD1 Curncy,Future,CME,USD,0.005,5,1000,67895,67.895,68.085,0.9339049737452928,8688,0.002,,0.6485
20/07/2017,67.855,68.595,67.785,67.935,85984,145766,AD1 Curncy,Future,CME,USD,0.005,5,1000,67935,67.935,68.105,0.8845337754920477,8689,0.002,,0.6485
21/07/2017,67.91,67.995,67.34,67.43,64109,144251,AD1 Curncy,Future,CME,USD,0.005,5,1000,67430,67.43,67.6,0.8242376780918508,8690,0.002,,0.6485
24/07/2017,67.43,67.675,67.265,67.54,87880,145916,AD1 Curncy,Future,CME,USD,0.005,5,1000,67540,67.54,67.715,0.7639713672555213,8691,0.002,,0.6485
25/07/2017,67.525,68.075,67.37,67.97,71963,145055,AD1 Curncy,Future,CME,USD,0.005,5,1000,67970,67.97,68.15,0.7620086941671149,8692,0.002,,0.6485
26/07/2017,68.04,68.06,67.41,67.91,88445,140357,AD1 Curncy,Future,CME,USD,0.005,5,1000,67910,67.91,68.11,0.7519010905606377,8693,0.002,,0.6485
27/07/2017,67.705,68.33,67.095,67.15,114687,137879,AD1 Curncy,Future,CME,USD,0.005,5,1000,67150,67.15,67.35,0.7496679820558027,8694,0.002,,0.6485
28/07/2017,67.21,67.245,66.335,66.625,116261,144542,AD1 Curncy,Future,CME,USD,0.005,5,1000,66625,66.625,66.825,0.7592250434837866,8695,0.002,,0.6485
31/07/2017,66.605,67.51,66.595,67.29,75699,146193,AD1 Curncy,Future,CME,USD,0.005,5,1000,67290,67.29,67.49,0.7551820972363458,8696,0.002,,0.6485
01/08/2017,67.29,67.34,66.13,66.19,97713,159438,AD1 Curncy,Future,CME,USD,0.005,5,1000,66190,66.19,66.4,0.7889310806314455,8697,0.002,,0.6485
02/08/2017,66.315,66.405,65.38,65.555,107398,170110,AD1 Curncy,Future,CME,USD,0.005,5,1000,65555,65.555,65.765,0.8379526140060927,8698,0.002,,0.6485
03/08/2017,65.49,65.775,65.235,65.57,90474,182543,AD1 Curncy,Future,CME,USD,0.005,5,1000,65570,65.57,65.78,0.8873618671768903,8699,0.002,,0.6485
04/08/2017,65.61,66.19,65.545,65.82,91661,176188,AD1 Curncy,Future,CME,USD,0.005,5,1000,65820,65.82,66.025,0.929422984071124,8700,0.002,,0.6485
07/08/2017,65.8,66.025,65.64,65.83,50478,175613,AD1 Curncy,Future,CME,USD,0.005,5,1000,65830,65.83,66.035,0.9674849266627817,8701,0.002,,0.6485
08/08/2017,65.825,65.855,65.055,65.47,73069,179839,AD1 Curncy,Future,CME,USD,0.005,5,1000,65470,65.47,65.68,1.0260633508640578,8702,0.002,,0.6485
09/08/2017,65.53,65.8,65.29,65.47,57301,178658,AD1 Curncy,Future,CME,USD,0.005,5,1000,65470,65.47,65.675,1.0763858508854525,8703,0.002,,0.6485
10/08/2017,65.385,66.255,65.215,65.455,85399,181466,AD1 Curncy,Future,CME,USD,0.005,5,1000,65455,65.455,65.66,1.11764998992816,8704,0.002,,0.6485
11/08/2017,65.235,65.41,64.92,65.005,77544,185819,AD1 Curncy,Future,CME,USD,0.005,5,1000,65005,65.005,65.21,1.1903063331147663,8705,0.002,,0.6485
14/08/2017,65.035,65.105,64.61,64.865,81635,192602,AD1 Curncy,Future,CME,USD,0.005,5,1000,64865,64.865,65.07,1.2627334767558136,8706,0.002,,0.6485
15/08/2017,64.94,65.29,64.58,64.69,89856,201105,AD1 Curncy,Future,CME,USD,0.005,5,1000,64690,64.69,64.895,1.336949263554853,8707,0.002,,0.6485
16/08/2017,64.62,64.87,64.22,64.325,77283,207574,AD1 Curncy,Future,CME,USD,0.005,5,1000,64325,64.325,64.525,1.3968476414125945,8708,0.002,,0.6485
17/08/2017,64.305,64.56,63.71,64.02,96313,213639,AD1 Curncy,Future,CME,USD,0.005,5,1000,64020,64.02,64.225,1.3980798737268265,8709,0.002,,0.6485
18/08/2017,64.09,64.35,63.85,64.115,70185,215250,AD1 Curncy,Future,CME,USD,0.005,5,1000,64115,64.115,64.325,1.4022147065696107,8710,0.002,,0.6485
21/08/2017,64.12,64.265,63.93,64.215,59639,219614,AD1 Curncy,Future,CME,USD,0.005,5,1000,64215,64.215,64.425,1.3895047978759112,8711,0.002,,0.6485
22/08/2017,64.205,64.635,64.09,64.285,69484,223093,AD1 Curncy,Future,CME,USD,0.005,5,1000,64285,64.285,64.5,1.3589602336542395,8712,0.002,,0.6485
23/08/2017,64.285,64.875,64.16,64.76,78373,222938,AD1 Curncy,Future,CME,USD,0.005,5,1000,64760,64.76,64.975,1.3154711766715537,8713,0.002,,0.6485
24/08/2017,64.85,64.93,64.175,64.27,72238,223850,AD1 Curncy,Future,CME,USD,0.005,5,1000,64270,64.27,64.485,1.2734500382767449,8714,0.002,,0.6485
25/08/2017,64.225,64.465,63.85,64.24,91351,219823,AD1 Curncy,Future,CME,USD,0.005,5,1000,64240,64.24,64.455,1.2496598870574473,8715,0.002,,0.6485
28/08/2017,64.105,64.45,64.07,64.285,69865,217018,AD1 Curncy,Future,CME,USD,0.005,5,1000,64285,64.285,64.5,1.2018384181413444,8716,0.002,,0.6485
29/08/2017,64.32,64.915,64.055,64.8,101088,219102,AD1 Curncy,Future,CME,USD,0.005,5,1000,64800,64.8,65.01,1.0823486422223407,8717,0.002,,0.6485
30/08/2017,64.84,65.265,64.53,64.86,97806,220812,AD1 Curncy,Future,CME,USD,0.005,5,1000,64860,64.86,65.075,0.9366190527569177,8718,0.002,,0.6485
31/08/2017,64.785,65.11,64.64,64.78,121509,221059,AD1 Curncy,Future,CME,USD,0.005,5,1000,64780,64.78,64.99,0.8427159960433328,8719,0.002,,0.6485
01/09/2017,64.885,65.255,64.415,64.78,127812,220655,AD1 Curncy,Future,CME,USD,0.005,5,1000,64780,64.78,64.99,0.7794202973924528,8720,0.002,,0.6485
04/09/2017,64.885,65.255,64.415,64.545,127812,220655,AD1 Curncy,Future,CME,USD,0.005,5,1000,64545,64.545,64.75,0.6201259952520828,8721,0.002,,0.6485
05/09/2017,64.515,64.835,63.605,63.855,193027,224557,AD1 Curncy,Future,CME,USD,0.005,5,1000,63855,63.855,64.065,0.5910141707162578,8722,0.002,,0.6485
06/09/2017,63.82,64.075,63.6,63.815,100486,221943,AD1 Curncy,Future,CME,USD,0.005,5,1000,63815,63.815,64.02,0.6001197797002324,8723,0.002,,0.6485
07/09/2017,63.845,63.975,63.645,63.805,71928,221900,AD1 Curncy,Future,CME,USD,0.005,5,1000,63805,63.805,64.01,0.6003893181268464,8724,0.002,,0.6485
08/09/2017,63.79,64.165,63.69,63.74,78900,219220,AD1 Curncy,Future,CME,USD,0.005,5,1000,63740,63.74,63.94,0.5757482088443894,8725,0.002,,0.6485
11/09/2017,63.845,64.51,63.825,64.29,104720,208362,AD1 Curncy,Future,CME,USD,0.005,5,1000,64290,64.29,64.49,0.5145910997943404,8726,0.002,,0.6485
12/09/2017,64.32,64.415,64.095,64.255,112073,182750,AD1 Curncy,Future,CME,USD,0.005,5,1000,64255,64.255,64.46,0.4760383387791046,8727,0.002,,0.6485
13/09/2017,64.465,64.55,64.015,64.385,229876,180570,AD1 Curncy,Future,CME,USD,0.005,5,1000,64385,64.185,64.385,0.42716634151220373,8728,0.002,,0.6485
14/09/2017,64.42,64.805,64.405,64.58,141556,209145,AD1 Curncy,Future,CME,USD,0.005,5,1000,64580,64.375,64.58,0.37074564504648566,8729,0.002,,0.6485
15/09/2017,64.61,64.945,64.455,64.535,100177,217982,AD1 Curncy,Future,CME,USD,0.005,5,1000,64535,64.325,64.535,0.34915755754044503,8730,0.002,,0.6485
18/09/2017,64.525,64.695,64.37,64.54,64552,220186,AD1 Curncy,Future,CME,USD,0.005,5,1000,64540,64.245,64.54,0.33550235963544006,8731,0.002,,0.6485
19/09/2017,64.57,64.94,64.475,64.76,97368,220202,AD1 Curncy,Future,CME,USD,0.005,5,1000,64760,64.76,64.97,0.33872776677977523,8732,0.002,,0.6485
20/09/2017,64.74,65.305,64.59,64.905,120200,219305,AD1 Curncy,Future,CME,USD,0.005,5,1000,64905,64.905,65.115,0.3561041514139802,8733,0.002,,0.6485
21/09/2017,64.675,64.715,64.035,64.375,129689,221947,AD1 Curncy,Future,CME,USD,0.005,5,1000,64375,64.375,64.57,0.3482755135247545,8734,0.002,,0.6485
22/09/2017,64.335,64.84,64.22,64.61,106468,215982,AD1 Curncy,Future,CME,USD,0.005,5,1000,64610,64.61,64.815,0.34599397873506815,8735,0.002,,0.6485
25/09/2017,64.605,64.65,64.23,64.39,80688,215651,AD1 Curncy,Future,CME,USD,0.005,5,1000,64390,64.39,64.595,0.34362976683380203,8736,0.002,,0.6485
26/09/2017,64.425,64.49,64.055,64.12,93892,210860,AD1 Curncy,Future,CME,USD,0.005,5,1000,64120,64.12,64.325,0.3478453918830262,8737,0.002,,0.6485
27/09/2017,64.15,64.275,63.49,63.71,138832,213580,AD1 Curncy,Future,CME,USD,0.005,5,1000,63710,63.71,63.915,0.36684658462942765,8738,0.002,,0.6485
28/09/2017,63.695,64.49,63.615,64.395,150012,205739,AD1 Curncy,Future,CME,USD,0.005,5,1000,64395,64.395,64.59,0.36628961672553595,8739,0.002,,0.6485
29/09/2017,64.44,65.185,64.38,64.55,167545,203264,AD1 Curncy,Future,CME,USD,0.005,5,1000,64550,64.55,64.75,0.366804103013585,8740,0.002,,0.6485
02/10/2017,64.53,64.625,63.79,63.825,122168,201415,AD1 Curncy,Future,CME,USD,0.005,5,1000,63825,63.825,64.025,0.38328046735292426,8741,0.002,,0.6485
03/10/2017,63.81,63.835,63.03,63.215,157695,206753,AD1 Curncy,Future,CME,USD,0.005,5,1000,63215,63.215,63.42,0.4363018832425234,8742,0.002,,0.6485
04/10/2017,63.195,63.595,63.035,63.385,135503,205758,AD1 Curncy,Future,CME,USD,0.005,5,1000,63385,63.385,63.59,0.4573193632328153,8743,0.002,,0.6485
05/10/2017,63.43,63.94,63.405,63.88,108516,201083,AD1 Curncy,Future,CME,USD,0.005,5,1000,63880,63.88,64.085,0.4488607801843292,8744,0.002,,0.6485
06/10/2017,63.86,64.17,63.285,64.12,139792,194533,AD1 Curncy,Future,CME,USD,0.005,5,1000,64120,64.12,64.33,0.4330577328575225,8745,0.002,,0.6485
09/10/2017,63.745,64.31,63.59,64.28,92241,193845,AD1 Curncy,Future,CME,USD,0.005,5,1000,64280,64.28,64.49,0.4270394204922645,8746,0.002,,0.6485
10/10/2017,64.275,64.495,64.07,64.4,105511,189251,AD1 Curncy,Future,CME,USD,0.005,5,1000,64400,64.4,64.615,0.42404038721293025,8747,0.002,,0.6485
11/10/2017,64.465,64.61,64.04,64.22,87764,188339,AD1 Curncy,Future,CME,USD,0.005,5,1000,64220,64.22,64.44,0.41660502875947586,8748,0.002,,0.6485
12/10/2017,64.305,64.46,63.225,63.265,107066,191546,AD1 Curncy,Future,CME,USD,0.005,5,1000,63265,63.265,63.485,0.4510928396546487,8749,0.002,,0.6485
13/10/2017,63.295,63.49,63.01,63.125,116852,196165,AD1 Curncy,Future,CME,USD,0.005,5,1000,63125,63.125,63.345,0.491564085331411,8750,0.002,,0.6485
16/10/2017,63.16,63.595,63.14,63.55,74905,196824,AD1 Curncy,Future,CME,USD,0.005,5,1000,63550,63.55,63.765,0.5057729233437878,8751,0.002,,0.6485
17/10/2017,63.56,63.935,63.49,63.72,104920,195345,AD1 Curncy,Future,CME,USD,0.005,5,1000,63720,63.72,63.93,0.5117667925801082,8752,0.002,,0.6485
18/10/2017,63.795,64.065,63.415,63.505,88634,196629,AD1 Curncy,Future,CME,USD,0.005,5,1000,63505,63.505,63.715,0.5224735240383784,8753,0.002,,0.6485
19/10/2017,63.485,63.695,63.085,63.405,111627,197481,AD1 Curncy,Future,CME,USD,0.005,5,1000,63405,63.405,63.605,0.5282883524374792,8754,0.002,,0.6485
20/10/2017,63.4,63.42,63.095,63.265,68612,198470,AD1 Curncy,Future,CME,USD,0.005,5,1000,63265,63.265,63.465,0.5388013703160619,8755,0.002,,0.6485
23/10/2017,63.26,63.615,63.01,63.565,89799,198813,AD1 Curncy,Future,CME,USD,0.005,5,1000,63565,63.565,63.765,0.5318652711490817,8756,0.002,,0.6485
24/10/2017,63.485,63.91,63.45,63.69,90553,193845,AD1 Curncy,Future,CME,USD,0.005,5,1000,63690,63.69,63.89,0.5056705119487473,8757,0.002,,0.6485
25/10/2017,63.68,64.115,63.165,63.2,118901,195144,AD1 Curncy,Future,CME,USD,0.005,5,1000,63200,63.2,63.385,0.47855973154303655,8758,0.002,,0.6485
26/10/2017,63.195,63.42,62.805,63.39,156972,195046,AD1 Curncy,Future,CME,USD,0.005,5,1000,63390,63.39,63.58,0.47237934966284945,8759,0.002,,0.6485
27/10/2017,63.33,63.79,63.33,63.455,95858,193233,AD1 Curncy,Future,CME,USD,0.005,5,1000,63455,63.455,63.64,0.44462765319750447,8760,0.002,,0.6485
30/10/2017,63.47,63.945,63.425,63.86,84295,194779,AD1 Curncy,Future,CME,USD,0.005,5,1000,63860,63.86,64.04,0.42478494557591273,8761,0.002,,0.6485
31/10/2017,63.82,63.85,63.245,63.52,117285,195724,AD1 Curncy,Future,CME,USD,0.005,5,1000,63520,63.52,63.7,0.41836855759956837,8762,0.002,,0.6485
01/11/2017,63.47,64.09,63.28,63.875,144210,192555,AD1 Curncy,Future,CME,USD,0.005,5,1000,63875,63.875,64.055,0.41983508665658226,8763,0.002,,0.6485
02/11/2017,64.075,64.65,64.065,64.395,150693,189016,AD1 Curncy,Future,CME,USD,0.005,5,1000,64395,64.395,64.575,0.41983508665658226,8764,0.002,,0.6485
03/11/2017,64.425,65.27,64.29,65.26,142702,194880,AD1 Curncy,Future,CME,USD,0.005,5,1000,65260,65.26,65.435,0.4963249943211862,8765,0.002,,0.6485
06/11/2017,65.165,65.325,64.94,65,114464,197036,AD1 Curncy,Future,CME,USD,0.005,5,1000,65000,65,65.175,0.5571315673350721,8766,0.002,,0.6485
07/11/2017,64.975,65.195,64.115,64.4,138200,191220,AD1 Curncy,Future,CME,USD,0.005,5,1000,64400,64.4,64.57,0.557308786330531,8767,0.002,,0.6485
08/11/2017,64.435,64.57,64.05,64.07,85751,189391,AD1 Curncy,Future,CME,USD,0.005,5,1000,64070,64.07,64.245,0.5513670888387595,8768,0.002,,0.6485
09/11/2017,64.095,64.355,63.695,63.755,92399,190503,AD1 Curncy,Future,CME,USD,0.005,5,1000,63755,63.755,63.93,0.5517127120653746,8769,0.002,,0.6485
10/11/2017,63.73,63.735,63.455,63.625,99424,192175,AD1 Curncy,Future,CME,USD,0.005,5,1000,63625,63.625,63.795,0.5505600935906463,8770,0.002,,0.6485
13/11/2017,63.66,63.98,63.585,63.87,65783,192903,AD1 Curncy,Future,CME,USD,0.005,5,1000,63870,63.87,64.045,0.5427033412966514,8771,0.002,,0.6485
14/11/2017,63.825,65.19,63.28,65.15,138374,196350,AD1 Curncy,Future,CME,USD,0.005,5,1000,65150,65.15,65.32,0.5946128292044617,8772,0.002,,0.6485
15/11/2017,65.08,65.56,64.9,65.165,174418,194878,AD1 Curncy,Future,CME,USD,0.005,5,1000,65165,65.165,65.335,0.6471361268346214,8773,0.002,,0.6485
16/11/2017,65.14,65.225,64.66,64.77,129665,192530,AD1 Curncy,Future,CME,USD,0.005,5,1000,64770,64.77,64.94,0.657155676625524,8774,0.002,,0.6485
17/11/2017,64.765,65.225,64.58,65.155,83265,192337,AD1 Curncy,Future,CME,USD,0.005,5,1000,65155,65.155,65.325,0.6769369123641493,8775,0.002,,0.6485
20/11/2017,65.2,65.7,65.065,65.675,96327,195125,AD1 Curncy,Future,CME,USD,0.005,5,1000,65675,65.675,65.845,0.74486564783259,8776,0.002,,0.6485
21/11/2017,65.635,65.945,65.49,65.625,97409,194820,AD1 Curncy,Future,CME,USD,0.005,5,1000,65625,65.625,65.8,0.7988346720824187,8777,0.002,,0.6485
22/11/2017,65.595,65.75,65.26,65.625,97982,192226,AD1 Curncy,Future,CME,USD,0.005,5,1000,65625,65.625,65.8,0.8352473685407918,8778,0.002,,0.6485
23/11/2017,65.595,65.75,65.26,65.455,97982,192226,AD1 Curncy,Future,CME,USD,0.005,5,1000,65455,65.455,65.63,0.8472690442362129,8779,0.002,,0.6485
24/11/2017,65.46,65.96,65.445,65.94,91533,192109,AD1 Curncy,Future,CME,USD,0.005,5,1000,65940,65.94,66.11,0.8727231328744695,8780,0.002,,0.6485
27/11/2017,65.87,66.185,65.71,66.125,81588,191426,AD1 Curncy,Future,CME,USD,0.005,5,1000,66125,66.125,66.3,0.9126563792875066,8781,0.002,,0.6485
28/11/2017,66.09,66.7,66.005,66.565,104179,192635,AD1 Curncy,Future,CME,USD,0.005,5,1000,66565,66.565,66.74,0.977061922289196,8782,0.002,,0.6485
29/11/2017,66.52,66.805,66.1,66.27,122309,191353,AD1 Curncy,Future,CME,USD,0.005,5,1000,66270,66.27,66.445,0.9766166938231532,8783,0.002,,0.6485
30/11/2017,66.21,66.54,65.74,66.12,146175,191395,AD1 Curncy,Future,CME,USD,0.005,5,1000,66120,66.12,66.295,0.9649697749950586,8784,0.002,,0.6485
01/12/2017,66.095,66.8,66.025,66.745,133659,190078,AD1 Curncy,Future,CME,USD,0.005,5,1000,66745,66.745,66.92,0.9825946943275331,8785,0.002,,0.6485
04/12/2017,66.75,66.935,66.08,66.205,114204,189252,AD1 Curncy,Future,CME,USD,0.005,5,1000,66205,66.205,66.38,0.9771102377182973,8786,0.002,,0.6485
05/12/2017,66.23,66.245,65.47,65.54,124192,188821,AD1 Curncy,Future,CME,USD,0.005,5,1000,65540,65.54,65.72,0.9198929738401831,8787,0.002,,0.6485
06/12/2017,65.555,66,65.5,65.565,87159,185270,AD1 Curncy,Future,CME,USD,0.005,5,1000,65565,65.565,65.755,0.878465850211133,8788,0.002,,0.6485
07/12/2017,65.515,66.22,65.275,66.055,121832,175736,AD1 Curncy,Future,CME,USD,0.005,5,1000,66055,66.055,66.235,0.871271436840324,8789,0.002,,0.6485
08/12/2017,66.01,66.215,65.6,65.82,100601,173376,AD1 Curncy,Future,CME,USD,0.005,5,1000,65820,65.82,66,0.8760680624170274,8790,0.002,,0.6485
11/12/2017,65.77,65.85,65.515,65.675,81782,157202,AD1 Curncy,Future,CME,USD,0.005,5,1000,65675,65.675,65.86,0.8745385926230533,8791,0.002,,0.6485
12/12/2017,65.855,66.32,65.59,65.745,174603,110367,AD1 Curncy,Future,CME,USD,0.005,5,1000,65745,65.565,65.745,0.8516174806334222,8792,0.002,,0.6485
13/12/2017,65.775,66.935,65.61,66.85,131961,130592,AD1 Curncy,Future,CME,USD,0.005,5,1000,66850,66.665,66.85,0.8450635084538682,8793,0.002,,0.6485
14/12/2017,66.79,67.475,66.775,67.16,123941,144681,AD1 Curncy,Future,CME,USD,0.005,5,1000,67160,66.975,67.16,0.8152932498925122,8794,0.002,,0.6485
15/12/2017,67.16,67.475,66.825,67.255,101976,143706,AD1 Curncy,Future,CME,USD,0.005,5,1000,67255,67.065,67.255,0.7511005813605932,8795,0.002,,0.6485
18/12/2017,67.205,67.54,67.095,67.205,65160,142874,AD1 Curncy,Future,CME,USD,0.005,5,1000,67205,67.095,67.205,0.6783477475848853,8796,0.002,,0.6485
19/12/2017,67.23,67.935,67.19,67.785,76260,146554,AD1 Curncy,Future,CME,USD,0.005,5,1000,67785,67.785,67.92,0.7456418934851381,8797,0.002,,0.6485
20/12/2017,67.815,67.98,67.43,67.655,94758,148917,AD1 Curncy,Future,CME,USD,0.005,5,1000,67655,67.655,67.795,0.7831569659525821,8798,0.002,,0.6485
21/12/2017,67.52,68.215,67.5,68.165,100832,147258,AD1 Curncy,Future,CME,USD,0.005,5,1000,68165,68.165,68.295,0.8212803520438807,8799,0.002,,0.6485
22/12/2017,68.165,68.43,67.91,68.165,76621,150489,AD1 Curncy,Future,CME,USD,0.005,5,1000,68165,68.165,68.295,0.8630673496237679,8800,0.002,,0.6485
25/12/2017,68.165,68.43,67.91,68.205,76621,150489,AD1 Curncy,Future,CME,USD,0.005,5,1000,68205,68.205,68.325,0.9163613279268592,8801,0.002,,0.6485
26/12/2017,68.185,68.45,68.155,68.415,27736,151437,AD1 Curncy,Future,CME,USD,0.005,5,1000,68415,68.415,68.535,0.9685858678092619,8802,0.002,,0.6485
27/12/2017,68.415,68.695,68.355,68.585,60739,153338,AD1 Curncy,Future,CME,USD,0.005,5,1000,68585,68.585,68.715,1.0174464359298863,8803,0.002,,0.6485
28/12/2017,68.63,68.875,68.405,68.505,85434,153867,AD1 Curncy,Future,CME,USD,0.005,5,1000,68505,68.505,68.635,1.0357918468429685,8804,0.002,,0.6485
29/12/2017,68.42,68.625,67.975,68.505,89814,154577,AD1 Curncy,Future,CME,USD,0.005,5,1000,68505,68.505,68.635,1.0641300437382248,8805,0.002,,0.6485
01/01/2018,68.42,68.625,67.975,68.305,89814,154577,AD1 Curncy,Future,CME,USD,0.005,5,1000,68305,68.305,68.44,1.07904869367402,8806,0.002,,0.6485
02/01/2018,68.235,68.555,67.725,67.775,93048,155685,AD1 Curncy,Future,CME,USD,0.005,5,1000,67775,67.775,67.905,1.081997573928081,8807,0.002,,0.6485
03/01/2018,67.8,67.87,67.185,67.46,102159,157960,AD1 Curncy,Future,CME,USD,0.005,5,1000,67460,67.46,67.6,1.0686347598624286,8808,0.002,,0.6485
04/01/2018,67.46,67.75,67.12,67.185,76089,159142,AD1 Curncy,Future,CME,USD,0.005,5,1000,67185,67.185,67.325,1.0456569705148107,8809,0.002,,0.6485
05/01/2018,67.19,67.625,66.55,67.285,125662,157569,AD1 Curncy,Future,CME,USD,0.005,5,1000,67285,67.285,67.42,1.0409771851420195,8810,0.002,,0.6485
08/01/2018,67.275,67.49,66.92,67.375,85783,156207,AD1 Curncy,Future,CME,USD,0.005,5,1000,67375,67.375,67.515,1.0184321283159625,8811,0.002,,0.6485
09/01/2018,67.34,67.49,66.915,66.98,80533,155005,AD1 Curncy,Future,CME,USD,0.005,5,1000,66980,66.98,67.12,0.954041927792566,8812,0.002,,0.6485
10/01/2018,67,67.27,66.905,67.145,66279,153804,AD1 Curncy,Future,CME,USD,0.005,5,1000,67145,67.145,67.29,0.8805655379656836,8813,0.002,,0.6485
11/01/2018,67.14,67.49,66.6,67.005,119717,156060,AD1 Curncy,Future,CME,USD,0.005,5,1000,67005,67.005,67.145,0.8391621813766258,8814,0.002,,0.6485
12/01/2018,67.005,67.42,66.91,67.005,98456,157524,AD1 Curncy,Future,CME,USD,0.005,5,1000,67005,67.005,67.145,0.7743110916503487,8815,0.002,,0.6485
15/01/2018,67.005,67.42,66.91,67.005,98456,157524,AD1 Curncy,Future,CME,USD,0.005,5,1000,67005,67.005,67.14,0.6844766857383802,8816,0.002,,0.6485
16/01/2018,67,67.175,65.89,65.975,187887,162176,AD1 Curncy,Future,CME,USD,0.005,5,1000,65975,65.975,66.115,0.6603390543143178,8817,0.002,,0.6485
17/01/2018,65.995,66.07,65.375,65.55,121356,164017,AD1 Curncy,Future,CME,USD,0.005,5,1000,65550,65.55,65.7,0.7618197512006467,8818,0.002,,0.6485
18/01/2018,65.645,65.865,65.375,65.715,104028,163820,AD1 Curncy,Future,CME,USD,0.005,5,1000,65715,65.715,65.86,0.8399872518791206,8819,0.002,,0.6485
19/01/2018,65.855,66.13,65.77,66.075,81999,162238,AD1 Curncy,Future,CME,USD,0.005,5,1000,66075,66.075,66.225,0.8833415251113931,8820,0.002,,0.6485
22/01/2018,66.085,66.255,65.775,65.835,67575,161941,AD1 Curncy,Future,CME,USD,0.005,5,1000,65835,65.835,65.99,0.9368926032294973,8821,0.002,,0.6485
23/01/2018,65.815,66.235,65.625,65.82,87079,160297,AD1 Curncy,Future,CME,USD,0.005,5,1000,65820,65.82,65.97,0.9799979591744956,8822,0.002,,0.6485
24/01/2018,65.91,66.31,65.755,65.905,99915,166058,AD1 Curncy,Future,CME,USD,0.005,5,1000,65905,65.905,66.06,1.0131284880603926,8823,0.002,,0.6485
25/01/2018,65.865,66.2,65.765,65.915,85416,165046,AD1 Curncy,Future,CME,USD,0.005,5,1000,65915,65.915,66.065,1.02351323065194,8824,0.002,,0.6485
26/01/2018,65.95,66.2,65.83,65.92,60763,163768,AD1 Curncy,Future,CME,USD,0.005,5,1000,65920,65.92,66.07,1.0253759473088915,8825,0.002,,0.6485
29/01/2018,65.84,66.26,65.8,66.08,65732,163784,AD1 Curncy,Future,CME,USD,0.005,5,1000,66080,66.08,66.23,1.0108525691973946,8826,0.002,,0.6485
30/01/2018,66.22,66.345,65.845,66.145,76203,163864,AD1 Curncy,Future,CME,USD,0.005,5,1000,66145,66.145,66.305,0.9734443572454512,8827,0.002,,0.6485
31/01/2018,66.1,66.33,65.61,66.05,178084,165557,AD1 Curncy,Future,CME,USD,0.005,5,1000,66050,66.05,66.21,0.9145908465828043,8828,0.002,,0.6485
01/02/2018,65.74,65.88,65.175,65.815,150668,167790,AD1 Curncy,Future,CME,USD,0.005,5,1000,65815,65.815,65.975,0.8546610926675918,8829,0.002,,0.6485
02/02/2018,65.8,66.195,65.115,65.26,136929,167278,AD1 Curncy,Future,CME,USD,0.005,5,1000,65260,65.26,65.43,0.8034181144666512,8830,0.002,,0.6485
05/02/2018,65.18,65.285,64.775,64.905,117764,170639,AD1 Curncy,Future,CME,USD,0.005,5,1000,64905,64.905,65.075,0.7729342360898961,8831,0.002,,0.6485
06/02/2018,64.92,65.335,64.86,65.26,105188,179093,AD1 Curncy,Future,CME,USD,0.005,5,1000,65260,65.26,65.425,0.7452696379968213,8832,0.002,,0.6485
07/02/2018,65.315,65.48,65.24,65.265,71629,178184,AD1 Curncy,Future,CME,USD,0.005,5,1000,65265,65.265,65.43,0.7279365814775929,8833,0.002,,0.6485
08/02/2018,65.265,65.39,64.88,64.955,70754,183457,AD1 Curncy,Future,CME,USD,0.005,5,1000,64955,64.955,65.125,0.7361109517728895,8834,0.002,,0.6485
09/02/2018,65.005,65.415,64.94,65.275,71156,182876,AD1 Curncy,Future,CME,USD,0.005,5,1000,65275,65.275,65.445,0.7094133726678857,8835,0.002,,0.6485
12/02/2018,65.275,65.505,65.195,65.345,50172,186088,AD1 Curncy,Future,CME,USD,0.005,5,1000,65345,65.345,65.515,0.661127320052697,8836,0.002,,0.6485
13/02/2018,65.36,65.5,64.49,64.495,116063,197616,AD1 Curncy,Future,CME,USD,0.005,5,1000,64495,64.495,64.675,0.6828529002062645,8837,0.002,,0.6485
14/02/2018,64.61,65.02,64.525,64.965,94148,199785,AD1 Curncy,Future,CME,USD,0.005,5,1000,64965,64.965,65.135,0.6459678139454637,8838,0.002,,0.6485
15/02/2018,64.98,65.35,64.83,65.28,77991,201256,AD1 Curncy,Future,CME,USD,0.005,5,1000,65280,65.28,65.455,0.5955549232887869,8839,0.002,,0.6485
16/02/2018,65.31,65.5,65.02,65.28,87562,200564,AD1 Curncy,Future,CME,USD,0.005,5,1000,65280,65.28,65.455,0.5312044490152016,8840,0.002,,0.6485
19/02/2018,65.31,65.5,65.02,65.39,87562,200564,AD1 Curncy,Future,CME,USD,0.005,5,1000,65390,65.39,65.57,0.4448618699329493,8841,0.002,,0.6485
20/02/2018,65.365,65.845,65.265,65.55,118671,203291,AD1 Curncy,Future,CME,USD,0.005,5,1000,65550,65.55,65.73,0.43552889301811126,8842,0.002,,0.6485
21/02/2018,65.535,65.78,65.385,65.515,68044,206768,AD1 Curncy,Future,CME,USD,0.005,5,1000,65515,65.515,65.695,0.4354913891076555,8843,0.002,,0.6485
22/02/2018,65.565,66,65.45,65.595,96824,205356,AD1 Curncy,Future,CME,USD,0.005,5,1000,65595,65.595,65.775,0.4339179069673404,8844,0.002,,0.6485
23/02/2018,65.62,65.85,65.54,65.695,81320,201555,AD1 Curncy,Future,CME,USD,0.005,5,1000,65695,65.695,65.87,0.4199437462171861,8845,0.002,,0.6485
26/02/2018,65.68,65.715,65.35,65.405,62093,201329,AD1 Curncy,Future,CME,USD,0.005,5,1000,65405,65.405,65.585,0.41444671951924744,8846,0.002,,0.6485
27/02/2018,65.42,65.62,65.29,65.465,65852,201533,AD1 Curncy,Future,CME,USD,0.005,5,1000,65465,65.465,65.645,0.40847194924532126,8847,0.002,,0.6485
28/02/2018,65.475,65.535,64.92,64.965,96726,211410,AD1 Curncy,Future,CME,USD,0.005,5,1000,64965,64.965,65.14,0.4099459313783008,8848,0.002,,0.6485
01/03/2018,65,65.34,64.9,64.97,105924,213112,AD1 Curncy,Future,CME,USD,0.005,5,1000,64970,64.97,65.145,0.40707360102767554,8849,0.002,,0.6485
02/03/2018,64.98,65.37,64.925,65.34,92444,213547,AD1 Curncy,Future,CME,USD,0.005,5,1000,65340,65.34,65.515,0.39208661881483436,8850,0.002,,0.6485
05/03/2018,65.285,65.38,65.1,65.125,64181,211958,AD1 Curncy,Future,CME,USD,0.005,5,1000,65125,65.125,65.305,0.36572735744950663,8851,0.002,,0.6485
06/03/2018,65.125,65.235,64.795,65.06,122126,218050,AD1 Curncy,Future,CME,USD,0.005,5,1000,65060,65.06,65.24,0.3276780686187047,8852,0.002,,0.6485
07/03/2018,65.055,65.845,64.945,65.69,109985,216100,AD1 Curncy,Future,CME,USD,0.005,5,1000,65690,65.69,65.87,0.29954451531231674,8853,0.002,,0.6485
08/03/2018,65.645,66.265,65.64,66.235,105545,203165,AD1 Curncy,Future,CME,USD,0.005,5,1000,66235,66.235,66.41,0.34014249463082974,8854,0.002,,0.6485
09/03/2018,66.195,66.69,66.15,66.27,115462,196342,AD1 Curncy,Future,CME,USD,0.005,5,1000,66270,66.27,66.445,0.3922474771369904,8855,0.002,,0.6485
12/03/2018,66.275,66.285,65.98,66.12,100527,181433,AD1 Curncy,Future,CME,USD,0.005,5,1000,66120,66.12,66.3,0.411938810165192,8856,0.002,,0.6485
13/03/2018,66.15,66.4,65.86,66.05,140088,146514,AD1 Curncy,Future,CME,USD,0.005,5,1000,66050,66.05,66.225,0.4321241141002986,8857,0.002,,0.6485
14/03/2018,66.24,66.535,66.185,66.44,202283,182919,AD1 Curncy,Future,CME,USD,0.005,5,1000,66440,66.265,66.44,0.4770351139978576,8858,0.002,,0.6485
15/03/2018,66.4,66.495,65.87,65.995,109177,204842,AD1 Curncy,Future,CME,USD,0.005,5,1000,65995,65.82,65.995,0.476598887941352,8859,0.002,,0.6485
16/03/2018,65.985,65.995,65.695,65.805,76446,206765,AD1 Curncy,Future,CME,USD,0.005,5,1000,65805,65.635,65.805,0.4779314804309564,8860,0.002,,0.6485
19/03/2018,65.775,65.91,65.685,65.73,46467,210716,AD1 Curncy,Future,CME,USD,0.005,5,1000,65730,65.645,65.73,0.47819992330989197,8861,0.002,,0.6485
20/03/2018,65.765,65.815,65.21,65.47,100759,219111,AD1 Curncy,Future,CME,USD,0.005,5,1000,65470,65.47,65.625,0.4266396801207922,8862,0.002,,0.6485
21/03/2018,65.48,66.035,65.28,65.94,101886,222363,AD1 Curncy,Future,CME,USD,0.005,5,1000,65940,65.94,66.09,0.41277889560097064,8863,0.002,,0.6485
22/03/2018,65.98,66.505,65.77,65.85,127143,217764,AD1 Curncy,Future,CME,USD,0.005,5,1000,65850,65.85,65.995,0.40921927698184996,8864,0.002,,0.6485
23/03/2018,65.855,65.925,65.255,65.31,103287,218922,AD1 Curncy,Future,CME,USD,0.005,5,1000,65310,65.31,65.45,0.4081683680217607,8865,0.002,,0.6485
26/03/2018,65.3,65.625,65.25,65.54,70748,219713,AD1 Curncy,Future,CME,USD,0.005,5,1000,65540,65.54,65.685,0.4054459478815211,8866,0.002,,0.6485
27/03/2018,65.555,65.745,65.455,65.485,58767,217154,AD1 Curncy,Future,CME,USD,0.005,5,1000,65485,65.485,65.625,0.40628940832885707,8867,0.002,,0.6485
28/03/2018,65.48,65.53,65.255,65.435,69448,216542,AD1 Curncy,Future,CME,USD,0.005,5,1000,65435,65.435,65.58,0.407649052478821,8868,0.002,,0.6485
29/03/2018,65.485,65.555,64.995,65.435,105058,218492,AD1 Curncy,Future,CME,USD,0.005,5,1000,65435,65.435,65.58,0.4096263541166302,8869,0.002,,0.6485
30/03/2018,65.485,65.555,64.995,65.33,105058,218492,AD1 Curncy,Future,CME,USD,0.005,5,1000,65330,65.33,65.475,0.41380782575194897,8870,0.002,,0.6485
02/04/2018,65.315,65.54,64.95,64.975,75246,223090,AD1 Curncy,Future,CME,USD,0.005,5,1000,64975,64.975,65.12,0.4316013785739056,8871,0.002,,0.6485
03/04/2018,65.04,65.38,64.965,65.245,85347,222536,AD1 Curncy,Future,CME,USD,0.005,5,1000,65245,65.245,65.39,0.43670670934495537,8872,0.002,,0.6485
04/04/2018,65.32,65.84,65.175,65.815,97496,218837,AD1 Curncy,Future,CME,USD,0.005,5,1000,65815,65.815,65.96,0.4185354425297243,8873,0.002,,0.6485
05/04/2018,65.77,66.33,65.77,66.135,117179,218192,AD1 Curncy,Future,CME,USD,0.005,5,1000,66135,66.135,66.28,0.4071061491227226,8874,0.002,,0.6485
06/04/2018,66.015,66.065,65.63,65.945,107147,210812,AD1 Curncy,Future,CME,USD,0.005,5,1000,65945,65.945,66.095,0.40445972191742663,8875,0.002,,0.6485
09/04/2018,65.9,66.235,65.73,66.18,72264,209692,AD1 Curncy,Future,CME,USD,0.005,5,1000,66180,66.18,66.33,0.3972439426685292,8876,0.002,,0.6485
10/04/2018,66.17,66.575,66.12,66.34,90054,206694,AD1 Curncy,Future,CME,USD,0.005,5,1000,66340,66.34,66.49,0.38841912498418923,8877,0.002,,0.6485
11/04/2018,66.415,66.445,65.12,65.145,190681,207690,AD1 Curncy,Future,CME,USD,0.005,5,1000,65145,65.145,65.31,0.4090468595652079,8878,0.002,,0.6485
12/04/2018,65.245,65.65,65.145,65.52,122864,205317,AD1 Curncy,Future,CME,USD,0.005,5,1000,65520,65.52,65.68,0.39998822897701697,8879,0.002,,0.6485
13/04/2018,65.505,65.555,64.68,64.69,128206,212495,AD1 Curncy,Future,CME,USD,0.005,5,1000,64690,64.69,64.85,0.435992641360145,8880,0.002,,0.6485
16/04/2018,64.755,65.05,64.49,64.535,117756,224046,AD1 Curncy,Future,CME,USD,0.005,5,1000,64535,64.535,64.695,0.4817319448132483,8881,0.002,,0.6485
17/04/2018,64.565,64.565,64.01,64.245,120939,232702,AD1 Curncy,Future,CME,USD,0.005,5,1000,64245,64.245,64.405,0.544742905708968,8882,0.002,,0.6485
18/04/2018,64.135,64.575,64.115,64.475,111598,237882,AD1 Curncy,Future,CME,USD,0.005,5,1000,64475,64.475,64.635,0.5514055524931563,8883,0.002,,0.6485
19/04/2018,64.46,64.67,64.275,64.305,76811,234934,AD1 Curncy,Future,CME,USD,0.005,5,1000,64305,64.305,64.465,0.585952714235808,8884,0.002,,0.6485
20/04/2018,64.315,64.44,63.73,64.275,129098,238743,AD1 Curncy,Future,CME,USD,0.005,5,1000,64275,64.275,64.435,0.6202637207836159,8885,0.002,,0.6485
23/04/2018,64.3,64.665,64.25,64.625,86038,239946,AD1 Curncy,Future,CME,USD,0.005,5,1000,64625,64.625,64.79,0.6301611566261076,8886,0.002,,0.6485
24/04/2018,64.595,65.01,64.52,64.98,99706,236574,AD1 Curncy,Future,CME,USD,0.005,5,1000,64980,64.98,65.14,0.6319405958266134,8887,0.002,,0.6485
25/04/2018,64.985,65.395,64.93,65.04,102851,233177,AD1 Curncy,Future,CME,USD,0.005,5,1000,65040,65.04,65.185,0.617668128248261,8888,0.002,,0.6485
26/04/2018,65.05,65.5,64.955,65.24,102957,229015,AD1 Curncy,Future,CME,USD,0.005,5,1000,65240,65.24,65.39,0.60423070923866,8889,0.002,,0.6485
27/04/2018,65.285,65.645,65.27,65.49,120526,224908,AD1 Curncy,Future,CME,USD,0.005,5,1000,65490,65.49,65.635,0.606542455222263,8890,0.002,,0.6485
30/04/2018,65.435,65.965,65.42,65.785,134728,222816,AD1 Curncy,Future,CME,USD,0.005,5,1000,65785,65.785,65.935,0.6139131317380171,8891,0.002,,0.6485
01/05/2018,65.765,65.775,64.81,64.92,140259,222251,AD1 Curncy,Future,CME,USD,0.005,5,1000,64920,64.92,65.07,0.6144114392275932,8892,0.002,,0.6485
02/05/2018,64.84,65.495,64.745,65.42,145951,220220,AD1 Curncy,Future,CME,USD,0.005,5,1000,65420,65.42,65.57,0.6141839436632341,8893,0.002,,0.6485
03/05/2018,65.345,65.825,65.245,65.82,126684,217090,AD1 Curncy,Future,CME,USD,0.005,5,1000,65820,65.82,65.97,0.624959998709557,8894,0.002,,0.6485
04/05/2018,65.745,66.715,65.735,66.225,158233,214528,AD1 Curncy,Future,CME,USD,0.005,5,1000,66225,66.225,66.375,0.6564257383642378,8895,0.002,,0.6485
07/05/2018,66.17,66.47,66.14,66.355,95246,215029,AD1 Curncy,Future,CME,USD,0.005,5,1000,66355,66.355,66.5,0.6891253514325338,8896,0.002,,0.6485
08/05/2018,66.335,66.52,65.955,66.015,123836,207149,AD1 Curncy,Future,CME,USD,0.005,5,1000,66015,66.015,66.17,0.703163506343772,8897,0.002,,0.6485
09/05/2018,66.065,66.065,65.66,65.845,92935,202593,AD1 Curncy,Future,CME,USD,0.005,5,1000,65845,65.845,66.005,0.7040315452120505,8898,0.002,,0.6485
10/05/2018,65.895,66.29,65.735,66.265,84993,201161,AD1 Curncy,Future,CME,USD,0.005,5,1000,66265,66.265,66.42,0.7105823316034522,8899,0.002,,0.6485
11/05/2018,66.285,66.31,66.035,66.13,89631,198271,AD1 Curncy,Future,CME,USD,0.005,5,1000,66130,66.13,66.29,0.7179918755252941,8900,0.002,,0.6485
14/05/2018,66.11,66.36,65.93,66.16,75146,200539,AD1 Curncy,Future,CME,USD,0.005,5,1000,66160,66.16,66.32,0.7170443965708555,8901,0.002,,0.6485
15/05/2018,66.15,66.345,65.86,66.305,98086,199643,AD1 Curncy,Future,CME,USD,0.005,5,1000,66305,66.305,66.465,0.7150701014494989,8902,0.002,,0.6485
16/05/2018,66.33,67.05,66.28,66.965,144246,197455,AD1 Curncy,Future,CME,USD,0.005,5,1000,66965,66.965,67.125,0.7825379117463279,8903,0.002,,0.6485
17/05/2018,66.99,67.205,66.605,66.86,113252,195976,AD1 Curncy,Future,CME,USD,0.005,5,1000,66860,66.86,67.025,0.833531992979444,8904,0.002,,0.6485
18/05/2018,66.84,67.07,66.545,67.04,86124,196125,AD1 Curncy,Future,CME,USD,0.005,5,1000,67040,67.04,67.205,0.872469053884959,8905,0.002,,0.6485
21/05/2018,66.99,67.15,66.675,66.785,86655,195996,AD1 Curncy,Future,CME,USD,0.005,5,1000,66785,66.785,66.95,0.8769918756675458,8906,0.002,,0.6485
22/05/2018,66.725,66.845,66.525,66.71,90947,193457,AD1 Curncy,Future,CME,USD,0.005,5,1000,66710,66.71,66.875,0.8490724350647836,8907,0.002,,0.6485
23/05/2018,66.725,66.91,66.135,66.19,97029,191601,AD1 Curncy,Future,CME,USD,0.005,5,1000,66190,66.19,66.36,0.8091507894001052,8908,0.002,,0.6485
24/05/2018,66.26,66.58,66.02,66.05,96533,190812,AD1 Curncy,Future,CME,USD,0.005,5,1000,66050,66.05,66.22,0.7448258744969327,8909,0.002,,0.6485
25/05/2018,66.11,66.415,65.97,66.05,74786,188588,AD1 Curncy,Future,CME,USD,0.005,5,1000,66050,66.05,66.22,0.6636682780727843,8910,0.002,,0.6485
28/05/2018,66.11,66.415,65.97,66.34,74786,188588,AD1 Curncy,Future,CME,USD,0.005,5,1000,66340,66.34,66.51,0.6047870148408186,8911,0.002,,0.6485
29/05/2018,66.36,66.84,66.265,66.525,122108,188968,AD1 Curncy,Future,CME,USD,0.005,5,1000,66525,66.525,66.695,0.569956650386716,8912,0.002,,0.6485
30/05/2018,66.54,66.71,66.135,66.2,104488,190162,AD1 Curncy,Future,CME,USD,0.005,5,1000,66200,66.2,66.365,0.5254444943601188,8913,0.002,,0.6485
31/05/2018,66.15,66.515,65.94,66.42,82863,187451,AD1 Curncy,Future,CME,USD,0.005,5,1000,66420,66.42,66.58,0.49248409448428826,8914,0.002,,0.6485
01/06/2018,66.36,66.76,66.295,66.465,101278,184710,AD1 Curncy,Future,CME,USD,0.005,5,1000,66465,66.465,66.63,0.47254691123738607,8915,0.002,,0.6485
04/06/2018,66.56,66.98,66.355,66.78,101055,186334,AD1 Curncy,Future,CME,USD,0.005,5,1000,66780,66.78,66.945,0.4750669250957999,8916,0.002,,0.6485
05/06/2018,66.92,67.015,66.34,66.54,123639,178900,AD1 Curncy,Future,CME,USD,0.005,5,1000,66540,66.54,66.705,0.38461485062326084,8917,0.002,,0.6485
06/06/2018,66.51,66.67,66.285,66.545,90750,177239,AD1 Curncy,Future,CME,USD,0.005,5,1000,66545,66.545,66.71,0.3353409955849948,8918,0.002,,0.6485
07/06/2018,66.5,66.855,66.355,66.74,97661,177375,AD1 Curncy,Future,CME,USD,0.005,5,1000,66740,66.74,66.91,0.3211161523809108,8919,0.002,,0.6485
08/06/2018,66.715,66.835,65.805,65.885,142675,186086,AD1 Curncy,Future,CME,USD,0.005,5,1000,65885,65.885,66.05,0.33655645883951224,8920,0.002,,0.6485
11/06/2018,65.81,66.13,65.775,66.08,98397,174257,AD1 Curncy,Future,CME,USD,0.005,5,1000,66080,66.08,66.25,0.3427502735033146,8921,0.002,,0.6485
12/06/2018,66.11,66.15,65.9,66.125,121650,152097,AD1 Curncy,Future,CME,USD,0.005,5,1000,66125,66.125,66.29,0.3383384646375015,8922,0.002,,0.6485
13/06/2018,66.265,67.225,66.155,66.935,303198,151006,AD1 Curncy,Future,CME,USD,0.005,5,1000,66935,66.765,66.935,0.33404253719136345,8923,0.002,,0.6485
14/06/2018,66.82,66.93,66.435,66.555,121350,166520,AD1 Curncy,Future,CME,USD,0.005,5,1000,66555,66.385,66.555,0.3326142660599089,8924,0.002,,0.6485
15/06/2018,66.53,66.585,66.085,66.305,114975,173208,AD1 Curncy,Future,CME,USD,0.005,5,1000,66305,66.135,66.305,0.3272838981474168,8925,0.002,,0.6485
18/06/2018,66.325,66.365,66.015,66.315,65865,173121,AD1 Curncy,Future,CME,USD,0.005,5,1000,66315,65.89,66.315,0.3227573908060035,8926,0.002,,0.6485
19/06/2018,66.285,66.745,66.17,65.89,100384,172953,AD1 Curncy,Future,CME,USD,0.005,5,1000,65890,65.89,66.315,0.34163174616328257,8927,0.002,,0.6485
20/06/2018,66.285,66.745,66.17,66.735,100384,172953,AD1 Curncy,Future,CME,USD,0.005,5,1000,66735,66.735,66.87,0.3301392382817349,8928,0.002,,0.6485
21/06/2018,66.73,66.955,66.635,66.77,128901,174458,AD1 Curncy,Future,CME,USD,0.005,5,1000,66770,66.77,66.905,0.32586103886970846,8929,0.002,,0.6485
22/06/2018,66.705,66.855,66.47,66.59,74658,175127,AD1 Curncy,Future,CME,USD,0.005,5,1000,66590,66.59,66.72,0.3028991856265947,8930,0.002,,0.6485
25/06/2018,66.545,66.83,66.41,66.76,68661,175465,AD1 Curncy,Future,CME,USD,0.005,5,1000,66760,66.76,66.89,0.30168623322903176,8931,0.002,,0.6485
26/06/2018,66.715,66.87,66.495,66.635,76318,178678,AD1 Curncy,Future,CME,USD,0.005,5,1000,66635,66.635,66.765,0.2990436144108806,8932,0.002,,0.6485
27/06/2018,66.62,67.03,66.5,66.645,146599,190219,AD1 Curncy,Future,CME,USD,0.005,5,1000,66645,66.645,66.755,0.29849790616783467,8933,0.002,,0.6485
28/06/2018,66.615,66.87,66.53,66.62,92405,189685,AD1 Curncy,Future,CME,USD,0.005,5,1000,66620,66.62,66.735,0.2894822964994075,8934,0.002,,0.6485
29/06/2018,66.61,66.985,66.335,66.83,147708,190897,AD1 Curncy,Future,CME,USD,0.005,5,1000,66830,66.83,66.94,0.2856851413471762,8935,0.002,,0.6485
02/07/2018,66.905,67.1,66.565,66.635,105676,193531,AD1 Curncy,Future,CME,USD,0.005,5,1000,66635,66.635,66.745,0.28535796230912736,8936,0.002,,0.6485
03/07/2018,66.73,66.885,66.46,66.815,87565,195438,AD1 Curncy,Future,CME,USD,0.005,5,1000,66815,66.815,66.925,0.2921868694058855,8937,0.002,,0.6485
04/07/2018,66.805,67.53,66.785,66.815,125101,209469,AD1 Curncy,Future,CME,USD,0.005,5,1000,66815,66.815,66.925,0.29065687098914517,8938,0.002,,0.6485
05/07/2018,66.805,67.53,66.785,67.165,125101,209469,AD1 Curncy,Future,CME,USD,0.005,5,1000,67165,67.165,67.275,0.31528756712962924,8939,0.002,,0.6485
06/07/2018,67.19,67.655,67.18,67.645,172918,214913,AD1 Curncy,Future,CME,USD,0.005,5,1000,67645,67.645,67.76,0.38088351235843504,8940,0.002,,0.6485
09/07/2018,67.585,67.735,67.445,67.5,78354,222798,AD1 Curncy,Future,CME,USD,0.005,5,1000,67500,67.5,67.61,0.4192329304652548,8941,0.002,,0.6485
10/07/2018,67.505,67.605,67.36,67.525,74753,222624,AD1 Curncy,Future,CME,USD,0.005,5,1000,67525,67.525,67.64,0.4539941262319754,8942,0.002,,0.6485
11/07/2018,67.545,67.645,67.44,67.57,72253,224068,AD1 Curncy,Future,CME,USD,0.005,5,1000,67570,67.57,67.685,0.4862092313532478,8943,0.002,,0.6485
12/07/2018,67.6,68.105,67.59,67.735,155618,224667,AD1 Curncy,Future,CME,USD,0.005,5,1000,67735,67.735,67.845,0.5266657700285495,8944,0.002,,0.6485
13/07/2018,67.705,68.055,67.655,67.995,105052,230620,AD1 Curncy,Future,CME,USD,0.005,5,1000,67995,67.995,68.105,0.548674767039997,8945,0.002,,0.6485
16/07/2018,67.86,67.995,67.64,67.755,88124,229826,AD1 Curncy,Future,CME,USD,0.005,5,1000,67755,67.755,67.865,0.5532854898871808,8946,0.002,,0.6485
17/07/2018,67.715,67.75,67.26,67.44,102148,227426,AD1 Curncy,Future,CME,USD,0.005,5,1000,67440,67.44,67.55,0.5373702944150089,8947,0.002,,0.6485
18/07/2018,67.44,67.655,67.315,67.365,96046,225648,AD1 Curncy,Future,CME,USD,0.005,5,1000,67365,67.365,67.475,0.5431473096557987,8948,0.002,,0.6485
19/07/2018,67.395,67.535,67.075,67.15,96783,225046,AD1 Curncy,Future,CME,USD,0.005,5,1000,67150,67.15,67.255,0.5365434899921797,8949,0.002,,0.6485
20/07/2018,67.17,67.19,66.9,66.93,81570,223899,AD1 Curncy,Future,CME,USD,0.005,5,1000,66930,66.93,67.035,0.5166032487828327,8950,0.002,,0.6485
23/07/2018,66.95,67.12,66.41,66.505,104033,224319,AD1 Curncy,Future,CME,USD,0.005,5,1000,66505,66.505,66.61,0.5069037548223273,8951,0.002,,0.6485
24/07/2018,66.515,66.555,66.2,66.225,92435,223900,AD1 Curncy,Future,CME,USD,0.005,5,1000,66225,66.225,66.325,0.4788673267753491,8952,0.002,,0.6485
25/07/2018,66.235,66.245,65.86,65.88,124314,223974,AD1 Curncy,Future,CME,USD,0.005,5,1000,65880,65.88,65.975,0.5303752602195775,8953,0.002,,0.6485
26/07/2018,65.885,65.905,65.195,65.515,171189,215189,AD1 Curncy,Future,CME,USD,0.005,5,1000,65515,65.515,65.61,0.6086417254726618,8954,0.002,,0.6485
27/07/2018,65.455,65.765,65.435,65.61,133462,207816,AD1 Curncy,Future,CME,USD,0.005,5,1000,65610,65.61,65.705,0.6632328022544991,8955,0.002,,0.6485
30/07/2018,65.58,65.765,65.32,65.54,96524,202914,AD1 Curncy,Future,CME,USD,0.005,5,1000,65540,65.54,65.635,0.718858875802273,8956,0.002,,0.6485
31/07/2018,65.57,65.695,65.365,65.465,98704,203195,AD1 Curncy,Future,CME,USD,0.005,5,1000,65465,65.465,65.56,0.7717364079267789,8957,0.002,,0.6485
01/08/2018,65.45,65.64,64.87,65.53,174495,204366,AD1 Curncy,Future,CME,USD,0.005,5,1000,65530,65.53,65.645,0.8142237100369979,8958,0.002,,0.6485
02/08/2018,65.505,65.705,64.965,64.99,141213,202125,AD1 Curncy,Future,CME,USD,0.005,5,1000,64990,64.99,65.095,0.8901585532849984,8959,0.002,,0.6485
03/08/2018,65.07,65.55,64.94,65.225,161784,196631,AD1 Curncy,Future,CME,USD,0.005,5,1000,65225,65.225,65.305,0.9388323865240638,8960,0.002,,0.6485
06/08/2018,65.205,65.235,63.555,64.93,215622,196713,AD1 Curncy,Future,CME,USD,0.005,5,1000,64930,64.93,65.015,1.000690469952204,8961,0.002,,0.6485
07/08/2018,65.02,65.495,64.795,65.4,140315,189794,AD1 Curncy,Future,CME,USD,0.005,5,1000,65400,65.4,65.48,1.027263030250701,8962,0.002,,0.6485
08/08/2018,65.255,65.815,65.165,65.24,121996,188735,AD1 Curncy,Future,CME,USD,0.005,5,1000,65240,65.24,65.32,1.05730876914924,8963,0.002,,0.6485
09/08/2018,65.25,66.005,65.14,65.99,102085,185211,AD1 Curncy,Future,CME,USD,0.005,5,1000,65990,65.99,66.08,1.0513743782877247,8964,0.002,,0.6485
10/08/2018,65.99,66.12,65.73,65.81,72628,184874,AD1 Curncy,Future,CME,USD,0.005,5,1000,65810,65.81,65.9,1.026499999993471,8965,0.002,,0.6485
13/08/2018,65.78,66.12,65.715,65.945,66522,185213,AD1 Curncy,Future,CME,USD,0.005,5,1000,65945,65.945,66.045,1.000882235823286,8966,0.002,,0.6485
14/08/2018,65.945,66.445,65.855,66.425,80535,185258,AD1 Curncy,Future,CME,USD,0.005,5,1000,66425,66.425,66.525,0.9679937585817912,8967,0.002,,0.6485
15/08/2018,66.39,66.495,66.02,66.105,112520,182256,AD1 Curncy,Future,CME,USD,0.005,5,1000,66105,66.105,66.21,0.9280602530654963,8968,0.002,,0.6485
16/08/2018,66.01,66.405,65.56,66.21,103126,180568,AD1 Curncy,Future,CME,USD,0.005,5,1000,66210,66.21,66.32,0.8704728121276107,8969,0.002,,0.6485
17/08/2018,66.16,66.77,66.13,66.755,73808,180868,AD1 Curncy,Future,CME,USD,0.005,5,1000,66755,66.755,66.865,0.7913281556893469,8970,0.002,,0.6485
20/08/2018,66.755,67.39,66.73,67.36,92391,182143,AD1 Curncy,Future,CME,USD,0.005,5,1000,67360,67.36,67.47,0.7597501233870974,8971,0.002,,0.6485
21/08/2018,67.375,67.55,67.185,67.515,113865,184047,AD1 Curncy,Future,CME,USD,0.005,5,1000,67515,67.515,67.625,0.7655457203764573,8972,0.002,,0.6485
22/08/2018,67.505,67.665,67.36,67.575,117032,192749,AD1 Curncy,Future,CME,USD,0.005,5,1000,67575,67.575,67.68,0.7813969861643357,8973,0.002,,0.6485
23/08/2018,67.495,67.575,67.015,67.1,92233,195169,AD1 Curncy,Future,CME,USD,0.005,5,1000,67100,67.1,67.205,0.7785844527003519,8974,0.002,,0.6485
24/08/2018,67.09,68.03,67.075,67.96,122401,199977,AD1 Curncy,Future,CME,USD,0.005,5,1000,67960,67.96,68.065,0.8499179862316258,8975,0.002,,0.6485
27/08/2018,67.995,68.04,67.71,67.81,82830,197433,AD1 Curncy,Future,CME,USD,0.005,5,1000,67810,67.81,67.915,0.9127971205695176,8976,0.002,,0.6485
28/08/2018,67.755,68,67.66,67.965,71262,198410,AD1 Curncy,Future,CME,USD,0.005,5,1000,67965,67.965,68.07,0.9813712769996767,8977,0.002,,0.6485
29/08/2018,67.97,68.17,67.68,67.815,104176,202848,AD1 Curncy,Future,CME,USD,0.005,5,1000,67815,67.815,67.92,1.0275096512052562,8978,0.002,,0.6485
30/08/2018,67.885,68.34,67.84,68.015,97025,205295,AD1 Curncy,Future,CME,USD,0.005,5,1000,68015,68.015,68.12,1.0676419889894009,8979,0.002,,0.6485
31/08/2018,68.01,68.195,67.545,68.015,87934,204376,AD1 Curncy,Future,CME,USD,0.005,5,1000,68015,68.015,68.12,1.100275647275056,8980,0.002,,0.6485
03/09/2018,68.01,68.195,67.545,67.695,87934,204376,AD1 Curncy,Future,CME,USD,0.005,5,1000,67695,67.695,67.8,1.105713645865502,8981,0.002,,0.6485
04/09/2018,67.68,67.98,67.1,67.165,192176,190049,AD1 Curncy,Future,CME,USD,0.005,5,1000,67165,67.165,67.265,1.0854903653740207,8982,0.002,,0.6485
05/09/2018,67.15,67.52,66.88,67.18,111637,190212,AD1 Curncy,Future,CME,USD,0.005,5,1000,67180,67.18,67.275,1.0637513023821883,8983,0.002,,0.6485
06/09/2018,67.27,67.435,67.15,67.37,83854,185439,AD1 Curncy,Future,CME,USD,0.005,5,1000,67370,67.37,67.47,1.0067170241200354,8984,0.002,,0.6485
07/09/2018,67.415,67.69,66.61,66.725,140698,180347,AD1 Curncy,Future,CME,USD,0.005,5,1000,66725,66.725,66.825,0.9506467096945516,8985,0.002,,0.6485
10/09/2018,66.72,66.9,66.495,66.6,93670,173726,AD1 Curncy,Future,CME,USD,0.005,5,1000,66600,66.6,66.7,0.8622602082046076,8986,0.002,,0.6485
11/09/2018,66.63,66.775,66.42,66.6,123136,157751,AD1 Curncy,Future,CME,USD,0.005,5,1000,66600,66.6,66.695,0.8038113377236205,8987,0.002,,0.6485
12/09/2018,66.62,66.87,66.325,66.79,254077,153937,AD1 Curncy,Future,CME,USD,0.005,5,1000,66790,66.69,66.79,0.7177489115187462,8988,0.002,,0.6485
13/09/2018,66.855,67.36,66.675,67.28,97183,164599,AD1 Curncy,Future,CME,USD,0.005,5,1000,67280,67.18,67.28,0.6831720134682955,8989,0.002,,0.6485
14/09/2018,67.325,67.42,67.015,67.12,113493,164855,AD1 Curncy,Future,CME,USD,0.005,5,1000,67120,67.03,67.12,0.627135152886764,8990,0.002,,0.6485
17/09/2018,67.19,67.62,67.125,67.515,89147,171886,AD1 Curncy,Future,CME,USD,0.005,5,1000,67515,67.41,67.515,0.5765716202863388,8991,0.002,,0.6485
18/09/2018,67.6,67.77,67.5,67.68,74220,168457,AD1 Curncy,Future,CME,USD,0.005,5,1000,67680,67.68,67.67,0.5582130716129776,8992,0.002,,0.6485
19/09/2018,67.645,68.28,67.49,67.945,103859,169754,AD1 Curncy,Future,CME,USD,0.005,5,1000,67945,67.945,67.935,0.5170588296505223,8993,0.002,,0.6485
20/09/2018,67.71,68.45,67.445,68.265,141907,169535,AD1 Curncy,Future,CME,USD,0.005,5,1000,68265,68.265,68.235,0.490894421764534,8994,0.002,,0.6485
21/09/2018,68.21,68.345,67.89,68.18,99126,171753,AD1 Curncy,Future,CME,USD,0.005,5,1000,68180,68.18,68.15,0.4916679095888959,8995,0.002,,0.6485
24/09/2018,68.13,68.595,68.055,68.53,104939,170332,AD1 Curncy,Future,CME,USD,0.005,5,1000,68530,68.53,68.49,0.5327826323365814,8996,0.002,,0.6485
25/09/2018,68.435,68.99,68.2,68.91,126407,175146,AD1 Curncy,Future,CME,USD,0.005,5,1000,68910,68.91,68.875,0.5993417917344616,8997,0.002,,0.6485
26/09/2018,68.97,69.135,68.235,68.31,124221,178413,AD1 Curncy,Future,CME,USD,0.005,5,1000,68310,68.31,68.27,0.616251639607931,8998,0.002,,0.6485
27/09/2018,68.325,69.105,68.245,69.05,122772,182128,AD1 Curncy,Future,CME,USD,0.005,5,1000,69050,69.05,69.02,0.6686599160406074,8999,0.002,,0.6485
28/09/2018,69.005,69.425,68.74,69.185,121161,187485,AD1 Curncy,Future,CME,USD,0.005,5,1000,69185,69.185,69.15,0.7305570363218827,9000,0.002,,0.6485
01/10/2018,69.115,69.5,69.05,69.245,101970,189508,AD1 Curncy,Future,CME,USD,0.005,5,1000,69245,69.245,69.215,0.7895726692243448,9001,0.002,,0.6485
02/10/2018,69.2,69.405,68.62,68.985,146097,199398,AD1 Curncy,Future,CME,USD,0.005,5,1000,68985,68.985,68.96,0.8237451061985371,9002,0.002,,0.6485
03/10/2018,68.865,69.215,68.81,68.87,85988,201981,AD1 Curncy,Future,CME,USD,0.005,5,1000,68870,68.87,68.845,0.8486938493862333,9003,0.002,,0.6485
04/10/2018,68.92,68.94,68.35,68.46,92984,202788,AD1 Curncy,Future,CME,USD,0.005,5,1000,68460,68.46,68.445,0.8560810417162703,9004,0.002,,0.6485
05/10/2018,68.46,68.575,67.92,68.05,96523,207219,AD1 Curncy,Future,CME,USD,0.005,5,1000,68050,68.05,68.055,0.8562939526350442,9005,0.002,,0.6485
08/10/2018,68.03,68.165,67.49,67.505,76595,207279,AD1 Curncy,Future,CME,USD,0.005,5,1000,67505,67.505,67.515,0.8591036025916882,9006,0.002,,0.6485
09/10/2018,67.645,67.75,67.205,67.475,105617,203980,AD1 Curncy,Future,CME,USD,0.005,5,1000,67475,67.475,67.485,0.8502352615517734,9007,0.002,,0.6485
10/10/2018,67.505,67.68,67.135,67.175,93831,200911,AD1 Curncy,Future,CME,USD,0.005,5,1000,67175,67.175,67.195,0.8504154376848295,9008,0.002,,0.6485
11/10/2018,67.21,67.48,66.98,67.34,101202,195505,AD1 Curncy,Future,CME,USD,0.005,5,1000,67340,67.34,67.36,0.8512340551532703,9009,0.002,,0.6485
12/10/2018,67.45,67.645,67.3,67.615,65502,194026,AD1 Curncy,Future,CME,USD,0.005,5,1000,67615,67.615,67.635,0.8174822627959564,9010,0.002,,0.6485
15/10/2018,67.44,67.505,67.07,67.23,82979,190569,AD1 Curncy,Future,CME,USD,0.005,5,1000,67230,67.23,67.255,0.7832146895877176,9011,0.002,,0.6485
16/10/2018,67.295,67.38,67.03,67.065,79514,191957,AD1 Curncy,Future,CME,USD,0.005,5,1000,67065,67.065,67.09,0.7542504557413108,9012,0.002,,0.6485
17/10/2018,67.065,67.065,66.63,66.695,83917,187814,AD1 Curncy,Future,CME,USD,0.005,5,1000,66695,66.695,66.725,0.7607645277302596,9013,0.002,,0.6485
18/10/2018,66.7,67.15,66.635,66.995,90981,187630,AD1 Curncy,Future,CME,USD,0.005,5,1000,66995,66.995,67.015,0.7738266386295126,9014,0.002,,0.6485
19/10/2018,67,67.24,66.98,67.08,53471,184623,AD1 Curncy,Future,CME,USD,0.005,5,1000,67080,67.08,67.1,0.7757089230628448,9015,0.002,,0.6485
22/10/2018,67.11,67.275,66.57,66.585,69955,186183,AD1 Curncy,Future,CME,USD,0.005,5,1000,66585,66.585,66.61,0.8197001484197363,9016,0.002,,0.6485
23/10/2018,66.625,66.995,66.55,66.85,67120,185203,AD1 Curncy,Future,CME,USD,0.005,5,1000,66850,66.85,66.875,0.846900328641268,9017,0.002,,0.6485
24/10/2018,66.87,66.955,66.18,66.285,73739,185534,AD1 Curncy,Future,CME,USD,0.005,5,1000,66285,66.285,66.31,0.9065124562406117,9018,0.002,,0.6485
25/10/2018,66.38,66.65,66.25,66.42,76348,184243,AD1 Curncy,Future,CME,USD,0.005,5,1000,66420,66.42,66.44,0.944554039385477,9019,0.002,,0.6485
26/10/2018,66.435,66.505,66.04,66.105,66265,183388,AD1 Curncy,Future,CME,USD,0.005,5,1000,66105,66.105,66.125,0.9961951783257431,9020,0.002,,0.6485
29/10/2018,66.135,66.17,65.83,65.85,85256,180757,AD1 Curncy,Future,CME,USD,0.005,5,1000,65850,65.85,65.875,1.0440313692539023,9021,0.002,,0.6485
30/10/2018,65.89,65.89,65.485,65.59,89532,182067,AD1 Curncy,Future,CME,USD,0.005,5,1000,65590,65.59,65.615,1.0775457453489272,9022,0.002,,0.6485
31/10/2018,65.62,65.99,65.4,65.84,94716,179792,AD1 Curncy,Future,CME,USD,0.005,5,1000,65840,65.84,65.86,1.1073343367382873,9023,0.002,,0.6485
01/11/2018,65.76,65.87,65.425,65.775,83955,181262,AD1 Curncy,Future,CME,USD,0.005,5,1000,65775,65.775,65.795,1.0904210578119284,9024,0.002,,0.6485
02/11/2018,65.85,65.94,65.565,65.625,76541,181891,AD1 Curncy,Future,CME,USD,0.005,5,1000,65625,65.625,65.64,1.0536995539461993,9025,0.002,,0.6485
05/11/2018,65.87,66.215,65.825,65.89,78670,181421,AD1 Curncy,Future,CME,USD,0.005,5,1000,65890,65.89,65.905,0.9756959908973427,9026,0.002,,0.6485
06/11/2018,65.88,66.435,65.815,66.375,71058,175491,AD1 Curncy,Future,CME,USD,0.005,5,1000,66375,66.375,66.385,0.8822798119945817,9027,0.002,,0.6485
07/11/2018,66.37,66.47,65.14,65.84,175986,172630,AD1 Curncy,Future,CME,USD,0.005,5,1000,65840,65.84,65.86,0.7940422952546352,9028,0.002,,0.6485
08/11/2018,65.725,66.895,65.66,66.7,129925,172228,AD1 Curncy,Future,CME,USD,0.005,5,1000,66700,66.7,66.72,0.7053617275223276,9029,0.002,,0.6485
09/11/2018,66.805,66.825,65.6,65.815,118932,171759,AD1 Curncy,Future,CME,USD,0.005,5,1000,65815,65.815,65.84,0.6590875637222458,9030,0.002,,0.6485
12/11/2018,65.85,66.005,65.645,65.7,64264,169709,AD1 Curncy,Future,CME,USD,0.005,5,1000,65700,65.7,65.725,0.6487595856607381,9031,0.002,,0.6485
13/11/2018,65.76,65.835,65.16,65.335,92720,169919,AD1 Curncy,Future,CME,USD,0.005,5,1000,65335,65.335,65.365,0.652705906198751,9032,0.002,,0.6485
14/11/2018,65.345,65.485,64.815,64.87,104644,174418,AD1 Curncy,Future,CME,USD,0.005,5,1000,64870,64.87,64.89,0.6985360882971192,9033,0.002,,0.6485
15/11/2018,64.965,64.985,64.425,64.715,109354,175995,AD1 Curncy,Future,CME,USD,0.005,5,1000,64715,64.715,64.735,0.7319939662684976,9034,0.002,,0.6485
16/11/2018,64.54,64.835,64.445,64.57,87958,179112,AD1 Curncy,Future,CME,USD,0.005,5,1000,64570,64.57,64.6,0.7389632376874654,9035,0.002,,0.6485
19/11/2018,64.61,65.13,64.495,65.06,72722,179070,AD1 Curncy,Future,CME,USD,0.005,5,1000,65060,65.06,65.09,0.7245810283560971,9036,0.002,,0.6485
20/11/2018,65.08,65.355,64.845,65.325,90720,179459,AD1 Curncy,Future,CME,USD,0.005,5,1000,65325,65.325,65.355,0.6996789739970813,9037,0.002,,0.6485
21/11/2018,65.35,65.46,64.865,64.98,68776,179752,AD1 Curncy,Future,CME,USD,0.005,5,1000,64980,64.98,65.01,0.7041380664710839,9038,0.002,,0.6485
22/11/2018,65.08,65.34,64.99,65.17,71814,180478,AD1 Curncy,Future,CME,USD,0.005,5,1000,65170,65.17,65.2,0.6741244321243656,9039,0.002,,0.6485
23/11/2018,65.13,65.225,64.73,64.99,85266,178107,AD1 Curncy,Future,CME,USD,0.005,5,1000,64990,64.99,65.02,0.633802874181212,9040,0.002,,0.6485
26/11/2018,65.34,65.51,64.885,65.05,84764,179988,AD1 Curncy,Future,CME,USD,0.005,5,1000,65050,65.05,65.08,0.6176737272382489,9041,0.002,,0.6485
27/11/2018,65.05,65.085,64.355,64.61,110280,182635,AD1 Curncy,Future,CME,USD,0.005,5,1000,64610,64.61,64.635,0.5952351076007082,9042,0.002,,0.6485
28/11/2018,64.765,65.015,64.565,64.61,77452,184749,AD1 Curncy,Future,CME,USD,0.005,5,1000,64610,64.61,64.635,0.6020436030613722,9043,0.002,,0.6485
29/11/2018,64.765,65.015,64.565,64.97,77452,184749,AD1 Curncy,Future,CME,USD,0.005,5,1000,64970,64.97,64.995,0.5762419919794757,9044,0.002,,0.6485
30/11/2018,64.98,65.29,64.78,65.225,86795,186814,AD1 Curncy,Future,CME,USD,0.005,5,1000,65225,65.225,65.245,0.5589157658542898,9045,0.002,,0.6485
03/12/2018,65.135,65.16,64.435,64.725,95934,188038,AD1 Curncy,Future,CME,USD,0.005,5,1000,64725,64.725,64.75,0.5646895902356486,9046,0.002,,0.6485
04/12/2018,64.765,65.055,64.56,64.805,92021,185290,AD1 Curncy,Future,CME,USD,0.005,5,1000,64805,64.805,64.825,0.5716552719840714,9047,0.002,,0.6485
05/12/2018,64.875,64.89,64,64.36,145255,190455,AD1 Curncy,Future,CME,USD,0.005,5,1000,64360,64.36,64.385,0.5900432893614989,9048,0.002,,0.6485
06/12/2018,64.3,64.555,64.22,64.54,71626,191198,AD1 Curncy,Future,CME,USD,0.005,5,1000,64540,64.54,64.57,0.5953739720997957,9049,0.002,,0.6485
07/12/2018,64.53,64.565,63.73,63.85,117197,196131,AD1 Curncy,Future,CME,USD,0.005,5,1000,63850,63.85,63.87,0.6455793263836084,9050,0.002,,0.6485
10/12/2018,63.95,64.72,63.8,64.44,135157,176111,AD1 Curncy,Future,CME,USD,0.005,5,1000,64440,64.44,64.455,0.6389191393704947,9051,0.002,,0.6485
11/12/2018,64.41,64.42,63.66,63.815,199436,141015,AD1 Curncy,Future,CME,USD,0.005,5,1000,63815,63.815,63.835,0.6252500832898524,9052,0.002,,0.6485
12/12/2018,63.815,63.91,63.385,63.715,168549,132781,AD1 Curncy,Future,CME,USD,0.005,5,1000,63715,63.705,63.715,0.6451551492889096,9053,0.002,,0.6485
13/12/2018,63.75,64.3,63.62,63.645,116207,159106,AD1 Curncy,Future,CME,USD,0.005,5,1000,63645,63.635,63.645,0.5706526234532137,9054,0.002,,0.6485
14/12/2018,63.675,63.85,63.53,63.58,67456,163224,AD1 Curncy,Future,CME,USD,0.005,5,1000,63580,63.565,63.58,0.572835200257513,9055,0.002,,0.6485
17/12/2018,63.635,63.845,63.445,63.7,56959,164590,AD1 Curncy,Future,CME,USD,0.005,5,1000,63700,63.515,63.7,0.5619965895395556,9056,0.002,,0.6485
18/12/2018,63.72,63.79,63.325,63.36,60443,171116,AD1 Curncy,Future,CME,USD,0.005,5,1000,63360,63.36,63.38,0.5904448887526405,9057,0.002,,0.6485
19/12/2018,63.385,63.4,62.145,62.41,100698,177117,AD1 Curncy,Future,CME,USD,0.005,5,1000,62410,62.41,62.43,0.7185507404868152,9058,0.002,,0.6485
20/12/2018,62.175,62.66,62.005,62.435,105922,175835,AD1 Curncy,Future,CME,USD,0.005,5,1000,62435,62.435,62.46,0.8161330569546732,9059,0.002,,0.6485
21/12/2018,62.375,62.75,62.155,62.675,80307,174155,AD1 Curncy,Future,CME,USD,0.005,5,1000,62675,62.675,62.7,0.8774143832805217,9060,0.002,,0.6485
24/12/2018,62.515,62.65,62.195,62.49,56129,175162,AD1 Curncy,Future,CME,USD,0.005,5,1000,62490,62.49,62.52,0.9267258674068106,9061,0.002,,0.6485
25/12/2018,62.465,62.495,62.255,62.49,33130,176246,AD1 Curncy,Future,CME,USD,0.005,5,1000,62490,62.49,62.52,0.9487451361250526,9062,0.002,,0.6485
26/12/2018,62.465,62.495,62.255,62.29,33130,176246,AD1 Curncy,Future,CME,USD,0.005,5,1000,62290,62.29,62.32,0.9877330948461308,9063,0.002,,0.6485
27/12/2018,62.325,62.55,62.16,62.225,27124,175539,AD1 Curncy,Future,CME,USD,0.005,5,1000,62225,62.225,62.255,1.007609051164037,9064,0.002,,0.6485
28/12/2018,62.18,62.265,62.01,62.195,56788,178534,AD1 Curncy,Future,CME,USD,0.005,5,1000,62195,62.195,62.225,1.025003780474849,9065,0.002,,0.6485
31/12/2018,62.265,62.475,62.025,62.245,59109,177555,AD1 Curncy,Future,CME,USD,0.005,5,1000,62245,62.245,62.275,1.0232691483611607,9066,0.002,,0.6485
01/01/2019,62.2,62.32,61.8,62.245,66809,180834,AD1 Curncy,Future,CME,USD,0.005,5,1000,62245,62.245,62.275,1.0329878992455865,9067,0.002,,0.6485
02/01/2019,62.2,62.32,61.8,61.9,66809,180834,AD1 Curncy,Future,CME,USD,0.005,5,1000,61900,61.9,61.93,1.0516642366528006,9068,0.002,,0.6485
03/01/2019,61.87,62.235,61.84,61.935,78464,180660,AD1 Curncy,Future,CME,USD,0.005,5,1000,61935,61.935,61.96,1.0346928690781774,9069,0.002,,0.6485
04/01/2019,62.035,62.265,61.99,62.17,58072,180504,AD1 Curncy,Future,CME,USD,0.005,5,1000,62170,62.17,62.195,0.9703434958755295,9070,0.002,,0.6485
07/01/2019,62.115,63.03,62.115,62.42,130345,185875,AD1 Curncy,Future,CME,USD,0.005,5,1000,62420,62.42,62.445,0.9206724444600151,9071,0.002,,0.6485
08/01/2019,62.45,62.89,62.29,62.4,98442,195590,AD1 Curncy,Future,CME,USD,0.005,5,1000,62400,62.4,62.425,0.8513179488228914,9072,0.002,,0.6485
09/01/2019,62.325,62.43,61.885,62.115,90677,194569,AD1 Curncy,Future,CME,USD,0.005,5,1000,62115,62.115,62.145,0.812963355050346,9073,0.002,,0.6485
10/01/2019,62.155,62.16,61.735,61.985,56607,193814,AD1 Curncy,Future,CME,USD,0.005,5,1000,61985,61.985,62.015,0.7499995555474805,9074,0.002,,0.6485
11/01/2019,61.975,62.07,61.405,61.49,105156,190892,AD1 Curncy,Future,CME,USD,0.005,5,1000,61490,61.49,61.525,0.7541834436360868,9075,0.002,,0.6485
14/01/2019,61.465,61.785,61.325,61.56,85329,192757,AD1 Curncy,Future,CME,USD,0.005,5,1000,61560,61.56,61.59,0.687110374433999,9076,0.002,,0.6485
15/01/2019,61.865,62.08,61.67,61.87,82077,190597,AD1 Curncy,Future,CME,USD,0.005,5,1000,61870,61.87,61.9,0.6455389866782075,9077,0.002,,0.6485
16/01/2019,61.955,62.475,61.82,62.295,87858,189063,AD1 Curncy,Future,CME,USD,0.005,5,1000,62295,62.295,62.33,0.5908309825899576,9078,0.002,,0.6485
17/01/2019,62.265,62.485,61.93,62.13,84414,185571,AD1 Curncy,Future,CME,USD,0.005,5,1000,62130,62.13,62.16,0.5332356420835321,9079,0.002,,0.6485
18/01/2019,62.125,62.28,61.65,62.13,96313,186555,AD1 Curncy,Future,CME,USD,0.005,5,1000,62130,62.13,62.16,0.4681224020719281,9080,0.002,,0.6485
21/01/2019,62.125,62.28,61.65,62,96313,186555,AD1 Curncy,Future,CME,USD,0.005,5,1000,62000,62,62.03,0.36671321672611784,9081,0.002,,0.6485
22/01/2019,61.96,62.9,61.905,62.67,223560,188512,AD1 Curncy,Future,CME,USD,0.005,5,1000,62670,62.67,62.705,0.29644659438358656,9082,0.002,,0.6485
23/01/2019,62.705,62.965,62.54,62.795,71399,186947,AD1 Curncy,Future,CME,USD,0.005,5,1000,62795,62.795,62.83,0.317556687834295,9083,0.002,,0.6485
24/01/2019,62.715,63.005,62.56,62.895,78004,189175,AD1 Curncy,Future,CME,USD,0.005,5,1000,62895,62.895,62.925,0.34362321902768445,9084,0.002,,0.6485
25/01/2019,62.86,63.31,62.79,63.145,103498,191212,AD1 Curncy,Future,CME,USD,0.005,5,1000,63145,63.145,63.175,0.3802020296126893,9085,0.002,,0.6485
28/01/2019,63.045,63.085,62.755,62.85,82383,191077,AD1 Curncy,Future,CME,USD,0.005,5,1000,62850,62.85,62.885,0.39640330891858494,9086,0.002,,0.6485
29/01/2019,62.92,62.945,62.37,62.555,99771,189764,AD1 Curncy,Future,CME,USD,0.005,5,1000,62555,62.555,62.585,0.39819886152725514,9087,0.002,,0.6485
30/01/2019,62.53,62.565,62.11,62.325,97986,192599,AD1 Curncy,Future,CME,USD,0.005,5,1000,62325,62.325,62.365,0.3983687571270304,9088,0.002,,0.6485
31/01/2019,62.33,62.44,61.995,62.39,94037,192780,AD1 Curncy,Future,CME,USD,0.005,5,1000,62390,62.39,62.43,0.39909982041455805,9089,0.002,,0.6485
01/02/2019,62.065,62.64,62.05,62.165,127171,194700,AD1 Curncy,Future,CME,USD,0.005,5,1000,62165,62.165,62.21,0.3993747195991917,9090,0.002,,0.6485
04/02/2019,61.635,62.385,60.89,61.84,241361,203507,AD1 Curncy,Future,CME,USD,0.005,5,1000,61840,61.84,61.89,0.4084243095788239,9091,0.002,,0.6485
05/02/2019,62.285,62.64,61.715,62.605,120068,202157,AD1 Curncy,Future,CME,USD,0.005,5,1000,62605,62.605,62.655,0.4145050260912808,9092,0.002,,0.6485
06/02/2019,62.555,62.98,62.415,62.865,85235,198338,AD1 Curncy,Future,CME,USD,0.005,5,1000,62865,62.865,62.91,0.4238857943537605,9093,0.002,,0.6485
07/02/2019,62.84,62.895,62.565,62.825,85255,198329,AD1 Curncy,Future,CME,USD,0.005,5,1000,62825,62.825,62.87,0.4289471606793837,9094,0.002,,0.6485
08/02/2019,62.83,63.035,62.545,62.745,122088,197137,AD1 Curncy,Future,CME,USD,0.005,5,1000,62745,62.745,62.795,0.43484939920417237,9095,0.002,,0.6485
11/02/2019,62.52,62.89,62.475,62.81,58471,194127,AD1 Curncy,Future,CME,USD,0.005,5,1000,62810,62.81,62.855,0.4438958210979509,9096,0.002,,0.6485
12/02/2019,62.81,63.035,62.615,62.95,66450,193688,AD1 Curncy,Future,CME,USD,0.005,5,1000,62950,62.95,62.995,0.4584132051488949,9097,0.002,,0.6485
13/02/2019,62.96,63.11,62.345,62.875,118692,189468,AD1 Curncy,Future,CME,USD,0.005,5,1000,62875,62.875,62.92,0.46387929463191746,9098,0.002,,0.6485
14/02/2019,62.8,63.25,62.555,63.035,109804,190590,AD1 Curncy,Future,CME,USD,0.005,5,1000,63035,63.035,63.08,0.46935487638693,9099,0.002,,0.6485
15/02/2019,63.17,63.695,63.12,63.035,88403,193971,AD1 Curncy,Future,CME,USD,0.005,5,1000,63035,63.035,63.08,0.435046261894259,9100,0.002,,0.6485
18/02/2019,63.17,63.695,63.12,63.6,88403,193971,AD1 Curncy,Future,CME,USD,0.005,5,1000,63600,63.6,63.645,0.4359830845206487,9101,0.002,,0.6485
19/02/2019,63.525,63.755,63.355,63.5,127554,187173,AD1 Curncy,Future,CME,USD,0.005,5,1000,63500,63.5,63.55,0.4416170097736826,9102,0.002,,0.6485
20/02/2019,63.535,63.72,63.38,63.495,85009,187466,AD1 Curncy,Future,CME,USD,0.005,5,1000,63495,63.495,63.54,0.462607374910335,9103,0.002,,0.6485
21/02/2019,63.475,64.055,63.29,64.04,94848,187952,AD1 Curncy,Future,CME,USD,0.005,5,1000,64040,64.04,64.085,0.5143509664176179,9104,0.002,,0.6485
22/02/2019,64.02,64.1,63.53,63.55,93251,187078,AD1 Curncy,Future,CME,USD,0.005,5,1000,63550,63.55,63.595,0.5150406941734963,9105,0.002,,0.6485
25/02/2019,63.665,63.935,63.45,63.575,98023,179977,AD1 Curncy,Future,CME,USD,0.005,5,1000,63575,63.575,63.62,0.5013002260668696,9106,0.002,,0.6485
26/02/2019,63.49,63.575,63.235,63.43,90826,182778,AD1 Curncy,Future,CME,USD,0.005,5,1000,63430,63.43,63.475,0.5081639335109787,9107,0.002,,0.6485
27/02/2019,63.49,63.545,62.97,63.09,103171,181330,AD1 Curncy,Future,CME,USD,0.005,5,1000,63090,63.09,63.135,0.5076993040386663,9108,0.002,,0.6485
28/02/2019,63.085,63.15,62.325,62.44,112974,182586,AD1 Curncy,Future,CME,USD,0.005,5,1000,62440,62.44,62.485,0.5184518621061679,9109,0.002,,0.6485
01/03/2019,62.335,62.39,61.935,61.985,109777,184116,AD1 Curncy,Future,CME,USD,0.005,5,1000,61985,61.985,62.025,0.5510973900513136,9110,0.002,,0.6485
04/03/2019,62.08,62.555,62.045,62.23,149699,188331,AD1 Curncy,Future,CME,USD,0.005,5,1000,62230,62.23,62.27,0.5672941623661506,9111,0.002,,0.6485
05/03/2019,62.2,62.745,61.875,62.47,128250,191409,AD1 Curncy,Future,CME,USD,0.005,5,1000,62470,62.47,62.51,0.5695621124934901,9112,0.002,,0.6485
06/03/2019,62.71,63.435,62.35,63.4,152655,187063,AD1 Curncy,Future,CME,USD,0.005,5,1000,63400,63.4,63.44,0.566897771490914,9113,0.002,,0.6485
07/03/2019,63.34,63.645,63.23,63.37,131315,180048,AD1 Curncy,Future,CME,USD,0.005,5,1000,63370,63.37,63.415,0.5627480934260759,9114,0.002,,0.6485
08/03/2019,63.335,63.385,62.825,63.095,111159,175738,AD1 Curncy,Future,CME,USD,0.005,5,1000,63095,63.095,63.135,0.5384249405949445,9115,0.002,,0.6485
11/03/2019,63.045,63.315,62.65,62.695,121660,165929,AD1 Curncy,Future,CME,USD,0.005,5,1000,62695,62.695,62.74,0.4867295621334884,9116,0.002,,0.6485
12/03/2019,62.79,63.12,62.595,63.07,193162,147446,AD1 Curncy,Future,CME,USD,0.005,5,1000,63070,63.07,63.115,0.4786939697287301,9117,0.002,,0.6485
13/03/2019,63.02,63.275,62.81,63.195,158490,146721,AD1 Curncy,Future,CME,USD,0.005,5,1000,63195,63.155,63.195,0.4780156029405792,9118,0.002,,0.6485
14/03/2019,63.255,63.385,62.735,62.91,104533,173728,AD1 Curncy,Future,CME,USD,0.005,5,1000,62910,62.865,62.91,0.47657309686410576,9119,0.002,,0.6485
15/03/2019,62.865,63.36,62.825,63.285,79925,180657,AD1 Curncy,Future,CME,USD,0.005,5,1000,63285,63.24,63.285,0.47376040004905035,9120,0.002,,0.6485
18/03/2019,63.295,63.965,63.255,63.955,77697,182873,AD1 Curncy,Future,CME,USD,0.005,5,1000,63955,63.605,63.955,0.5006308520136895,9121,0.002,,0.6485
19/03/2019,63.885,63.955,63.485,63.65,92230,178845,AD1 Curncy,Future,CME,USD,0.005,5,1000,63650,63.65,63.695,0.5095811188168268,9122,0.002,,0.6485
20/03/2019,63.645,63.705,63.235,63.625,74636,177462,AD1 Curncy,Future,CME,USD,0.005,5,1000,63625,63.625,63.675,0.5142206886683943,9123,0.002,,0.6485
21/03/2019,63.62,63.685,62.75,63.055,96920,180010,AD1 Curncy,Future,CME,USD,0.005,5,1000,63055,63.055,63.1,0.5139866243278426,9124,0.002,,0.6485
22/03/2019,63.055,63.105,62.62,62.795,67991,178400,AD1 Curncy,Future,CME,USD,0.005,5,1000,62795,62.795,62.84,0.5192131065255713,9125,0.002,,0.6485
25/03/2019,62.795,63.1,62.72,62.88,78922,179161,AD1 Curncy,Future,CME,USD,0.005,5,1000,62880,62.88,62.925,0.5149080014798224,9126,0.002,,0.6485
25/03/2025,62.91,63.3,62.825,63.03,65050,178519,AD1 Curncy,Future,CME,USD,0.005,5,1000,63030,63.03,63.08,0.5102085357850767,9127,0.002,,0.6485
26/03/2025,63.075,63.345,62.83,62.915,75435,180718,AD1 Curncy,Future,CME,USD,0.005,5,1000,62915,62.915,62.96,0.5062141345201266,9128,0.002,,0.6485
27/03/2025,62.965,63.225,62.825,63.04,71524,178840,AD1 Curncy,Future,CME,USD,0.005,5,1000,63040,63.04,63.09,0.4676566582312025,9129,0.002,,0.6485
