Date,AD1_std_dev,AD1_icv,AD1_ivv,AD1_vol_scalar,AD1_alpha_trades_needed
2023-01-03,0.5590872024883597,560.582,363.537427,343.8435514921549,
2023-01-04,0.5896780901358368,589.8309999999999,382.50540349999994,326.79276908567914,
2023-01-05,0.5772185461211865,575.9174999999999,373.48249874999993,334.6877040245785,-270.3897981074997
2023-01-06,0.6339311871064877,634.8000000000002,411.6678000000001,289.32019303735603,-308.518404225104
2023-01-09,0.7222159187663528,723.0079999999999,468.8706879999999,240.5867331898997,-243.8485431717262
2023-01-10,0.7499626657282047,753.2990000000001,488.5144015,219.42273448251845,-176.62426171514696
2023-01-11,0.7965732860108475,796.7774999999998,516.7102087499999,197.96592014944724,-160.2734741462803
2023-01-12,0.8876954244856439,887.476,575.528186,169.69771604041821,-148.84262951963885
2023-01-13,0.9648293458704054,964.3439999999998,625.3770839999999,149.13863015344413,-116.03213830089089
2023-01-16,1.0242032675789208,1020.9780000000001,662.104233,134.68477647114358,-93.93531388874607
2023-01-17,1.0882852337443436,1085.62,704.0245699999999,120.77976975382727,-81.08028417060845
2023-01-18,1.118435365433618,1120.4795,726.6309557499999,111.15460270824805,-57.282132063949646
2023-01-19,1.1180218766431145,1116.052,723.7597219999999,106.01678820814963,-50.852249153549465
2023-01-20,1.128697885464725,1131.4080000000001,733.7180880000001,98.65465191961685,-60.43616849857671
2023-01-23,1.156741183952782,1153.4939999999997,748.0408589999997,90.20595675958295,-57.18779982967557
2023-01-24,1.17904700216704,1179.6045,764.9735182499999,81.71408766771678,-48.703287127627306
2023-01-25,1.2341036558243448,1230.9815,798.2915027500001,72.92855050843956,-40.18251890277621
2023-01-26,1.2422055989189549,1239.8370000000002,804.0342945000001,67.75810704480699,-29.81682204394302
2023-01-27,1.2218961698874091,1225.242,794.5694369999999,64.47430703230333,-21.790914467896535
2023-01-30,1.1875269470565546,1187.676,770.2078859999999,62.86825956705885,-15.571850434260455
2023-01-31,1.1506694790361869,1151.5135,746.75650475,61.615002080571806,-17.34017079507403
2023-02-01,1.140265210372284,1141.4400000000003,740.2238400000001,59.20217495535712,-19.768271894958822
2023-02-02,1.1144397695637491,1112.0310000000002,721.1521035000001,57.93797389059336,-14.919805347055927
2023-02-03,1.0610313378903002,1061.208,688.193388,57.81247160964922,-13.084223705853532
2023-02-06,1.0314777829172743,1033.3500000000001,670.127475,56.62192701880103,-28.99470963320846
2023-02-07,0.9187111442950416,917.466,594.9767009999999,60.483672134891904,-34.82309355631053
2023-02-08,0.8854618380550859,887.4879999999999,575.5359679999999,59.38500804736778,-42.48085676323679
2023-02-09,0.768075951095893,771.1725,500.10536625,64.95755907045823,-42.29982074672695
2023-02-10,0.7577213647851413,754.389,489.22126649999996,63.65253037766054,-49.08144858993789
2023-02-13,0.7536960041368495,752.7600000000002,488.1648600000001,61.230915627601526,-50.82437101976757
2023-02-14,0.7297643455151624,727.5840000000001,471.838224,60.70972923619042,-46.65186455417836
2023-02-15,0.7403840782448731,739.049,479.27327649999995,57.237983773833534,-44.063514216707624
2023-02-16,0.7675528211911693,766.1775000000001,496.8661087500001,52.72632928923661,-46.27371208407405
2023-02-17,0.7922558509209864,793.7874999999999,514.77119375,48.41719278290191,-45.01143165385874
2023-02-20,0.8239754749496823,826.14,535.7517899999999,44.38402365230012,-42.68233796789126
2023-02-21,0.8663824694201627,864.1709999999999,560.4148935,40.73793638820812,-40.63142634286795
2023-02-22,0.9423577257701048,945.3389999999999,613.0523414999999,35.905371557841924,-39.66887942733797
2023-02-23,0.9994508908989096,1000.9230000000001,649.0985655000001,32.708007754777896,-38.391544433881435
2023-02-24,1.114642132398854,1117.0140000000001,724.383579,28.38443833654805,-36.65607477763471
2023-02-27,1.1935617216209276,1192.7145,773.47535325,25.885822477844826,-35.31718847192818
2023-02-28,1.2460986785371768,1246.4375,808.31471875,24.24447887850905,-34.26901547018214
2023-03-01,1.2451070904352588,1242.7360000000003,805.9142960000001,23.832837803570605,-33.627760539266006
2023-03-02,1.2328861801962443,1231.6815000000001,798.74545275,23.58671274415837,-33.04764763040928
2023-03-03,1.1798295074510885,1178.241,764.0892885,24.02863834097495,-33.728369978700044
2023-03-06,1.1725912189046683,1169.6280000000002,758.5037580000001,23.470458868363885,-32.61812690803149
2023-03-07,1.2512443806010685,1251.435,811.5555975,20.979384532800122,-31.312167364505505
2023-03-08,1.2138749249074938,1210.6365,785.09777025,20.70252234604641,-30.806424681989576
2023-03-09,1.1908856298231407,1190.25,771.877125,20.13629395165147,-31.74208548247354
2023-03-10,1.241862277651049,1242.3979999999997,805.6951029999998,18.41360503783957,-31.197474405918843
2023-03-13,1.2508634351196588,1252.4325000000001,812.20247625,17.64309685789699,-30.29030912013364
2023-03-14,1.2257344736875373,1227.6554999999998,796.1345917499999,17.377131958397314,-25.853815678932143
2023-03-15,1.2236095169563357,1223.048,793.146628,16.892130938568787,-25.83624668573032
2023-03-16,1.192326052995922,1194.288,774.495768,16.774407547348627,-25.631804333515376
2023-03-17,1.152398115519488,1151.685,746.8677224999999,16.893173384913474,-24.42803191490881
2023-03-20,1.0699301768431304,1071.4215000000002,694.8168427500001,17.64464273228575,-23.399547052080166
2023-03-21,0.9513785173734082,949.554,615.785769,19.362107578198298,-23.002986132716497
2023-03-22,0.8878297509393254,891.066,577.856301,20.07369510234883,-24.653892198107197
2023-03-23,0.8195460125295083,817.217,529.9652245,21.254644343363076,-24.100513565303785
2023-03-24,0.7416823219229733,740.2035000000001,480.02196975000004,22.819967644450706,-26.332533454055522
2023-03-27,0.6615961129368043,660.231,428.15980349999995,24.830677824666893,-29.387886898569874
2023-03-28,0.5858623985087673,584.8574999999998,379.2800887499999,27.132327334795445,-32.376444138286935
2023-03-29,0.5502301033686988,549.359,356.2593115,27.866748741247996,-32.93984214602016
2023-03-30,0.505633431107104,504.6,327.2331,29.248146542131487,-33.75521639667909
2023-03-31,0.5013606486218082,502.57500000000005,325.9198875,28.296988173521445,-33.30631292328161
2023-04-03,0.5401124111267364,537.5160000000001,348.57912600000003,25.508657440165447,-31.80825529403759
2023-04-04,0.5486678564059797,547.56,355.09265999999997,24.138486009146153,-25.01744468911118
2023-04-05,0.5440463368621599,546.0615,354.12088275,23.52836708653467,-23.187959359087372
2023-04-06,0.5400792380010608,542.5380000000001,351.83589300000006,23.10952041316591,-22.533363647278296
2023-04-07,0.5181419528660274,521.3910000000001,338.1220635,23.48168960372554,-23.535061509021368
2023-04-10,0.5195290335035805,519.3629999999999,336.80690549999997,22.893383964210297,-25.071771631702354
2023-04-11,0.4739174506034604,473.57,307.110145,24.385653738570056,-25.880879466153957
2023-04-12,0.4454835387753399,443.2890000000001,287.47291650000005,25.298095003752007,-28.267397967177548
2023-04-13,0.4567431809231164,456.00200000000007,295.71729700000003,23.756276537761934,-27.705047451598354
2023-04-14,0.4088940367867287,410.07249999999993,265.93201624999995,25.469087939606514,-21.856704624031213
2023-04-17,0.4080492208705665,409.79800000000006,265.754003,24.723651993993126,-23.85346866753716
2023-04-18,0.4128566135109579,411.38399999999996,266.78252399999997,23.81074694586007,-23.22591803033941
2023-04-19,0.3899999999825487,390.42699999999996,253.19190949999995,24.221566002492406,-21.59351506681557
2023-04-20,0.3865669411452205,385.20599999999996,249.80609099999995,23.70111454843558,-22.02408087229177
2023-04-21,0.3874110650455305,388.59999999999997,252.00709999999995,22.681464521393686,-20.553807780179973
2023-04-24,0.385937926770249,389.0059999999999,252.27039099999993,21.95465986852936,-20.967635333010744
2023-04-25,0.418100865007151,417.8475,270.97410375,19.744844060393977,-20.949495881341278
2023-04-26,0.4641581088232988,462.4899999999999,299.9247649999999,17.052374473613174,-21.080757811777133
2023-04-27,0.4818908071196543,485.04849999999993,314.55395224999995,15.408767907727258,-19.80149087840212
2023-04-28,0.5016825855589429,503.76599999999996,326.69225099999994,14.044855462015617,-18.116594750630895
2023-05-01,0.5120255527345393,511.5495,331.73985075,13.171570061844601,-16.860780742927574
2023-05-02,0.5142160700066845,513.9365,333.28782025,12.51173628157798,-15.755332156071553
2023-05-03,0.5142909358068833,515.7075,334.43631374999995,11.878540972786125,-14.72360285236166
2023-05-04,0.5117414711744501,509.694,330.536559,11.424872728381207,-12.983235281474009
2023-05-05,0.5273694151033457,527.748,342.244578,10.498190002375754,-11.821792513991909
2023-05-08,0.522412911389492,523.4075,339.42976375,10.026923638542426,-9.298568257691569
2023-05-09,0.5295802583050493,528.4110000000002,342.6745335000001,9.41751234976883,-7.505346128781237
2023-05-10,0.5465022872655112,549.2610000000001,356.1957585,8.6268302835133,-6.559365293860868
2023-05-11,0.5462076070382336,543.3884999999999,352.38744224999994,8.317172661408186,-5.446179602515965
2023-05-12,0.5568495457959064,558.516,362.19762599999996,7.7656851631087624,-6.249208124107492
2023-05-15,0.5480973149478997,550.138,356.764493,7.546982793010493,-6.978524062684418
2023-05-16,0.5489901334751814,546.694,354.53105899999997,7.275347259279276,-6.845713598748706
2023-05-17,0.5542654297835166,553.4440000000001,358.90843400000006,6.875435373743171,-7.053986510198808
2023-05-18,0.5380057310597542,536.3009999999999,347.79119849999995,6.770597850337648,-6.904808466768446
2023-05-19,0.5412179166655698,539.3385,349.76101724999995,6.451580143612961,-7.403109398516959
2023-05-22,0.5440870028342564,545.9969999999998,354.07905449999987,6.121419860710694,-7.02755478098755
2023-05-23,0.5537468585191737,555.87,360.481695,5.777869301493232,-6.612887705201823
2023-05-24,0.6185498497722072,621.4425000000001,403.00546125000005,4.947720812366478,-6.508449117695633
2023-05-25,0.6856886441040595,683.4450000000002,443.2140825000001,4.2811649350264505,-6.185392678589656
2023-05-26,0.754644894406168,755.0440000000001,489.64603400000004,3.6645390460481027,-5.843519522248597
2023-05-29,0.7971028269008508,796.05,516.2384249999999,3.304339381467396,-5.392232650331762
2023-05-30,0.8439682063442994,847.0799999999999,549.33138,2.971917537258892,-4.925238305013036
2023-05-31,0.8947184380127815,896.6549999999997,581.4807674999998,2.7255872876413854,-4.571200207946503
2023-06-01,0.9055480844880864,907.6259999999999,588.5954609999999,2.6261483021154723,-4.436751523308438
2023-06-02,0.90685114544048,906.3235,587.75078975,2.559201715702119,-3.873388450918799
2023-06-05,0.9080725925387508,906.94,588.15059,2.4995952575087914,-3.4007966248468406
2023-06-06,0.9083740969373324,908.004,588.840594,2.448557055555927,-3.066356019085621
2023-06-07,0.9018149292695188,898.7625000000002,582.8474812500001,2.4093009692168943,-2.6548018265524047
2023-06-08,0.9050534974906472,906.7275000000002,588.01278375,2.320991565503223,-2.444539146257717
2023-06-09,0.8920090619794117,889.8120000000001,577.043082,2.2973442967264743,-2.035725034989067
2023-06-12,0.8636261729784465,864.4480000000001,560.5945280000001,2.299234227875822,-1.6898196599439035
2023-06-13,0.8569774890003813,859.028,557.079658,2.2836320806243533,-1.4175045921642377
2023-06-14,0.8874815490965009,886.6650000000001,575.0022525,2.1852244477415472,-1.254449820670961
2023-06-15,1.0284271972223862,1029.0684999999999,667.3509222499998,1.8631075455605801,-1.0626330297703175
2023-06-16,1.1512873229505525,1153.3854999999999,747.9704967499998,1.644285812853964,-0.5847298035920188
2023-06-19,1.2420714552660073,1241.1000000000001,804.8533500000001,1.5196180069785898,-0.27313462453477344
2023-06-20,1.2721557163544326,1272.1610000000003,824.9964085000001,1.4765934445018971,0.2129769343889345
2023-06-21,1.3060759293853856,1309.2479999999998,849.0473279999999,1.4284051936576652,-0.31644757925549083
2023-06-22,1.3145511908327765,1314.156,852.2301659999999,1.4164198599902367,-0.3354482917298982
2023-06-23,1.3136419476604717,1311.632,850.593352,1.412854915268592,-0.5264899649956134
2023-06-26,1.3127257583567065,1312.6119999999999,851.2288819999999,1.4046753459028058,-0.8558413562975363
2023-06-27,1.305315255657871,1307.3775,847.83430875,1.4002432655476975,-0.989342142737919
2023-06-28,1.2767896916302075,1278.1425,828.87541125,1.4213356267933064,-1.0573610364369213
2023-06-29,1.2253826613156955,1227.1975,795.8375787499999,1.4508351835527076,-1.326367787644692
2023-06-30,1.1619061924210743,1161.9720000000002,753.538842,1.4881289447929704,-1.4827026952914892
2023-07-03,1.1021909997756336,1101.8700000000001,714.5626950000001,1.507144712238841,-1.4917647154476334
2023-07-04,1.026819442089526,1029.8750000000002,667.8739375000001,1.542057487093646,-1.496374769869423
2023-07-05,0.9258459194990338,927.1299999999999,601.2438049999998,1.6330072510000726,-1.4852497060951086
2023-07-06,0.8918193015701098,889.8270000000001,577.0528095000001,1.6209732707438178,-1.5808948346135236
2023-07-07,0.8622194229543012,865.5255000000001,561.29328675,1.5905219279126452,-1.6697252550909203
2023-07-10,0.835425889383953,836.4375,542.42971875,1.5662872399914827,-1.5201860841921664
2023-07-11,0.8311714624470087,830.0559999999999,538.2913159999999,1.5035514089429687,-1.4481070015380137
2023-07-12,0.8276146446180566,830.5150000000001,538.5889775,1.43651847901312,-1.3435754182862043
2023-07-13,0.8894544207843951,890.874,577.7317889999999,1.281157703892393,-1.0847346092224788
2023-07-14,0.9142219825182232,911.5820000000002,591.1609270000001,1.2051720450908399,-0.6852746251381563
2023-07-17,0.9296095954680126,929.764,602.951954,1.1431638643456616,-0.5534736372748047
2023-07-18,0.9404461707010088,942.1259999999999,610.9687109999999,1.0932256602298172,-0.486205840018337
2023-07-19,0.9339049737452928,936.9509999999998,607.6127234999998,1.0664439705893525,-0.4436556448405523
2023-07-20,0.8845337754920477,883.1550000000001,572.7260175,1.0994059278208757,-0.45895560070611163
2023-07-21,0.8242376780918508,822.6460000000001,533.485931,1.1483588080960727,-0.5149497029053766
2023-07-24,0.7639713672555213,763.202,494.936497,1.2036393557600067,-0.6621864733585296
2023-07-25,0.7620086941671149,761.264,493.67970399999996,1.1736918587594105,-0.771962792299361
2023-07-26,0.7519010905606377,753.8009999999999,488.83994849999993,1.1515467280189948,-0.7072177176149577
2023-07-27,0.7496679820558027,752.0800000000002,487.72388000000007,1.1149511764108484,-0.658231694298849
2023-07-28,0.7592250434837866,759.525,492.55196249999995,1.0634419999407643,-0.7881217089053476
2023-07-31,0.7551820972363458,753.6480000000001,488.74072800000005,1.0291438670696211,-0.9046044576954068
2023-08-01,0.7889310806314455,787.6610000000001,510.7981585,0.9353404919491622,-0.8821630933263993
2023-08-02,0.8379526140060927,839.1040000000002,544.158944,0.8257651458363516,-0.9301852338606323
2023-08-03,0.8873618671768903,885.1949999999999,574.0489574999999,0.7397423145724862,-0.9476665099118027
2023-08-04,0.929422984071124,928.0619999999999,601.8482069999999,0.6680179046176892,-0.9216757380946854
2023-08-07,0.9674849266627816,967.7009999999999,627.5540984999999,0.6120100523050495,-0.8567473027799789
2023-08-08,1.0260633508640578,1027.879,666.5795314999999,0.5518211407490957,-0.7925101326440777
2023-08-09,1.0763858508854525,1073.7079999999999,696.2996379999998,0.5079457409843915,-0.7448706303962646
2023-08-10,1.11764998992816,1119.2804999999998,725.8534042499998,0.4685824365859641,-0.7058394269451065
2023-08-11,1.1903063331147663,1189.5915000000002,771.4500877500001,0.42731326734339053,-0.6591030813719901
2023-08-14,1.2627334767558136,1264.8674999999998,820.2665737499999,0.39146099279880425,-0.6292827299588236
2023-08-15,1.336949263554853,1339.0829999999999,868.3953254999999,0.3622394622791526,-0.6036003591533458
2023-08-16,1.3968476414125943,1395.8525,905.2103462499999,0.34013152050853324,-0.5843350910277032
2023-08-17,1.3980798737268263,1395.6360000000002,905.0699460000001,0.33148864178315685,-0.5873361266345951
2023-08-18,1.402214706569611,1404.1184999999998,910.5708472499998,0.3200657710233448,-0.6008336744556863
2023-08-21,1.3895047978759112,1387.044,899.498034,0.3144251657315418,-0.5988323196384542
2023-08-22,1.3589602336542397,1356.4134999999999,879.6341547499999,0.31306277471819294,-0.595115315382855
2023-08-23,1.3154711766715537,1314.628,852.5362579999999,0.315032312527941,-0.590461300847676
2023-08-24,1.2734500382767449,1272.5459999999998,825.2460809999999,0.3171923963821839,-0.5520969346914536
2023-08-25,1.2496598870574471,1252.6799999999998,812.3629799999999,0.3156640501177668,-0.550318561260142
2023-08-28,1.2018384181413444,1202.1295,779.58098075,0.32214258486305125,-0.5576285885775727
2023-08-29,1.0823486422223407,1082.1599999999999,701.7807599999999,0.3502490048644053,-0.5835738213714377
2023-08-30,0.9366190527569176,933.9839999999998,605.6886239999999,0.39743289824736333,-0.5948555930110264
2023-08-31,0.8427159960433328,842.1400000000001,546.12779,0.43035184139904675,-0.6236030210516089
2023-09-01,0.7794202973924528,777.36,504.11796,0.45578245994057154,-0.6517664140479105
2023-09-04,0.6201259952520828,619.6320000000001,401.83135200000004,0.5582785256806901,-0.7070189841466239
2023-09-05,0.5910141707162578,593.8515,385.11269775,0.5645820887202346,-0.8225153267199764
2023-09-06,0.6001197797002324,599.861,389.00985849999995,0.5208418440303108,-0.8530135688074103
2023-09-07,0.6003893181268464,599.7669999999999,388.9488994999999,0.4816112945923827,-0.8331886298635127
2023-09-08,0.5757482088443894,573.6600000000001,372.01851000000005,0.46378225826481545,-0.8077881973701484
2023-09-11,0.5145910997943404,514.32,333.53652,0.47769656977104163,-0.8238949782819183
2023-09-12,0.4760383387791046,475.48699999999997,308.35331949999994,0.4766578493965336,-0.774536676335086
2023-09-13,0.4271663415122037,424.94100000000003,275.5742385,0.4919371207154179,-0.7541216492089127
2023-09-14,0.3707456450464856,368.106,238.71674099999998,0.5215686535314232,-0.7538069818694442
2023-09-15,0.349157557540445,348.48900000000003,225.99511650000002,0.5039339359682127,-0.7242809704579012
2023-09-18,0.33550235963544,335.60800000000006,217.64178800000002,0.477993001161617,-0.6671719482507393
2023-09-19,0.3387277667797752,336.752,218.383672,0.4351407523740502,-0.5622034334795288
2023-09-20,0.3561041514139802,356.9775000000001,231.49990875000003,0.3766260310463261,-0.5223164876917379
2023-09-21,0.3482755135247545,347.625,225.4348125,0.3552943606165771,-0.4260238735870544
2023-09-22,0.3459939787350681,348.89400000000006,226.25775900000002,0.32811636656539767,-0.42194375003246126
2023-09-25,0.343629766833802,341.267,221.3116495,0.31003664390291225,-0.37959021463247883
2023-09-26,0.3478453918830262,346.2480000000001,224.54182800000007,0.28287245539558226,-0.3652666963870088
2023-09-27,0.3668465846294276,369.518,239.63242299999996,0.24623197802993083,-0.3488076757111951
2023-09-28,0.3662896167255359,367.0515,238.03289774999996,0.23008384665729376,-0.33621817060819814
2023-09-29,0.366804103013585,367.93499999999995,238.60584749999995,0.21182994569966315,-0.29242431198953917
2023-10-02,0.3832804673529242,382.95000000000005,248.34307500000003,0.1878592138094232,-0.25100410056321065
2023-10-03,0.4363018832425234,436.18350000000004,282.86499975,0.15270772480156322,-0.22995621503887928
2023-10-04,0.4573193632328153,456.372,295.957242,0.1350982001862504,-0.20873079500485167
2023-10-05,0.4488607801843292,447.16,289.98326,0.12716708209198585,-0.19648959482645723
2023-10-06,0.4330577328575225,436.01600000000013,282.75637600000005,0.11953986760265937,-0.17617374651134066
2023-10-09,0.4270394204922645,424.24800000000005,275.12482800000004,0.11116877365907114,-0.15495477578861297
2023-10-10,0.4240403872129302,425.04,275.63844,0.09957687302084514,-0.1340429643366964
2023-10-11,0.4166050287594758,417.43000000000006,270.70335500000004,0.09133662138239766,-0.1122250537600179
2023-10-12,0.4510928396546487,449.1815,291.29420275,0.07664581437079733,-0.0996647158869636
2023-10-13,0.491564085331411,492.375,319.3051875,0.06245646807542569,-0.09169087607441993
2023-10-16,0.5057729233437878,508.40000000000003,329.6974,0.05316715545629955,-0.08154224297242191
2023-10-17,0.5117667925801082,509.76000000000005,330.57936,0.04670270324427782,-0.06946588237609044
2023-10-18,0.5224735240383784,520.741,337.7005385,0.040990529312667695,-0.05963607164932451
2023-10-19,0.5282883524374792,526.2615,341.28058274999995,0.03711615920350258,-0.05307182434345249
2023-10-20,0.5388013703160619,537.7525,348.73249625,0.03314624782697224,-0.04905095755238643
2023-10-23,0.5318652711490817,533.9459999999999,346.26398099999994,0.03052695540527183,-0.045288261509604265
2023-10-24,0.5056705119487473,503.151,326.2934235,0.029049645030485818,-0.040758083696900385
2023-10-25,0.4785597315430365,480.32,311.48751999999996,0.02718093731955121,-0.03712174386533789
2023-10-26,0.4723793496628494,475.42499999999995,308.31311249999993,0.024253825126379285,-0.03590336910486913
2023-10-27,0.4446276531975044,444.18499999999995,288.05397249999993,0.022686837705929455,-0.03212831005072471
2023-10-30,0.4247849455759127,427.862,277.468507,0.02081434725440406,-0.029622791151705682
2023-10-31,0.4183685575995683,419.232,271.871952,0.019185413524812463,-0.025191359196062784
2023-11-01,0.4198350866565822,421.57500000000005,273.3913875,0.017555570517794175,-0.02314468887846738
2023-11-02,0.4198350866565822,418.56750000000005,271.44102375,0.01640525530490707,-0.01992533656322633
2023-11-03,0.4963249943211862,495.976,321.64043599999997,0.012887859929106345,-0.01618470827826599
2023-11-06,0.5571315673350721,559.0,362.51149999999996,0.010699334798831277,-0.010167301524201486
2023-11-07,0.557308786330531,560.28,363.34157999999996,0.010117878075123979,-0.007001974860194469
2023-11-08,0.5513670888387595,551.002,357.32479699999993,0.009886514379215318,-0.007097959761847364
2023-11-09,0.5517127120653746,554.6685000000001,359.7025222500001,0.009479812236887127,-0.007721577668223876
2023-11-10,0.5505600935906463,553.5375,358.96906875,0.009191478151681642,-0.008368317219598761
2023-11-13,0.5427033412966514,542.895,352.06740749999994,0.008921963113015519,-0.008963086751165897
2023-11-14,0.5946128292044617,592.8650000000001,384.4729525000001,0.007666593208558532,-0.008758298108868549
2023-11-15,0.6471361268346214,645.1335000000001,418.3690747500001,0.006553189523342939,-0.00633795998975488
2023-11-16,0.657155676625524,654.1769999999999,424.2337844999999,0.006051678358752733,-0.004555531999794263
2023-11-17,0.6769369123641493,677.6120000000001,439.43138200000004,0.005515334868360118,-0.004150246694815106
2023-11-20,0.74486564783259,742.1274999999999,481.26968374999996,0.004765123122388818,-0.0035375133944564375
2023-11-21,0.7988346720824187,800.625,519.2053125,0.004205807961660878,-0.002527115309324561
2023-11-22,0.8352473685407918,833.4375,540.48421875,0.0038731806466278905,-0.0018207937907849174
2023-11-23,0.8472690442362129,844.3695,547.57362075,0.003689417023436788,-0.0014075266075654954
2023-11-24,0.8727231328744695,870.408,564.4595879999999,0.0034592381661006865,-0.0013616005827063282
2023-11-27,0.9126563792875066,912.525,591.7724625,0.0031926264344646353,-0.0011218990033749574
2023-11-28,0.977061922289196,978.5055,634.56081675,0.0028669218507041024,-0.0008308311773608788
2023-11-29,0.9766166938231532,974.1689999999999,631.7485964999998,0.002783194888262575,-0.0002748590219778528
2023-11-30,0.9649697749950586,965.3520000000001,626.0307720000001,0.0027192581453270213,-0.0001942163119353084
2023-12-01,0.9825946943275332,981.1515,636.27674775,0.0024950099913348825,-0.00036208827990071154
2023-12-04,0.9771102377182972,979.8340000000001,635.422349,0.002299070255121216,-0.00022060746834126838
2023-12-05,0.9198929738401832,917.5600000000001,595.03766,0.0023651341267282126,-0.00013315382875199932
2023-12-06,0.878465850211133,878.571,569.7532935,0.0023415438528169444,-0.0006343130426158606
2023-12-07,0.871271436840324,871.9260000000002,565.444011,0.0022255314289707224,-0.0008435551315602394
2023-12-08,0.8760680624170274,875.406,567.700791,0.0021163067024503233,-0.0008031288693831091
2023-12-11,0.8745385926230533,873.4775000000001,566.45015875,0.002058594612977782,-0.0007842094761782109
2023-12-12,0.8516174806334222,854.6850000000001,554.2632225,0.0019691648835584866,-0.0008526813759361582
2023-12-13,0.8450635084538682,842.3100000000001,546.238035,0.0018974364386028552,-0.0008402260752355484
2023-12-14,0.8152932498925122,812.636,526.9944459999999,0.0018716223722046934,-0.0006469213698391443
2023-12-15,0.7511005813605932,753.256,488.48651599999994,0.0019257427547718373,-0.00030341894983697444
2023-12-18,0.6783477475848853,678.7705000000001,440.18266925,0.0020441361374476967,-1.6585585614349715e-05
2023-12-19,0.7456418934851381,745.635,483.54429749999997,0.0017870935057164715,-0.0003943450987039252
2023-12-20,0.7831569659525821,784.7979999999999,508.9415029999999,0.0016224625729336884,-0.00010459402610322088
2023-12-21,0.8212803520438807,817.9800000000001,530.4600300000001,0.0014824715099616894,2.2274503145074728e-05
2023-12-22,0.8630673496237679,865.6955000000002,561.4035317500001,0.001330485237966664,9.368572123795937e-05
2023-12-25,0.9163613279268592,913.9470000000001,592.6946295,0.0011964904375602842,0.00018460117232189303
2023-12-26,0.968585867809262,971.493,630.0132105,0.0010689252881726998,0.00021155991264198743
2023-12-27,1.0174464359298865,1015.0579999999999,658.2651129999999,0.00097295729695021,0.0002785034267694486
2023-12-28,1.0357918468429683,1034.4254999999998,670.8249367499999,0.0009083971499185266,0.0003583728422517199
2023-12-29,1.0641300437382248,1061.8274999999999,688.5951337499998,0.0008449438450499735,0.00035717691393826845
2024-01-01,1.07904869367402,1079.219,699.8735215,0.0007932384624024286,0.00035562313957536104
2024-01-02,1.081997573928081,1084.4000000000003,703.2334000000002,0.0007533268255941199,0.0003110537184146261
2024-01-03,1.0686347598624286,1065.8680000000002,691.215398,0.0007320174011153576,0.00016684818442309153
2024-01-04,1.0456569705148109,1048.086,679.683771,0.0007115008264671066,5.3253403416626995e-05
2024-01-05,1.0409771851420195,1042.9174999999998,676.3319987499998,0.000686042319839283,-6.408527904668297e-05
2024-01-08,1.0184321283159623,1017.3625,659.7595812499999,0.0006748306726652385,-0.00010576204558708426
2024-01-09,0.954041927792566,951.1160000000001,616.798726,0.0006917211048181844,-0.00010040269988165012
2024-01-10,0.8805655379656836,879.5995000000001,570.4202757500001,0.0007181174414455022,-0.00018894847522307073
2024-01-11,0.8391621813766258,837.5625,543.1592812499999,0.0007205937495979714,-0.00023662550944621798
2024-01-12,0.7743110916503487,777.2579999999999,504.0518129999999,0.0007393291055763383,-0.0002725972128140281
2024-01-15,0.6844766857383802,683.451,443.21797349999997,0.0007954695774391241,-0.000285286533693269
2024-01-16,0.6603390543143178,659.75,427.847875,0.0007779984596852891,-0.0003717493195472476
2024-01-17,0.7618197512006467,760.38,493.10643,0.0006344335079557274,-0.0006276861711796142
2024-01-18,0.8399872518791206,841.152,545.487072,0.0005355559889890357,-0.0006155813436269715
2024-01-19,0.8833415251113931,885.4050000000002,574.1851425000001,0.0004744442381553749,-0.0005698141056136737
2024-01-22,0.9368926032294972,934.857,606.2547645,0.00041667842489226837,-0.0004996230287585102
2024-01-23,0.9799979591744956,980.7179999999998,635.9956229999999,0.00036516210934192596,-0.00045185303354345686
2024-01-24,1.0131284880603926,1014.9370000000001,658.1866445,0.0003221767613085124,-0.0004074397223212573
2024-01-25,1.02351323065194,1021.6825000000001,662.5611012500001,0.000292817651132293,-0.0003585333128787935
2024-01-26,1.0253759473088917,1028.352,666.8862720000001,0.00026628028120511104,-0.0003262366224381976
2024-01-29,1.0108525691973946,1011.024,655.649064,0.000247728612481212,-0.00029560226874940804
2024-01-30,0.9734443572454512,972.3314999999999,630.5569777499999,0.00023709391846641302,-0.00026543047223076224
2024-01-31,0.9145908465828044,911.4899999999999,591.1012649999999,0.0002331425423266254,-0.00024052666165685959
2024-02-01,0.8546610926675918,855.595,554.8533575,0.00022953505785695117,-0.00023381483256880938
2024-02-02,0.8034181144666512,802.698,520.5496529999999,0.00022654836472472224,-0.00024009489921368655
2024-02-05,0.7729342360898961,772.3695,500.88162074999997,0.0002186308931290559,-0.00026477452619357294
2024-02-06,0.7452696379968213,743.9639999999999,482.4606539999999,0.00021016589100610479,-0.0002891789511016741
2024-02-07,0.7279365814775929,730.9680000000002,474.0327480000001,0.00019751948959203733,-0.00028029681949411474
2024-02-08,0.7361109517728895,733.9914999999999,475.9934877499999,0.00018296622980002418,-0.0002644416093981571
2024-02-09,0.7094133726678857,711.4975000000001,461.40612875,0.00017567873142432694,-0.0002572658188179775
2024-02-12,0.661127320052697,659.9844999999999,427.99994824999993,0.00017562723857268077,-0.0002426231577179821
2024-02-13,0.6828529002062645,683.647,443.3450795,0.00015719313757767787,-0.00022905330805254333
2024-02-14,0.6459678139454637,643.1535000000001,417.08504475000007,0.0001547064533997022,-0.00022179061676176238
2024-02-15,0.5955549232887869,594.0480000000001,385.240128,0.0001549934034070095,-0.00021732167012984325
2024-02-16,0.5312044490152016,528.7680000000001,342.90604800000006,0.0001608683995233515,-0.00020634934730176283
2024-02-19,0.4448618699329493,444.6520000000001,288.356822,0.0001763406749498966,-0.0002083549897383535
2024-02-20,0.4355288930181112,432.63,280.56055499999997,0.00016764257285124899,-0.00021025622861962803
2024-02-21,0.4354913891076555,432.399,280.4107515,0.0001544214028701575,-0.00018672219888581695
2024-02-22,0.4339179069673404,432.9270000000001,280.75315950000004,0.0001419832320791293,-0.00016524095377070183
2024-02-23,0.4199437462171861,420.448,272.660528,0.0001346018263053899,-0.000145024599578726
2024-02-26,0.4144467195192474,412.05150000000003,267.21539775,0.00012660680222286827,-0.00013045461834102038
2024-02-27,0.4084719492453212,405.88300000000004,263.2151255,0.00011931628468187083,-0.00012473655264691783
2024-02-28,0.4099459313783008,409.27950000000004,265.41775575,0.00010975080913697969,-0.00011720248406247375
2024-02-29,0.4070736010276755,409.31100000000004,265.43818350000004,0.00010088176107657643,-0.00011956948871718438
2024-03-01,0.3920866188148343,392.04,254.23794,9.61941206917249e-05,-0.00011654432884059824
2024-03-04,0.3657273574495066,364.70000000000005,236.50795000000002,9.445243567322651e-05,-0.00010639171548602116
2024-03-05,0.3276780686187047,325.3,210.95705,9.713484368128665e-05,-0.00010566059515071833
2024-03-06,0.2995445153123167,302.17400000000004,195.95983900000002,9.417864483801341e-05,-0.0001100930952654837
2024-03-07,0.3401424946308297,337.7985,219.06232724999998,7.493403411164784e-05,-9.358356733862773e-05
2024-03-08,0.3922474771369904,390.99299999999994,253.55896049999996,5.7768547905852585e-05,-6.342265338787435e-05
2024-03-11,0.411938810165192,409.944,265.848684,5.004355228539508e-05,-4.07948513244896e-05
2024-03-12,0.4321241141002986,429.325,278.4172625,4.411453186356924e-05,-3.218695822486074e-05
2024-03-13,0.4770351139978576,478.36799999999994,310.22164799999996,3.682401457739079e-05,-2.8488815024023394e-05
2024-03-14,0.476598887941352,475.164,308.143854,3.465560528056164e-05,-1.8697039342311412e-05
2024-03-15,0.4779314804309564,480.37650000000014,311.5241602500001,3.2429491623251404e-05,-1.9497374702217713e-05
2024-03-18,0.4781999233098919,479.82900000000006,311.1691065,3.077651888408976e-05,-2.019971301691553e-05
2024-03-19,0.4266396801207922,425.55499999999995,275.97241749999995,3.289812732965907e-05,-2.3584794537341264e-05
2024-03-20,0.4127788956009706,415.42199999999997,269.401167,3.185174918869574e-05,-2.5732512740579826e-05
2024-03-21,0.4092192769818499,408.27,264.76309499999996,3.0484828409656707e-05,-2.408949173746947e-05
2024-03-22,0.4081683680217607,404.922,262.591917,2.886793078228828e-05,-2.2973260595040804e-05
2024-03-25,0.4054459478815211,406.34800000000007,263.516678,2.730808540572531e-05,-2.550247778289009e-05
2024-03-26,0.406289408328857,406.007,263.29553949999996,2.5883530661728402e-05,-2.4425011172160437e-05
2024-03-27,0.407649052478821,405.697,263.09450449999997,2.4554342897027066e-05,-2.387247034928659e-05
2024-03-28,0.4096263541166302,412.2405,267.33796424999997,2.2958942848547784e-05,-2.3065442029193122e-05
2024-03-29,0.4138078257519489,411.57899999999995,266.9089815,2.1890757680627134e-05,-2.1840602940486185e-05
2024-04-01,0.4316013785739056,428.8349999999999,278.0994974999999,2.0017922243939428e-05,-2.1530392115791956e-05
2024-04-02,0.4367067093449553,437.14150000000006,283.48626275000004,1.8685277183213422e-05,-2.1675714829446942e-05
2024-04-03,0.4185354425297243,421.216,273.158576,1.8418630004453973e-05,-2.024600890080314e-05
2024-04-04,0.4071061491227226,410.0370000000001,265.90899450000006,1.7959485429462342e-05,-1.7391361519753763e-05
2024-04-05,0.4044597219174266,402.26449999999994,260.86852824999994,1.7443821487291954e-05,-1.4176741260118956e-05
2024-04-08,0.3972439426685292,397.08000000000004,257.50638000000004,1.682981336923254e-05,-1.2663002087256231e-05
2024-04-09,0.3884191249841892,391.406,253.826791,1.6327613466024546e-05,-1.0654482662906457e-05
2024-04-10,0.4090468595652079,410.41349999999994,266.15315474999994,1.4923515957625792e-05,-9.14679357573922e-06
2024-04-11,0.3999882289770169,399.672,259.187292,1.4652522529546372e-05,-1.1985288599009505e-05
2024-04-12,0.435992641360145,433.423,281.0748155,1.285105905062808e-05,-1.2643473683673798e-05
2024-04-15,0.4817319448132483,484.01250000000005,313.88210625,1.0881108065283459e-05,-1.3041612302848453e-05
2024-04-16,0.544742905708968,546.0825,354.13450124999997,9.055203663726316e-06,-1.2190398048657329e-05
2024-04-17,0.5514055524931563,554.4849999999999,359.5835224999999,8.300384661258963e-06,-1.1324397143601361e-05
2024-04-18,0.585952714235808,585.1755,379.48631175,7.295902588968072e-06,-1.0583970449917214e-05
2024-04-19,0.6202637207836159,623.4675,404.31867374999996,6.295106173619161e-06,-9.611348829881792e-06
2024-04-22,0.6301611566261076,633.3249999999999,410.7112624999999,5.58683514865365e-06,-8.571299946481733e-06
2024-04-23,0.6319405958266134,630.306,408.753441,5.032303978974616e-06,-7.3453743242108736e-06
2024-04-24,0.617668128248261,617.8800000000001,400.69518000000005,4.574758029830871e-06,-6.177132738074192e-06
2024-04-25,0.60423070923866,606.732,393.46570199999996,4.1501163036499765e-06,-5.364947197775476e-06
2024-04-26,0.606542455222263,609.057,394.9734645,3.6870754486654436e-06,-4.481972541128751e-06
2024-04-29,0.6139131317380171,611.8004999999999,396.75262424999994,3.332427993807959e-06,-3.626631823043629e-06
2024-04-30,0.6144114392275932,616.74,399.95589,3.0485560289059204e-06,-2.8453083843744373e-06
2024-05-01,0.6141839436632341,614.948,398.793778,2.8430923650187017e-06,-2.873626422779936e-06
2024-05-02,0.624959998709557,625.2899999999998,405.5005649999999,2.603519109055503e-06,-2.5741594661858212e-06
2024-05-03,0.6564257383642378,655.6274999999999,425.17443374999993,2.3089582200359247e-06,-2.1355802957062422e-06
2024-05-06,0.6891253514325338,690.0920000000001,447.52466200000003,2.0749596916909684e-06,-1.6104785702671807e-06
2024-05-07,0.703163506343772,706.3605,458.07478425,1.9241652568750218e-06,-1.2159689140085097e-06
2024-05-08,0.7040315452120505,704.5414999999999,456.89516274999994,1.8472692779202589e-06,-1.0699270734970588e-06
2024-05-09,0.7105823316034522,709.0355000000002,459.8095217500001,1.7442343734878338e-06,-1.0707766857941146e-06
2024-05-10,0.7179918755252941,720.817,467.4498245,1.621811509559598e-06,-9.448102231793744e-07
2024-05-13,0.7170443965708555,714.5279999999999,463.3714079999999,1.5537850714274886e-06,-8.191468232023634e-07
2024-05-14,0.7150701014494989,716.0940000000002,464.3869590000001,1.4669418390295258e-06,-7.664690879854079e-07
2024-05-15,0.7825379117463279,783.4905000000001,508.09358925000004,1.2500589961646675e-06,-7.439168319022639e-07
2024-05-16,0.833531992979444,835.75,541.983875,1.0777027537941156e-06,-5.135522580349281e-07
2024-05-17,0.872469053884959,871.5200000000001,565.1807200000001,9.56732290117978e-07,-3.4278804664727226e-07
2024-05-20,0.8769918756675458,874.8834999999999,567.3619497499999,8.77494065408726e-07,-2.0920815288203783e-07
2024-05-21,0.8490724350647836,847.2169999999999,549.4202244999999,8.513834956736322e-07,-1.5674084316019103e-07
2024-05-22,0.8091507894001052,807.5180000000001,523.675423,8.555796129481486e-07,-1.3765555475659036e-07
2024-05-23,0.7448258744969327,746.3649999999999,484.0177024999999,8.859139148235061e-07,-2.5171937966685533e-07
2024-05-24,0.6636682780727843,660.5,428.33425,9.719239654494985e-07,-3.2355101567955456e-07
2024-05-27,0.6047870148408186,603.6940000000001,391.495559,1.0434407925735844e-06,-4.3576763757927085e-07
2024-05-28,0.569956650386716,572.1150000000001,371.01657750000004,1.0875914295167247e-06,-4.726421091457986e-07
2024-05-29,0.5254444943601188,522.98,339.15253,1.1749551215234582e-06,-4.122091249739885e-07
2024-05-30,0.4924840944842882,491.50800000000004,318.742938,1.2297797396290862e-06,-5.39159324916293e-07
2024-05-31,0.472546911237386,471.90150000000006,306.02812275,1.257030861178719e-06,-5.631725563405922e-07
2024-06-03,0.4750669250957999,474.13800000000003,307.478493,1.225285517248534e-06,-5.643415972399429e-07
2024-06-04,0.3846148506232608,385.932,250.276902,1.4803385209092704e-06,-2.7576871935549263e-07
2024-06-05,0.3353409955849948,332.72499999999997,215.77216249999998,1.7036787604871692e-06,-3.980974852725457e-07
2024-06-06,0.3211161523809108,320.352,207.748272,1.7528473071925098e-06,-5.812950795209137e-07
2024-06-07,0.3365564588395122,336.0135,217.90475475,1.636400496517377e-06,-6.20114135778621e-07
2024-06-10,0.3427502735033146,343.616,222.83497599999998,1.5607392263536641e-06,-9.807269109301612e-07
2024-06-11,0.3383384646375015,337.2375,218.69851875,1.527511922515134e-06,-9.948531724169566e-07
2024-06-12,0.3340425371913634,334.675,217.0367375,1.4723186977647143e-06,-1.0260843518608302e-06
2024-06-13,0.3326142660599089,332.77500000000003,215.8045875,1.4121644889587703e-06,-8.286177035685111e-07
2024-06-14,0.3272838981474168,324.89450000000005,210.69408325000003,1.3865703680692846e-06,-7.717401920021089e-07
2024-06-17,0.3227573908060035,324.9435,210.72585974999998,1.3346273776784548e-06,-8.249963696984894e-07
2024-06-18,0.3416317461632825,342.62800000000004,222.19425800000002,1.2198780214707322e-06,-6.217484237579132e-07
2024-06-19,0.3301392382817349,327.0015,212.06047275,1.2397667971885278e-06,-6.290428125346415e-07
2024-06-20,0.3258610388697084,327.17299999999994,212.17169049999995,1.203059830958864e-06,-8.598570603680726e-07
2024-06-21,0.3028991856265947,299.65500000000003,194.3262675,1.2649455131406168e-06,-7.136608779911987e-07
2024-06-24,0.3016862332290317,300.4200000000001,194.82237000000003,1.2238409073761138e-06,-7.855970272338177e-07
2024-06-25,0.2990436144108806,299.8575000000001,194.45758875000004,1.1856957797929268e-06,-7.115091916779528e-07
2024-06-26,0.2984979061678346,299.9025,194.48677124999998,1.150869767066676e-06,-6.85185299329536e-07
2024-06-27,0.2894822964994075,286.466,185.773201,1.1670313010198383e-06,-6.673292314811608e-07
2024-06-28,0.2856851413471762,287.36899999999997,186.35879649999998,1.1274350644779442e-06,-6.929577461299059e-07
2024-07-01,0.2853579623091273,286.5305000000001,185.81502925000004,1.094692829196348e-06,-6.30006410783056e-07
2024-07-02,0.2921868694058855,293.986,190.64992099999998,1.0359950095468603e-06,-6.410359447396258e-07
2024-07-03,0.2906568709891451,293.986,190.64992099999998,1.006385888596356e-06,-5.658358681229204e-07
2024-07-04,0.3152875671296292,315.6755,204.71556174999998,9.127075145813369e-07,-5.594046586903099e-07
2024-07-05,0.380883512358435,378.81200000000007,245.65958200000003,7.393025094572668e-07,-4.925251933073473e-07
2024-07-08,0.4192329304652548,418.5,271.39725,6.520839331849443e-07,-2.788549944037793e-07
2024-07-09,0.4539941262319754,452.4175,293.39274875,5.944054498931834e-07,-1.945317561090044e-07
2024-07-10,0.4862092313532478,486.5039999999999,315.49784399999993,5.458812868036922e-07,-1.399650492777423e-07
2024-07-11,0.5266657700285495,528.3330000000001,342.62395050000003,4.963668841082382e-07,-1.0901739236336858e-07
2024-07-12,0.548674767039997,550.7595000000001,357.16753575000007,4.7098351667957215e-07,-5.4900471441202214e-08
2024-07-15,0.5532854898871808,555.5909999999999,360.3007634999999,4.63767584863628e-07,4.911037745178306e-09
2024-07-16,0.5373702944150089,539.52,349.87872,4.772618335426598e-07,2.14997912747064e-08
2024-07-17,0.5431473096557987,545.6565,353.85824025,4.6848277652646495e-07,-4.8748354103694536e-08
2024-07-18,0.5365434899921797,537.2000000000002,348.3742000000001,4.7274234601480685e-07,-6.776555474718698e-08
2024-07-19,0.5166032487828327,515.3610000000001,334.21160850000007,4.891863252166859e-07,-1.1599332896181229e-07
2024-07-22,0.5069037548223273,505.438,327.77654299999995,4.958091631705225e-07,-1.9290571304823203e-07
2024-07-23,0.4788673267753491,476.82,309.21777,5.11916487392707e-07,-3.000118061905314e-07
2024-07-24,0.5303752602195775,533.628,346.05775800000004,4.3165609571312076e-07,-4.3405204230009567e-07
2024-07-25,0.6086417254726618,609.2895,395.12424074999996,3.5022392746894076e-07,-4.4434434639280466e-07
2024-07-26,0.6632328022544991,662.6610000000001,429.7356585,2.9415440882484325e-07,-4.23974970978853e-07
2024-07-29,0.718858875802273,720.9400000000002,467.5295900000001,2.445451419164568e-07,-3.8368931390088684e-07
2024-07-30,0.7717364079267789,772.4870000000001,500.9578195,2.050751619115051e-07,-3.3844957511108536e-07
2024-07-31,0.8142237100369979,812.5719999999999,526.9529419999999,1.7352285178697037e-07,-2.9779037353528046e-07
2024-08-01,0.8901585532849984,890.363,577.4004055,1.4232453154703147e-07,-2.4962642693775054e-07
2024-08-02,0.9388323865240638,939.24,609.09714,1.2163646144418256e-07,-2.214915273719903e-07
2024-08-05,1.000690469952204,999.9220000000001,648.449417,1.037356211170804e-07,-1.9581255917955597e-07
2024-08-06,1.027263030250701,1026.78,665.8668299999999,9.350348786414925e-08,-1.7661166146821293e-07
2024-08-07,1.05730876914924,1056.888,685.3918679999999,8.520412312709047e-08,-1.510132758055286e-07
2024-08-08,1.0513743782877247,1049.241,680.4327884999999,8.051861310997423e-08,-1.386833076484365e-07
2024-08-09,1.026499999993471,1026.636,665.7734459999999,7.730975693109646e-08,-1.1050144015458137e-07
2024-08-12,1.000882235823286,1002.3639999999999,650.0330539999999,7.521191588027446e-08,-1.0085111759638802e-07
2024-08-13,0.9679937585817912,969.805,628.9185425,7.504124966051467e-08,-9.144323654363023e-08
2024-08-14,0.9280602530654964,925.47,600.167295,7.65319585977955e-08,-7.849113335365513e-08
2024-08-15,0.8704728121276107,867.3509999999999,562.4771235,7.959316269336466e-08,-7.679020608510502e-08
2024-08-16,0.7913281556893469,794.3844999999999,515.1583482499999,8.526002819655863e-08,-7.504409524111232e-08
2024-08-19,0.7597501233870974,761.168,493.61744799999997,8.719733325072641e-08,-6.781237315037445e-08
2024-08-20,0.7655457203764573,762.9194999999999,494.7532957499999,8.54832547792283e-08,-5.2980739830286467e-08
2024-08-21,0.7813969861643357,783.8700000000001,508.33969500000006,8.211277058294876e-08,-3.8427591771467845e-08
2024-08-22,0.7785844527003519,778.3599999999998,504.7664599999998,8.124348583614724e-08,-2.5694551906612046e-08
2024-08-23,0.8499179862316258,849.5,550.90075,7.28553401071693e-08,-3.4424281547704214e-08
2024-08-26,0.9127971205695176,915.4350000000001,593.6595975,6.590842574828253e-08,-2.638122872986461e-08
2024-08-27,0.9813712769996767,978.6960000000001,634.6843560000001,6.019962842597174e-08,-1.937636066740702e-08
2024-08-28,1.0275096512052562,1030.788,668.466018,5.549084475228032e-08,-1.3280631348313331e-08
2024-08-29,1.0676419889894009,1067.8355,692.4913217499999,5.182513020205461e-08,-1.0799316712553693e-08
2024-08-30,1.100275647275056,1101.843,714.5451855,4.829693584403243e-08,-7.924160855531636e-09
2024-09-02,1.105713645865502,1103.4284999999998,715.5733822499998,4.678341017022502e-08,-4.211556560337291e-09
2024-09-03,1.0854903653740209,1088.0730000000003,705.6153405000001,4.640471473159645e-08,-6.272800154664975e-09
2024-09-04,1.0637513023821883,1061.4440000000002,688.346434,4.56604798687451e-08,-1.539536167931757e-08
2024-09-05,1.0067170241200354,1003.8130000000001,650.9727305,4.6053403883955194e-08,-1.8622831564571626e-08
2024-09-06,0.9506467096945516,947.495,614.4505075,4.640973273725285e-08,-1.9526549604915017e-08
2024-09-09,0.8622602082046076,859.1399999999999,557.1522899999999,4.890107649828733e-08,-2.768841233038047e-08
2024-09-10,0.8038113377236205,805.8599999999998,522.6002099999998,5.0532344669463206e-08,-3.549114348612511e-08
2024-09-11,0.7177489115187462,714.6530000000001,463.45247050000006,5.5123214012674126e-08,-4.04698978231635e-08
2024-09-12,0.6831720134682955,686.2560000000001,445.03701600000005,5.541211876549538e-08,-4.5193945211784296e-08
2024-09-13,0.627135152886764,624.2160000000001,404.80407600000007,5.8803153230085277e-08,-3.9814398061332256e-08
2024-09-16,0.5765716202863388,573.8774999999999,372.1595587499999,6.188233892381648e-08,-4.1560807600125595e-08
2024-09-17,0.5582130716129776,554.976,359.901936,6.182184459727296e-08,-3.777082807494883e-08
2024-09-18,0.5170588296505223,516.3820000000001,334.87372700000003,6.424599562490864e-08,-4.033186099002278e-08
2024-09-19,0.490894421764534,491.508,318.742938,6.512360645647853e-08,-3.500721970876361e-08
2024-09-20,0.4916679095888959,490.896,318.346056,6.297597540839068e-08,-3.0115221251472405e-08
2024-09-23,0.5327826323365814,534.5340000000001,346.645299,5.5960653935644094e-08,-2.7742491257307816e-08
2024-09-24,0.5993417917344616,599.5169999999999,388.7867744999999,4.836953995032325e-08,-2.107981608959188e-08
2024-09-25,0.616251639607931,614.7900000000001,398.69131500000003,4.577248781468143e-08,-9.086396338159647e-09
2024-09-26,0.6686599160406074,669.785,434.35557249999994,4.090114593557683e-08,-1.504120782142131e-08
2024-09-27,0.7305570363218827,733.3610000000001,475.58460850000006,3.623927211042092e-08,-1.1702901885495453e-08
2024-09-30,0.7895726692243448,789.393,511.9213605,3.268076676498768e-08,-6.7851492303193976e-09
2024-10-01,0.8237451061985371,820.9214999999998,532.3675927499999,3.069574950472754e-08,-2.5199751354668138e-09
2024-10-02,0.8486938493862333,847.101,549.3449985,2.913197335553505e-08,-2.480461012554753e-09
2024-10-03,0.8560810417162703,855.75,554.9538749999999,2.8372138059008886e-08,-2.6686727930520275e-09
2024-10-04,0.8562939526350442,857.43,556.0433549999999,2.7786795081449808e-08,-6.066918392889838e-09
2024-10-07,0.8591036025916882,857.3135,555.9678047499999,2.6923662646905384e-08,-1.0425431864758942e-08
2024-10-08,0.8502352615517734,850.1850000000001,551.3449725,2.5873438061610358e-08,-1.633152613084146e-08
2024-10-09,0.8504154376848295,853.1225000000001,553.24994125,2.443298665757023e-08,-1.9298166202184526e-08
2024-10-10,0.8512340551532703,848.4839999999999,550.2418739999999,2.3234690858831858e-08,-2.1567179031036377e-08
2024-10-11,0.8174822627959564,818.1414999999998,530.5647627499999,2.2656580580361585e-08,-2.19694079323829e-08
2024-10-14,0.7832146895877176,779.8679999999999,505.74439799999993,2.2356819001319755e-08,-2.113312529524708e-08
2024-10-15,0.7542504557413108,751.128,487.106508,2.1862530588729093e-08,-2.2390208211523626e-08
2024-10-16,0.7607645277302596,760.3229999999999,493.06946549999986,2.032565305129093e-08,-2.3596936493534343e-08
2024-10-17,0.7738266386295126,777.142,503.976587,1.8715477573673464e-08,-2.422076974805561e-08
2024-10-18,0.7757089230628448,778.1279999999999,504.6160079999999,1.76895159656506e-08,-2.290337395604654e-08
2024-10-21,0.8197001484197363,818.9954999999999,531.1185817499999,1.6060426534553397e-08,-2.1401180249844864e-08
2024-10-22,0.846900328641268,848.995,550.5732575,1.4848876571266409e-08,-2.070709563387849e-08
2024-10-23,0.9065124562406116,908.1044999999999,588.9057682499999,1.3291713855967238e-08,-1.903987757256669e-08
2024-10-24,0.944554039385477,943.164,611.641854,1.236014572541157e-08,-1.839429122912624e-08
2024-10-25,0.9961951783257432,998.1855000000002,647.32329675,1.1376315513786733e-08,-1.7664094138165307e-08
2024-10-28,1.0440313692539025,1047.015,678.9892275000001,1.0583679324446512e-08,-1.7224458440295508e-08
2024-10-29,1.0775457453489272,1075.6760000000002,697.5758860000001,1.0047616806455478e-08,-1.7149155534991323e-08
2024-10-30,1.1073343367382873,1106.112,717.313632,9.557040794275262e-09,-1.7414052035487586e-08
2024-10-31,1.0904210578119284,1091.865,708.0744525,9.457502615582309e-09,-1.704335765885465e-08
2024-11-01,1.0536995539461993,1056.5625,685.18078125,9.568615880732725e-09,-1.7312616937653913e-08
2024-11-04,0.9756959908973428,975.1720000000001,632.399042,1.0100946708024868e-08,-1.8391607218055623e-08
2024-11-05,0.8822798119945817,882.7875000000003,572.4876937500002,1.0787306823018588e-08,-1.8977504081001874e-08
2024-11-06,0.7940422952546352,796.6640000000001,516.636604,1.1522929756821042e-08,-1.8273142522846227e-08
2024-11-07,0.7053617275223276,707.02,458.50246999999996,1.2508187355445452e-08,-1.9306507721583825e-08
2024-11-08,0.6590875637222458,658.15,426.810275,1.2875388232436386e-08,-1.7494754295200097e-08
2024-11-11,0.6487595856607381,650.43,421.80385499999994,1.2467574519046508e-08,-1.7856013052106547e-08
2024-11-12,0.652705906198751,653.35,423.697475,1.1942160729211889e-08,-1.794522807783165e-08
2024-11-13,0.6985360882971192,700.5960000000001,454.33650600000004,1.077289722455939e-08,-1.7803671200663802e-08
2024-11-14,0.7319939662684976,731.2794999999999,474.23475574999986,9.98638113904759e-09,-1.755134728311795e-08
2024-11-15,0.7389632376874654,736.0979999999998,477.3595529999999,9.569237750188908e-09,-1.7590937481647228e-08
2024-11-18,0.7245810283560971,722.166,468.324651,9.391564414696168e-09,-1.7824264569549043e-08
2024-11-19,0.6996789739970813,698.9775000000001,453.28690875,9.298042518467544e-09,-1.6966377029446355e-08
2024-11-20,0.7041380664710839,701.7840000000001,455.10692400000005,8.887188004044618e-09,-1.585152987777483e-08
2024-11-21,0.6741244321243656,671.2510000000001,435.30627350000003,8.868173423731037e-09,-1.5442778242883948e-08
2024-11-22,0.633802874181212,636.9019999999999,413.0309469999999,8.99399247693641e-09,-1.5233316136821172e-08
2024-11-25,0.6176737272382489,617.975,400.7567875,8.935221832553359e-09,-1.5405042395936847e-08
2024-11-26,0.5952351076007082,594.412,385.476182,8.813004904673353e-09,-1.5213153395689513e-08
2024-11-27,0.6020436030613722,600.873,389.6661405,8.356571394205594e-09,-1.5254442744770558e-08
2024-11-28,0.5762419919794757,578.2330000000001,374.9841005,8.273405186639356e-09,-1.5127007372472878e-08
2024-11-29,0.5589157658542898,560.935,363.76634749999994,8.141341392780149e-09,-1.438937065817678e-08
2024-12-02,0.5646895902356486,563.1075,365.17521374999995,7.688192871430443e-09,-1.3256993854420443e-08
2024-12-03,0.5716552719840714,570.2840000000002,369.82917400000014,7.212515397487557e-09,-1.252354588665402e-08
2024-12-04,0.5900432893614989,592.1120000000001,383.98463200000003,6.561538024741283e-09,-1.1721215723957752e-08
2024-12-05,0.5953739720997957,593.7680000000001,385.0585480000001,6.154779060625508e-09,-1.1148801886070048e-08
2024-12-06,0.6455793263836084,644.8850000000001,418.20792250000005,5.333168061465397e-09,-1.0184619082909698e-08
2024-12-09,0.6389191393704947,637.956,413.714466,5.071951452611323e-09,-9.574356959897865e-09
2024-12-10,0.6252500832898524,625.387,405.56346949999994,4.951141401918659e-09,-8.866643802825594e-09
2024-12-11,0.6451551492889096,643.5215,417.32369274999996,4.608190697227117e-09,-8.664974094482049e-09
2024-12-12,0.5706526234532137,572.8050000000001,371.4640425,4.9484203666903085e-09,-9.02863893088932e-09
2024-12-13,0.572835200257513,572.22,371.08467,4.740473178984074e-09,-9.471502438564517e-09
2024-12-16,0.5619965895395556,560.5600000000001,363.52316,4.630296878362302e-09,-9.356866613857402e-09
2024-12-17,0.5904448887526405,589.248,382.12732800000003,4.2039118917984935e-09,-7.962075250114122e-09
2024-12-18,0.7185507404868152,717.7149999999999,465.43817749999994,3.3117779965450545e-09,-7.6491902407146e-09
2024-12-19,0.8161330569546732,817.8985,530.40717725,2.7853864663197724e-09,-6.3354132195306925e-09
2024-12-20,0.8774143832805217,877.4499999999999,569.0263249999999,2.501647261597885e-09,-5.789225573237075e-09
2024-12-23,0.9267258674068106,924.852,599.7665219999999,2.2860540746005963e-09,-5.297295139301466e-09
2024-12-24,0.9487451361250526,949.848,615.9764279999999,2.151265400484115e-09,-5.002128197192846e-09
2024-12-25,0.9877330948461308,990.4110000000001,642.2815335,1.9969848652351202e-09,-4.736559703799033e-09
2024-12-26,1.007609051164037,1008.0450000000003,653.7171825000001,1.9003859178156897e-09,-4.544350010216017e-09
2024-12-27,1.025003780474849,1026.2175,665.50204875,1.8092672071219531e-09,-4.405557943729599e-09
2024-12-30,1.023269148361161,1020.8179999999999,662.0004729999998,1.7567281319037683e-09,-4.295499547473976e-09
2024-12-31,1.0329878992455863,1033.2669999999998,670.0736494999999,1.6756740251516635e-09,-4.136091948848493e-09
2025-01-01,1.0516642366528006,1052.3,682.4165499999999,1.5895385910434925e-09,-3.928133527430929e-09
2025-01-02,1.0346928690781774,1034.3145,670.7529532499999,1.5634664772808185e-09,-3.831977154817309e-09
2025-01-03,0.9703434958755296,969.8520000000001,628.949022,1.6038284793950209e-09,-3.875183279622885e-09
2025-01-06,0.9206724444600152,917.5739999999998,595.0467389999999,1.597584703306628e-09,-3.802698015491517e-09
2025-01-07,0.8513179488228914,848.6400000000001,550.3430400000001,1.6728408731114836e-09,-3.735000897634908e-09
2025-01-08,0.812963355050346,813.7065,527.68866525,1.6790393770258131e-09,-3.7206754501972543e-09
2025-01-09,0.7499995555474805,750.0185,486.38699725,1.7349010663115544e-09,-3.786427871693258e-09
2025-01-10,0.7541834436360868,756.327,490.4780595,1.6318810916960663e-09,-3.7574528272165654e-09
2025-01-13,0.687110374433999,689.4720000000001,447.12259200000005,1.7038351927165662e-09,-3.849531121057149e-09
2025-01-14,0.6455389866782075,643.4480000000001,417.27602800000005,1.7441191049598249e-09,-4.045295121896338e-09
2025-01-15,0.5908309825899576,591.8025,383.78392125,1.8113886796824383e-09,-4.0554922278413264e-09
2025-01-16,0.5332356420835321,534.3180000000001,346.50522300000006,1.89960544793504e-09,-3.953577842217668e-09
2025-01-17,0.4681224020719281,465.975,302.18478749999997,2.0658009108152805e-09,-4.133040602490033e-09
2025-01-20,0.3667132167261178,365.79999999999995,237.22129999999996,2.4830512937774015e-09,-4.668316459577039e-09
2025-01-21,0.2964465943835865,294.549,191.01502649999998,2.8489441763467257e-09,-5.46567064517907e-09
2025-01-22,0.317556687834295,320.2545,207.68504325,2.364177928439553e-09,-4.650626603002285e-09
2025-01-23,0.3436232190276844,345.92250000000007,224.33074125000005,1.9966901688915455e-09,-3.6209069021015966e-09
2025-01-24,0.3802020296126893,378.87,245.697195,1.6840850211138263e-09,-2.8790803793285378e-09
2025-01-27,0.3964033089185849,395.9550000000001,256.77681750000005,1.5206679582921569e-09,-2.2644954490452106e-09
2025-01-28,0.3981988615272551,400.35200000000003,259.628272,1.4310816894206843e-09,-2.0176622144182495e-09
2025-01-29,0.3983687571270304,398.8800000000001,258.67368000000005,1.374968871324406e-09,-1.9838910502617536e-09
2025-01-30,0.399099820414558,399.296,258.94345599999997,1.312593946380852e-09,-1.9912404776527918e-09
2025-01-31,0.3993747195991917,397.85600000000005,258.009616,1.2561706310150142e-09,-1.9511931147559318e-09
2025-02-03,0.4084243095788239,408.14400000000006,264.68138400000004,1.1563614278081125e-09,-1.9181945215003227e-09
2025-02-04,0.4145050260912808,413.193,267.95566049999996,1.0754879331342583e-09,-1.880525820707311e-09
2025-02-05,0.4238857943537605,421.1955000000001,273.14528175000004,9.957533871017606e-10,-1.5480011506064441e-09
2025-02-06,0.4289471606793837,427.2100000000001,277.04568500000005,9.354583612750945e-10,-1.326362806567745e-09
2025-02-07,0.4348493992041723,432.94049999999993,280.76191424999996,8.856956307815399e-10,-1.1859330946368504e-09
2025-02-10,0.4438958210979509,445.951,289.1992235,8.219718296320621e-10,-1.0878437197548363e-09
2025-02-11,0.4584132051488949,459.5350000000001,298.00844750000005,7.561765622774593e-10,-9.856945418805187e-10
2025-02-12,0.4638792946319174,465.275,301.73083749999995,7.110701530873888e-10,-8.671222401479938e-10
2025-02-13,0.46935487638693,466.45899999999995,302.49866149999997,6.827320597961921e-10,-8.028165706900923e-10
2025-02-14,0.435046261894259,434.9414999999999,282.05956274999994,7.069994554735798e-10,-7.373482590289971e-10
2025-02-17,0.4359830845206487,438.84,284.58774,6.751375467878155e-10,-7.336848021122925e-10
2025-02-18,0.4416170097736826,444.5,288.25825,6.408405584482991e-10,-5.953771631959808e-10
2025-02-19,0.462607374910335,463.5135,300.58850474999997,5.958091273649296e-10,-5.147338249836514e-10
2025-02-20,0.5143509664176179,512.32,332.23952,5.236062882042607e-10,-4.617498433803949e-10
2025-02-21,0.5150406941734963,514.755,333.81861749999996,5.058971584934736e-10,-3.238147639887612e-10
2025-02-24,0.5013002260668696,502.2425,325.70426125,5.104051501013822e-10,-3.247689168779948e-10
2025-02-25,0.5081639335109787,507.44,329.07484,4.95142734175719e-10,-3.3604374954135685e-10
2025-02-26,0.5076993040386663,504.72,327.31092,4.888789461689208e-10,-3.4198054445952235e-10
2025-02-27,0.5184518621061679,518.252,336.08642199999997,4.671504384906383e-10,-3.964095652648928e-10
2025-02-28,0.5510973900513136,551.6665,357.75572525,4.208928232567171e-10,-4.786784933695892e-10
2025-03-03,0.5672941623661506,566.293,367.24101049999996,3.855276619648305e-10,-5.198792618459866e-10
2025-03-04,0.5695621124934901,568.4770000000001,368.65733450000005,3.575157116346085e-10,-5.085282244173531e-10
2025-03-05,0.566897771490914,564.26,365.92260999999996,3.3279649386711797e-10,-4.722903420947519e-10
2025-03-06,0.5627480934260759,563.993,365.7494605,3.078869689927261e-10,-3.6834100787539124e-10
2025-03-07,0.5384249405949445,536.3075,347.79541374999997,3.015482746922704e-10,-3.090964962299493e-10
2025-03-10,0.4867295621334884,489.0210000000001,317.13011850000004,3.1191238363279756e-10,-3.001472823943225e-10
2025-03-11,0.4786939697287301,479.33200000000005,310.846802,3.0644622296968094e-10,-3.295815306478942e-10
2025-03-12,0.4780156029405792,480.28200000000004,311.462877,2.9416061843989535e-10,-3.137999819749646e-10
2025-03-13,0.4765730968641057,478.11600000000004,310.058226,2.8456705063834073e-10,-2.899781081976693e-10
2025-03-14,0.4737604000490503,474.63750000000005,307.80241875,2.7644746992233277e-10,-2.8654091142338386e-10
2025-03-17,0.5006308520136895,498.849,323.50357649999995,2.5296421371689065e-10,-2.6330249945443487e-10
2025-03-18,0.5095811188168268,509.20000000000005,330.2162,2.383939589678994e-10,-1.1945825954494657e-10
2025-03-19,0.5142206886683943,515.3625000000001,334.21258125,2.2998108872053444e-10,-1.7934289514789384e-10
2025-03-20,0.5139866243278426,517.051,335.3075735,2.219706318959049e-10,-1.657967564297758e-10
2025-03-21,0.5192131065255713,521.1985,337.99722725,2.1379039226484936e-10,-1.850516903531334e-10
2025-03-24,0.5149080014798224,515.616,334.37697599999996,2.102874534845567e-10,-2.0082254893100285e-10
