date,value
2018-05-07,0.8554999999999922
2018-05-08,0.09100000000000819
2018-05-09,3.2879999999999967
2018-05-10,2.9705000000000013
2018-05-11,2.541000000000011
2018-05-14,3.0915000000000106
2018-05-15,3.5
2018-05-16,2.527000000000001
2018-05-17,4.165000000000006
2018-05-18,2.2669999999999817
2018-05-21,2.037000000000006
2018-05-22,3.888999999999996
2018-05-23,1.9140000000000015
2018-05-24,1.94850000000001
2018-05-25,-0.41500000000000625
2018-05-29,-2.4344999999999857
2018-05-30,-1.106499999999997
2018-05-31,-0.7120000000000033
2018-06-01,-2.67649999999999
2018-06-04,-3.7395000000000067
2018-06-05,-4.147499999999994
2018-06-06,-3.7809999999999917
2018-06-07,-1.6624999999999943
2018-06-08,-1.6585000000000036
2018-06-11,-2.0489999999999924
2018-06-12,-1.6034999999999968
2018-06-13,-1.200000000000017
2018-06-14,-1.3290000000000077
2018-06-15,-3.6755000000000138
2018-06-18,-0.6499999999999915
2018-06-19,-0.42900000000000205
2018-06-20,-0.7904999999999944
2018-06-21,-1.879499999999993
2018-06-22,-0.8179999999999978
2018-06-25,-1.4790000000000134
2018-06-26,-0.6725000000000136
2018-06-27,1.8275000000000006
2018-06-28,2.007000000000005
2018-06-29,3.0420000000000016
2018-07-02,2.1469999999999914
2018-07-03,1.159000000000006
2018-07-04,2.090999999999994
2018-07-05,2.098000000000013
2018-07-06,-0.005499999999983629
2018-07-09,1.9694999999999965
2018-07-10,2.5424999999999898
2018-07-11,0.07850000000000534
2018-07-12,-3.028499999999994
2018-07-13,-1.1329999999999956
2018-07-16,-4.021000000000001
2018-07-17,-3.978499999999997
2018-07-18,-4.14200000000001
2018-07-19,-2.6755000000000138
2018-07-20,-2.5415000000000134
2018-07-23,-1.1129999999999995
2018-07-24,-1.0304999999999893
2018-07-25,-0.7694999999999936
2018-07-26,0.15800000000000125
2018-07-27,0.617999999999995
2018-07-30,0.8539999999999992
2018-07-31,0.10949999999999704
2018-08-01,-1.5349999999999966
2018-08-02,-0.6580000000000013
2018-08-03,-1.0030000000000001
2018-08-06,-0.744499999999988
2018-08-07,-0.6699999999999875
2018-08-08,-2.038000000000011
2018-08-09,-2.1199999999999903
2018-08-10,-1.5144999999999982
2018-08-13,-1.8739999999999952
2018-08-14,-1.7190000000000083
2018-08-15,-4.001999999999995
2018-08-16,-3.035499999999999
2018-08-17,-2.0130000000000052
2018-08-20,-0.9260000000000019
2018-08-21,-0.2920000000000016
2018-08-22,1.0534999999999854
2018-08-23,1.8624999999999972
2018-08-24,2.564000000000007
2018-08-27,2.5930000000000035
2018-08-28,4.005499999999998
2018-08-29,3.975999999999985
2018-08-30,4.750999999999991
2018-08-31,4.417999999999992
2018-09-03,5.022999999999996
2018-09-04,4.463000000000008
2018-09-05,3.3345000000000056
2018-09-06,2.0685000000000002
2018-09-07,1.7209999999999894
2018-09-10,2.633499999999998
2018-09-11,3.7110000000000127
2018-09-12,4.928999999999988
2018-09-13,2.146500000000003
2018-09-14,1.9699999999999989
2018-09-17,1.9644999999999868
2018-09-18,2.6144999999999925
2018-09-19,2.471000000000018
2018-09-20,1.8060000000000116
2018-09-21,1.45150000000001
2018-09-24,3.1174999999999926
2018-09-25,4.122499999999988
2018-09-26,3.492500000000007
2018-09-27,2.9380000000000024
2018-09-28,3.8290000000000077
2018-10-01,5.6924999999999955
2018-10-02,5.9765000000000015
2018-10-03,5.358000000000004
2018-10-04,5.457999999999998
2018-10-05,4.029500000000013
2018-10-08,2.757000000000005
2018-10-09,3.3500000000000085
2018-10-10,1.8199999999999932
2018-10-11,-0.8345000000000056
2018-10-12,-1.616500000000002
2018-10-15,-1.5509999999999877
2018-10-16,-1.9950000000000045
2018-10-17,-2.63900000000001
2018-10-18,-2.3125
2018-10-19,-2.3064999999999998
2018-10-22,-2.214500000000001
2018-10-23,-3.8174999999999955
2018-10-24,-4.920999999999992
2018-10-25,-4.749000000000009
2018-10-26,-4.382999999999981
2018-10-29,-3.853999999999999
2018-10-30,-5.236499999999992
2018-10-31,-5.545999999999992
2018-11-01,-8.39500000000001
2018-11-02,-7.834499999999991
2018-11-05,-5.687499999999986
2018-11-06,-7.001500000000007
2018-11-07,-6.855500000000006
2018-11-08,-7.062499999999986
2018-11-09,-6.757499999999993
2018-11-12,-5.402500000000003
2018-11-13,-9.008499999999984
2018-11-14,-8.827000000000012
2018-11-15,-7.362499999999997
2018-11-16,-6.927999999999983
2018-11-19,-7.262500000000003
2018-11-20,-9.044000000000011
2018-11-21,-8.109500000000004
2018-11-22,-7.840000000000003
2018-11-23,-10.274500000000003
2018-11-26,-7.3714999999999975
2018-11-27,-6.686499999999995
2018-11-28,-7.453000000000003
2018-11-29,-6.4850000000000065
2018-11-30,-6.395000000000003
2018-12-03,-3.309499999999993
2018-12-04,-1.788499999999992
2018-12-05,-1.1735000000000042
2018-12-06,-4.170500000000004
2018-12-07,0.07450000000000045
2018-12-10,-0.8695000000000022
2018-12-11,-1.143500000000003
2018-12-12,-0.6865000000000023
2018-12-13,-1.2674999999999983
2018-12-14,-1.4009999999999962
2018-12-17,-2.0435000000000016
2018-12-18,-4.061500000000002
2018-12-19,-3.41899999999999
2018-12-20,-5.765499999999989
2018-12-21,-6.387499999999996
2018-12-27,-6.4169999999999945
2018-12-28,-6.886499999999991
2019-01-02,-3.2010000000000005
2019-01-03,-3.778000000000006
2019-01-04,-1.2644999999999982
2019-01-07,0.34899999999998954
2019-01-08,0.3744999999999976
2019-01-09,3.021500000000003
2019-01-10,3.899499999999996
2019-01-11,2.7929999999999993
2019-01-14,2.427499999999995
2019-01-15,2.3314999999999912
2019-01-16,3.4980000000000047
2019-01-17,3.497000000000007
2019-01-18,5.512999999999998
2019-01-21,5.423500000000004
2019-01-22,3.8614999999999995
2019-01-23,3.738999999999997
2019-01-24,3.366500000000002
2019-01-25,3.288500000000006
2019-01-28,1.0975000000000037
2019-01-29,1.8469999999999942
2019-01-30,2.3654999999999973
2019-01-31,2.474000000000011
2019-02-01,1.5629999999999953
2019-02-04,1.7050000000000054
2019-02-05,0.8769999999999953
2019-02-06,1.2890000000000015
2019-02-07,0.0519999999999925
2019-02-08,0.3055000000000021
2019-02-11,0.11050000000000182
2019-02-12,1.1940000000000097
2019-02-13,1.7109999999999985
2019-02-14,2.2334999999999923
2019-02-15,3.703000000000003
2019-02-18,4.251499999999993
2019-02-19,3.4535000000000053
2019-02-20,4.124999999999986
2019-02-21,3.9239999999999924
2019-02-22,3.6529999999999916
2019-02-25,0.5474999999999923
2019-02-26,0.8610000000000042
2019-02-27,1.7180000000000035
2019-02-28,1.069499999999998
2019-03-01,-0.3429999999999964
2019-03-04,0.2779999999999916
2019-03-05,-0.050499999999999545
2019-03-06,0.10500000000000398
2019-03-07,0.22450000000000614
2019-03-08,0.8499999999999943
2019-03-11,0.06199999999999761
2019-03-12,0.1944999999999908
2019-03-13,0.623500000000007
2019-03-14,0.8045000000000044
2019-03-15,0.7115000000000009
2019-03-18,1.2395000000000067
2019-03-19,1.6559999999999917
2019-03-20,2.7994999999999948
2019-03-21,2.6799999999999926
2019-03-22,0.7010000000000076
2019-03-25,1.6135000000000161
2019-03-26,1.6034999999999968
2019-03-27,1.3534999999999968
2019-03-28,0.0309999999999917
2019-03-29,1.6700000000000017
2019-04-01,2.588000000000008
2019-04-02,2.916000000000011
2019-04-03,2.2109999999999985
2019-04-04,2.5519999999999925
2019-04-05,2.468500000000006
2019-04-08,3.3555000000000064
2019-04-09,2.9709999999999894
2019-04-10,3.293999999999997
2019-04-11,2.7079999999999984
2019-04-12,2.7049999999999983
2019-04-15,1.8225000000000051
2019-04-16,1.481999999999985
2019-04-17,1.7425000000000068
2019-04-18,1.191999999999993
2019-04-22,0.9709999999999894
2019-04-23,4.299999999999997
2019-04-24,3.196000000000012
2019-04-25,4.166499999999999
2019-04-26,0.009000000000000341
2019-04-29,0.0344999999999942
2019-04-30,0.8490000000000038
2019-05-01,0.5524999999999949
2019-05-02,-0.9650000000000034
2019-05-03,0.31749999999999545
2019-05-06,0.21650000000001057
2019-05-07,-0.7464999999999975
2019-05-08,-0.6400000000000006
2019-05-09,-1.0690000000000026
2019-05-10,-0.06550000000001432
2019-05-13,0.6154999999999973
2019-05-14,0.7139999999999986
2019-05-15,1.156499999999994
2019-05-16,2.5884999999999962
2019-05-17,1.6670000000000016
2019-05-20,0.8119999999999976
2019-05-21,0.6144999999999925
2019-05-22,-0.30299999999999727
2019-05-23,-3.5444999999999993
2019-05-24,-3.7819999999999965
2019-05-27,-3.6199999999999903
2019-05-28,-1.3100000000000023
2019-05-29,-0.7914999999999992
2019-05-30,-1.831000000000003
2019-05-31,-4.342499999999987
2019-06-03,-7.52300000000001
2019-06-04,-6.751999999999995
2019-06-05,-7.724499999999992
2019-06-06,-6.7024999999999935
2019-06-07,-4.995999999999995
2019-06-10,-4.384
2019-06-11,-4.685500000000005
2019-06-12,-6.01400000000001
2019-06-13,-3.8229999999999933
2019-06-14,-3.4324999999999974
2019-06-17,-3.469999999999999
2019-06-18,-2.200499999999998
2019-06-19,-2.246000000000002
2019-06-20,0.49049999999999727
2019-06-21,1.1400000000000006
2019-06-24,0.4510000000000076
2019-06-25,1.728500000000011
2019-06-26,2.5279999999999916
2019-06-27,2.596499999999992
2019-06-28,3.2994999999999948
2019-07-01,0.7824999999999989
2019-07-02,-1.555499999999995
2019-07-03,-0.8149999999999977
2019-07-04,-0.7675000000000054
2019-07-05,-0.16400000000000148
2019-07-08,0.46699999999999875
2019-07-09,-0.1599999999999966
2019-07-10,1.7124999999999915
2019-07-11,2.724499999999992
2019-07-12,1.5585000000000093
2019-07-15,1.5534999999999997
2019-07-16,0.4375000000000142
2019-07-17,-1.8034999999999997
2019-07-18,-4.536500000000004
2019-07-19,-3.949000000000005
2019-07-22,-2.869000000000007
2019-07-23,-2.350999999999999
2019-07-24,-0.6499999999999915
2019-07-25,-0.8444999999999965
2019-07-26,-1.6014999999999944
2019-07-29,-1.6310000000000073
2019-07-30,-1.3625000000000043
2019-07-31,0.13049999999999784
2019-08-01,-1.0034999999999954
2019-08-02,-2.628000000000007
2019-08-05,-4.149500000000003
2019-08-06,-4.555999999999997
2019-08-07,-7.587000000000003
2019-08-08,-5.759500000000003
2019-08-09,-4.215500000000006
2019-08-12,-3.969000000000001
2019-08-13,-0.900500000000001
2019-08-14,-2.6500000000000057
2019-08-15,-2.9734999999999943
2019-08-16,-1.241499999999995
2019-08-19,-0.3429999999999964
2019-08-20,-0.940499999999993
2019-08-21,0.7909999999999968
2019-08-22,0.1840000000000046
2019-08-23,-0.7950000000000017
2019-08-26,-0.6124999999999972
2019-08-27,-0.6070000000000064
2019-08-28,1.555500000000002
2019-08-29,1.841000000000001
2019-08-30,2.295000000000009
2019-09-02,-0.1564999999999941
2019-09-03,-0.741500000000002
2019-09-04,1.725999999999992
2019-09-05,3.4254999999999995
2019-09-06,1.8099999999999952
2019-09-09,4.177
2019-09-10,4.6185000000000045
2019-09-11,2.7105000000000103
2019-09-12,0.2809999999999988
2019-09-13,0.6585000000000036
2019-09-16,7.3969999999999985
2019-09-17,4.23899999999999
2019-09-18,2.7545000000000073
2019-09-19,2.4924999999999926
2019-09-20,3.1430000000000007
2019-09-23,2.2719999999999985
2019-09-24,1.457499999999996
2019-09-25,-0.36199999999999477
2019-09-26,-0.7665000000000077
2019-09-27,-0.4385000000000119
2019-09-30,-2.0505000000000067
2019-10-01,-3.0870000000000033
2019-10-02,-5.088999999999999
2019-10-03,-4.764500000000005
2019-10-04,-3.536999999999992
2019-10-07,-2.9804999999999993
2019-10-08,-3.974000000000011
2019-10-09,-2.2479999999999976
2019-10-10,-2.783999999999999
2019-10-11,-1.2409999999999997
2019-10-14,-2.5404999999999944
2019-10-15,-1.8404999999999987
2019-10-16,-1.4809999999999945
2019-10-17,-1.186
2019-10-18,-0.3124999999999929
2019-10-21,-1.036999999999999
2019-10-22,0.694500000000005
2019-10-23,0.8090000000000046
2019-10-24,2.0175000000000054
2019-10-25,2.3885000000000076
2019-10-28,0.748500000000007
2019-10-29,1.3590000000000018
2019-10-30,0.4140000000000015
2019-10-31,-0.5704999999999956
2019-11-01,0.24750000000000227
2019-11-04,2.444500000000005
2019-11-05,2.4155000000000015
2019-11-06,1.6850000000000023
2019-11-07,1.9990000000000023
2019-11-08,1.3284999999999982
2019-11-11,1.7199999999999989
2019-11-12,1.1799999999999926
2019-11-13,1.1114999999999995
2019-11-14,1.1460000000000008
2019-11-15,1.8379999999999939
2019-11-18,1.1445000000000007
2019-11-19,0.600999999999992
2019-11-20,1.8669999999999902
2019-11-21,2.8929999999999936
2019-11-22,2.5944999999999965
2019-11-25,2.2205000000000013
2019-11-26,2.181999999999995
2019-11-27,2.1515000000000057
2019-11-28,1.532500000000006
2019-11-29,1.1360000000000028
2019-12-02,-0.1980000000000004
2019-12-03,-0.45949999999999847
2019-12-04,1.6834999999999951
2019-12-05,1.95000000000001
2019-12-06,2.555000000000007
2019-12-09,2.3019999999999925
2019-12-10,2.212999999999994
2019-12-11,0.8580000000000041
2019-12-12,1.9475000000000051
2019-12-13,2.511499999999998
2019-12-16,2.850500000000011
2019-12-17,3.4694999999999965
2019-12-18,3.333500000000001
2019-12-19,3.6779999999999973
2019-12-20,2.4465000000000003
2019-12-23,1.1354999999999933
2019-12-24,2.6835000000000093
2019-12-25,2.4720000000000084
2019-12-26,2.242999999999995
2019-12-27,1.6724999999999994
2019-12-30,0.8075000000000045
2019-12-31,0.03650000000000375
2020-01-02,-0.7734999999999985
2020-01-03,1.0859999999999985
2020-01-06,2.0685000000000002
2020-01-07,0.443499999999986
2020-01-08,-1.0234999999999985
2020-01-09,-1.813999999999993
2020-01-10,-1.6289999999999907
2020-01-13,-4.094000000000008
2020-01-14,-3.6044999999999874
2020-01-15,-4.479500000000009
2020-01-16,-2.9150000000000063
2020-01-17,-3.2125000000000057
2020-01-20,-2.4310000000000116
2020-01-21,-3.2095000000000056
2020-01-22,-4.402000000000001
2020-01-23,-4.851999999999997
2020-01-24,-6.2760000000000105
2020-01-27,-6.557499999999997
2020-01-28,-5.280999999999999
2020-01-29,-4.775500000000001
2020-01-30,-6.048999999999992
2020-01-31,-5.433499999999995
2020-02-03,-8.390999999999998
2020-02-04,-7.749000000000002
2020-02-05,-5.691499999999998
2020-02-06,-5.301500000000004
2020-02-07,-5.339500000000001
2020-02-10,-5.942000000000007
2020-02-11,-4.8095
2020-02-12,-2.882000000000005
2020-02-13,-1.6674999999999898
2020-02-14,-0.30350000000000676
2020-02-17,0.4964999999999975
2020-02-18,0.33200000000000784
2020-02-19,2.8215000000000003
2020-02-20,2.7560000000000002
2020-02-21,1.8230000000000004
2020-02-24,0.02449999999999619
2020-02-25,-1.1915000000000049
2020-02-26,-1.2965000000000018
2020-02-27,-3.789999999999999
2020-02-28,-4.347000000000001
2020-03-02,-3.0630000000000024
2020-03-03,-3.259999999999998
2020-03-04,-3.4650000000000034
2020-03-05,-3.8404999999999987
2020-03-06,-9.084000000000003
2020-03-09,-18.450999999999993
2020-03-10,-17.289500000000004
2020-03-11,-17.355000000000004
2020-03-12,-19.519000000000002
2020-03-13,-17.033
2020-03-16,-19.810499999999994
2020-03-17,-18.3515
2020-03-18,-21.685000000000002
2020-03-19,-18.715499999999995
2020-03-20,-15.492999999999999
2020-03-23,-15.645000000000003
2020-03-24,-13.3555
2020-03-25,-10.7685
2020-03-26,-11.406499999999998
2020-03-27,-11.1205
2020-03-30,-12.654000000000003
2020-03-31,-15.1245
2020-04-01,-13.160000000000002
2020-04-02,-6.337500000000006
2020-04-03,-1.184000000000001
2020-04-06,-2.2965000000000018
2020-04-07,-2.102999999999998
2020-04-08,1.4784999999999968
2020-04-09,-2.9719999999999978
2020-04-14,-0.9364999999999988
2020-04-15,-2.467500000000001
2020-04-16,-3.1134999999999984
2020-04-17,-1.9014999999999986
2020-04-20,-3.9605000000000032
2020-04-21,-11.379000000000003
2020-04-22,-6.23
2020-04-23,-4.467999999999998
2020-04-24,-3.1705000000000023
2020-04-27,-3.451500000000001
2020-04-28,-2.6820000000000004
2020-04-29,-0.35549999999999926
2020-04-30,-0.2684999999999995
2020-05-01,-0.06450000000000244
2020-05-04,1.8374999999999986
2020-05-05,6.841000000000001
2020-05-06,5.5
2020-05-07,5.423500000000001
2020-05-11,6.708000000000002
2020-05-12,7.526000000000003
2020-05-13,8.438499999999998
2020-05-14,9.915
2020-05-15,10.381999999999998
2020-05-18,12.054499999999997
2020-05-19,11.029500000000002
2020-05-20,11.447499999999998
2020-05-21,10.417000000000002
2020-05-22,8.499999999999996
2020-05-26,7.746000000000002
2020-05-27,5.647999999999996
2020-05-28,5.978999999999999
2020-05-29,5.334499999999995
2020-06-01,6.9929999999999986
2020-06-02,7.0114999999999945
2020-06-03,6.392499999999998
2020-06-04,6.174999999999997
2020-06-05,7.924999999999997
2020-06-08,5.813499999999998
2020-06-09,5.857500000000009
2020-06-10,5.862000000000002
2020-06-11,1.9484999999999957
2020-06-12,2.2950000000000017
2020-06-15,2.7704999999999984
2020-06-16,3.7079999999999984
2020-06-17,3.0574999999999974
2020-06-18,3.9879999999999995
2020-06-19,4.1905
2020-06-22,4.590499999999999
2020-06-23,3.671999999999997
2020-06-24,0.9684999999999988
2020-06-25,1.3885000000000005
2020-06-26,0.8374999999999986
2020-06-29,1.2055000000000007
2020-06-30,1.069500000000005
2020-07-01,1.3994999999999962
2020-07-02,2.170499999999997
2020-07-03,1.8045000000000044
2020-07-06,1.4609999999999985
2020-07-07,1.8695000000000022
2020-07-08,2.135000000000005
2020-07-09,0.5855000000000032
2020-07-10,1.2690000000000055
2020-07-13,0.6785000000000068
2020-07-14,0.6875
2020-07-15,1.5030000000000001
2020-07-16,1.1550000000000082
2020-07-17,0.9149999999999991
2020-07-20,0.6799999999999997
2020-07-21,1.6105000000000018
2020-07-22,1.1015000000000015
2020-07-23,-0.007500000000000284
2020-07-24,0.20649999999999835
2020-07-27,0.21600000000000819
2020-07-28,-0.13749999999999574
2020-07-29,0.19599999999999795
2020-07-30,-0.3235000000000028
2020-07-31,-0.1839999999999975
2020-08-03,0.39450000000000074
2020-08-04,0.5890000000000057
2020-08-05,1.4564999999999984
2020-08-06,1.4420000000000002
2020-08-07,0.43200000000000216
2020-08-10,0.48499999999999943
2020-08-11,-0.060499999999997556
2020-08-12,1.2930000000000064
2020-08-13,1.0149999999999935
2020-08-14,0.9385000000000048
2020-08-17,0.9080000000000013
2020-08-18,1.2865000000000038
2020-08-19,1.0949999999999989
2020-08-20,0.365000000000002
2020-08-21,-0.2875000000000085
2020-08-24,0.15050000000000097
2020-08-25,1.5854999999999961
2020-08-26,1.2515
2020-08-27,0.2085000000000008
2020-08-28,0.48399999999999466
2020-09-01,0.8859999999999957
2020-09-02,-2.069499999999998
2020-09-03,-1.9394999999999953
2020-09-04,-3.362499999999997
2020-09-07,-3.6225000000000023
2020-09-08,-5.479500000000002
2020-09-09,-3.8445000000000036
2020-09-10,-4.2635000000000005
2020-09-11,-4.430000000000007
2020-09-14,-4.345499999999994
2020-09-15,-3.1070000000000064
2020-09-16,-1.211500000000008
2020-09-17,0.05150000000000432
2020-09-18,-0.01850000000000307
2020-09-21,-1.6300000000000026
2020-09-22,-0.9804999999999922
2020-09-23,-0.48449999999999704
2020-09-24,-0.10699999999999932
2020-09-25,-0.24050000000000438
2020-09-28,0.6210000000000022
2020-09-29,-0.36950000000000216
2020-09-30,-0.27950000000000585
2020-10-01,-0.6809999999999974
2020-10-02,-2.2759999999999962
2020-10-05,-0.4514999999999958
2020-10-06,0.9015000000000057
2020-10-07,0.21949999999999648
2020-10-08,1.463000000000008
2020-10-09,0.9515000000000029
2020-10-12,-0.2749999999999986
2020-10-13,0.4750000000000085
2020-10-14,0.9160000000000039
2020-10-15,0.752999999999993
2020-10-16,0.524000000000008
2020-10-19,0.42799999999999727
2020-10-20,0.7189999999999941
2020-10-21,-0.7609999999999957
2020-10-22,0.4269999999999996
2020-10-23,-0.13300000000000267
2020-10-26,-1.6565000000000012
2020-10-27,-0.9660000000000011
2020-10-28,-2.7040000000000006
2020-10-29,-3.8444999999999965
2020-10-30,-3.9910000000000068
2020-11-02,-2.4410000000000025
2020-11-03,-1.8960000000000008
2020-11-04,-0.33900000000000574
2020-11-05,-0.42249999999999943
2020-11-06,-1.6350000000000051
2020-11-09,1.1935000000000073
2020-11-10,2.4680000000000035
2020-11-11,2.683500000000002
2020-11-12,2.3159999999999954
2020-11-13,1.6574999999999918
2020-11-16,2.7865000000000038
2020-11-17,2.5705000000000027
2020-11-18,2.7994999999999948
2020-11-19,2.889000000000003
2020-11-20,3.434999999999995
2020-11-23,4.347999999999999
2020-11-24,5.632500000000007
2020-11-25,5.830499999999994
2020-11-26,4.362500000000004
2020-11-27,4.395000000000003
2020-11-30,3.902000000000001
2020-12-01,3.649000000000001
2020-12-02,4.012999999999998
2020-12-03,4.137999999999998
2020-12-04,4.317
2020-12-07,3.4620000000000033
2020-12-08,3.342500000000001
2020-12-09,2.997
2020-12-10,4.108499999999999
2020-12-11,3.363500000000002
2020-12-14,3.2455
2020-12-15,3.334000000000003
2020-12-16,2.9979999999999976
2020-12-17,2.9625000000000057
2020-12-18,3.5135000000000005
2020-12-21,1.6730000000000018
2020-12-22,0.7805000000000035
2020-12-23,1.762999999999991
2020-12-24,1.365000000000002
2020-12-28,1.1649999999999991
2020-12-29,0.5450000000000017
2020-12-30,0.6595000000000013
2020-12-31,0.9684999999999988
2021-01-04,0.018499999999995964
2021-01-05,2.605499999999992
2021-01-06,2.9869999999999948
2021-01-07,2.6440000000000055
2021-01-08,4.119
2021-01-11,3.2235000000000085
2021-01-12,4.064999999999998
2021-01-13,3.3425000000000082
2021-01-14,3.3329999999999984
2021-01-15,2.1744999999999948
2021-01-18,1.4340000000000046
2021-01-19,2.4435000000000002
2021-01-20,2.4709999999999965
2021-01-21,2.2010000000000005
2021-01-22,1.5324999999999989
2021-01-25,1.5245000000000033
2021-01-26,1.1254999999999953
2021-01-27,0.7040000000000006
2021-01-28,0.2974999999999923
2021-01-29,0.4759999999999991
2021-02-01,1.343500000000006
2021-02-02,2.3204999999999956
2021-02-03,3.0700000000000003
2021-02-04,3.176000000000002
2021-02-05,3.477499999999999
2021-02-08,3.9009999999999962
2021-02-09,4.232999999999997
2021-02-10,4.380499999999991
2021-02-11,4.033999999999999
2021-02-12,5.0305000000000035
2021-02-15,5.672000000000004
2021-02-16,5.6229999999999976
2021-02-17,6.215000000000003
2021-02-18,4.864500000000007
2021-02-19,3.2334999999999994
2021-02-22,4.658999999999999
2021-02-23,4.594000000000001
2021-02-24,5.694999999999986
2021-02-25,4.944000000000003
2021-02-26,3.583500000000001
2021-03-01,1.8765
2021-03-02,0.20900000000000318
2021-03-03,1.4344999999999928
2021-03-04,3.6374999999999886
2021-03-05,5.744
2021-03-08,3.4025000000000034
2021-03-09,2.117999999999995
2021-03-10,2.3000000000000114
2021-03-11,3.697500000000005
2021-03-12,2.907499999999999
2021-03-15,2.5575000000000045
2021-03-16,1.5280000000000058
2021-03-17,1.1724999999999994
2021-03-18,-4.348500000000001
2021-03-19,-2.5164999999999935
2021-03-22,-2.5845000000000056
2021-03-23,-6.254500000000014
2021-03-24,-2.356999999999985
2021-03-25,-4.573
2021-03-26,-1.9084999999999965
2021-03-29,-1.593500000000006
2021-03-30,-2.379000000000005
2021-03-31,-2.079999999999991
2021-04-01,-1.576500000000003
2021-04-06,-3.532499999999999
2021-04-07,-2.835499999999996
2021-04-08,-2.3584999999999923
2021-04-09,-2.2764999999999986
2021-04-12,-1.4385000000000048
2021-04-13,-0.6864999999999952
2021-04-14,2.7269999999999968
2021-04-15,2.838000000000001
2021-04-16,2.775500000000008
2021-04-19,3.1140000000000043
2021-04-20,1.8469999999999942
2021-04-21,0.5204999999999984
2021-04-22,1.3149999999999977
2021-04-23,1.8924999999999983
2021-04-26,1.4279999999999973
2021-04-27,2.054000000000002
2021-04-28,2.73299999999999
2021-04-29,3.6640000000000157
2021-04-30,2.923500000000004
2021-05-04,3.8504999999999967
2021-05-05,4.238499999999988
2021-05-06,2.8105000000000047
2021-05-07,2.5885000000000105
2021-05-10,2.132499999999993
2021-05-11,2.030000000000001
2021-05-12,2.4805000000000064
2021-05-13,0.15800000000000125
2021-05-14,1.8824999999999932
2021-05-17,2.0805000000000007
2021-05-18,1.3470000000000084
2021-05-19,-0.8599999999999994
2021-05-20,-2.617999999999995
2021-05-21,-1.160499999999999
2021-05-24,0.5674999999999955
2021-05-25,0.6124999999999972
2021-05-26,0.6085000000000065
2021-05-27,0.9909999999999997
2021-05-28,0.8659999999999997
2021-06-01,1.4209999999999923
2021-06-02,1.906499999999994
2021-06-03,1.9664999999999964
2021-06-04,2.4224999999999994
2021-06-07,1.9044999999999987
2021-06-08,2.265500000000003
2021-06-09,2.0614999999999952
2021-06-10,2.3000000000000114
2021-06-11,2.4654999999999916
2021-06-14,2.533999999999992
2021-06-15,3.455999999999989
2021-06-16,3.7124999999999915
2021-06-17,2.4505000000000052
2021-06-18,2.234499999999997
2021-06-21,3.23599999999999
2021-06-22,3.349500000000006
2021-06-23,3.3285000000000053
2021-06-24,3.7075000000000102
2021-06-25,3.856499999999997
2021-06-28,1.9155000000000086
2021-06-29,2.2480000000000047
2021-06-30,3.4909999999999997
2021-07-01,2.941999999999993
2021-07-02,3.451499999999996
2021-07-05,3.909000000000006
2021-07-06,1.1580000000000013
2021-07-07,-0.4919999999999902
2021-07-08,0.0969999999999942
2021-07-09,1.9125000000000085
2021-07-12,1.3174999999999955
2021-07-13,1.8414999999999964
2021-07-14,-0.011499999999998067
2021-07-15,-1.3020000000000067
2021-07-16,-1.440000000000012
2021-07-19,-6.311999999999998
2021-07-20,-5.367500000000007
2021-07-21,-2.723499999999987
2021-07-22,-0.9284999999999997
2021-07-23,-0.23900000000000432
2021-07-26,-0.3094999999999999
2021-07-27,-0.20399999999999352
2021-07-28,0.10849999999999227
2021-07-29,1.3379999999999939
2021-07-30,2.7475000000000023
2021-08-02,-0.8410000000000082
2021-08-03,-1.3824999999999932
2021-08-04,-3.4664999999999964
2021-08-05,-2.1700000000000017
2021-08-06,-2.9839999999999947
2021-08-09,-3.9979999999999905
2021-08-10,-2.1899999999999977
2021-08-11,-1.1525000000000034
2021-08-12,-1.2154999999999916
2021-08-13,-1.9274999999999949
2021-08-16,-2.7944999999999993
2021-08-17,-3.4329999999999927
2021-08-18,-4.026499999999999
2021-08-19,-5.463999999999999
2021-08-20,-6.2864999999999895
2021-08-23,-2.4405000000000143
2021-08-24,-0.11750000000002103
2021-08-25,0.9410000000000025
2021-08-26,-0.4650000000000034
2021-08-27,1.6480000000000103
2021-08-31,2.861000000000004
2021-09-01,1.463499999999982
2021-09-02,2.905000000000001
2021-09-03,2.3684999999999974
2021-09-06,1.6580000000000013
2021-09-07,0.6544999999999987
2021-09-08,1.4334999999999951
2021-09-09,0.4269999999999925
2021-09-10,1.5144999999999982
2021-09-13,1.9410000000000025
2021-09-14,1.8719999999999999
2021-09-15,3.3900000000000006
2021-09-16,3.363500000000002
2021-09-17,2.471499999999992
2021-09-20,1.0174999999999983
2021-09-21,0.8485000000000014
2021-09-22,2.484000000000009
2021-09-23,3.2079999999999984
2021-09-24,3.838000000000008
2021-09-27,4.938499999999991
2021-09-28,4.146000000000001
2021-09-29,3.4125000000000085
2021-09-30,3.1500000000000057
2021-10-01,4.423500000000004
2021-10-04,6.013000000000005
2021-10-05,6.733000000000004
2021-10-06,4.951499999999996
2021-10-07,5.350500000000011
2021-10-08,4.694000000000003
2021-10-11,5.734999999999999
2021-10-12,4.9909999999999854
2021-10-13,4.5565
2021-10-14,4.450499999999991
2021-10-15,4.759
2021-10-18,3.691999999999993
2021-10-19,4.013500000000008
2021-10-20,4.2405000000000115
2021-10-21,2.653499999999994
2021-10-22,3.1030000000000086
2021-10-25,2.222999999999999
2021-10-26,2.1424999999999983
2021-10-27,0.839500000000001
2021-10-28,-0.15999999999998238
2021-10-29,-0.6450000000000102
2021-11-01,0.6115000000000066
2021-11-02,0.4364999999999952
2021-11-03,-2.869000000000014
2021-11-04,-3.7094999999999914
2021-11-05,-1.4424999999999955
2021-11-08,-0.6260000000000048
2021-11-09,0.6244999999999976
2021-11-10,-0.9544999999999959
2021-11-11,-0.4414999999999907
2021-11-12,-0.8529999999999944
2021-11-15,-1.7035000000000053
2021-11-16,-0.6850000000000023
2021-11-17,-2.610500000000002
2021-11-18,-0.7240000000000038
2021-11-19,-2.674500000000009
2021-11-22,-1.7505000000000024
2021-11-23,0.7935000000000088
2021-11-24,-0.17900000000000205
2021-11-25,-0.431500000000014
2021-11-26,-9.575000000000003
2021-11-29,-8.046499999999995
2021-11-30,-9.848499999999987
2021-12-01,-10.599999999999994
2021-12-02,-9.090499999999992
2021-12-03,-8.354500000000002
2021-12-06,-5.19250000000001
2021-12-07,-2.583500000000001
2021-12-08,-1.835000000000008
2021-12-09,-3.2099999999999937
2021-12-10,-1.9339999999999975
2021-12-13,-2.4029999999999916
2021-12-14,-2.679000000000002
2021-12-15,-1.9909999999999997
2021-12-16,-0.6705000000000041
2021-12-17,-1.9770000000000039
2021-12-20,-3.9140000000000015
2021-12-21,-1.045000000000016
2021-12-22,1.179000000000002
2021-12-23,3.038499999999999
2021-12-24,1.875
2021-12-29,5.000500000000002
2021-12-30,4.592999999999989
2021-12-31,2.8374999999999915
2022-01-03,3.462999999999994
2022-01-04,4.168999999999997
2022-01-05,5.018000000000001
2022-01-06,6.085499999999996
2022-01-07,6.058499999999995
2022-01-10,4.965499999999992
2022-01-11,7.885499999999993
2022-01-12,8.150000000000006
2022-01-13,7.498499999999993
2022-01-14,8.195499999999996
2022-01-17,8.186499999999995
2022-01-18,8.403500000000008
2022-01-19,8.257000000000005
2022-01-20,7.522000000000006
2022-01-21,6.7690000000000055
2022-01-24,4.185000000000002
2022-01-25,5.222499999999997
2022-01-26,6.322999999999993
2022-01-27,5.19850000000001
2022-01-28,5.257000000000005
2022-01-31,5.432000000000002
2022-02-01,2.7794999999999987
2022-02-02,3.4279999999999973
2022-02-03,4.438000000000002
2022-02-04,7.579000000000008
2022-02-07,7.213000000000008
2022-02-08,5.448499999999996
2022-02-09,3.8725000000000023
2022-02-10,4.763999999999996
2022-02-11,5.377499999999998
2022-02-14,8.845500000000001
2022-02-15,5.1355000000000075
2022-02-16,3.755499999999998
2022-02-17,1.3190000000000026
2022-02-18,1.897500000000008
2022-02-21,4.1070000000000135
2022-02-22,3.4250000000000114
2022-02-23,3.5815000000000055
2022-02-24,5.052000000000007
2022-02-25,1.9675000000000011
2022-02-28,5.951000000000008
2022-03-01,12.766500000000008
2022-03-02,19.400999999999996
2022-03-03,14.7025
2022-03-04,21.852499999999992
2022-03-07,25.425500000000014
2022-03-08,27.730000000000004
2022-03-09,10.04849999999999
2022-03-10,7.099999999999994
2022-03-11,9.639500000000012
2022-03-14,1.4829999999999899
2022-03-15,-4.102499999999992
2022-03-16,-4.991000000000028
2022-03-17,2.9880000000000138
2022-03-18,2.900999999999982
2022-03-21,9.704000000000022
2022-03-22,7.804000000000002
2022-03-23,12.382499999999993
2022-03-24,7.707999999999998
2022-03-25,5.1924999999999955
2022-03-28,-3.5485000000000184
2022-03-29,-5.351499999999987
2022-03-30,-2.3840000000000003
2022-03-31,-10.28049999999999
2022-04-01,-10.554000000000002
2022-04-04,-7.490499999999997
2022-04-05,-7.711500000000001
2022-04-06,-12.712999999999994
2022-04-07,-12.957500000000024
2022-04-08,-10.685000000000002
2022-04-11,-13.401500000000013
2022-04-12,-6.865499999999997
2022-04-13,-2.9895000000000067
2022-04-14,-0.5160000000000053
2022-04-19,-5.414500000000018
2022-04-20,-4.992499999999993
2022-04-21,-2.1259999999999906
2022-04-22,-3.0575000000000045
2022-04-25,-7.702000000000012
2022-04-26,-3.0929999999999893
2022-04-27,-2.1230000000000047
2022-04-28,0.7074999999999818
2022-04-29,3.649000000000015
2022-05-03,0.346500000000006
2022-05-04,5.716499999999996
2022-05-05,7.098500000000001
2022-05-06,8.485499999999988
2022-05-09,1.002500000000012
2022-05-10,-3.1965000000000003
2022-05-11,1.5715000000000003
2022-05-12,1.4244999999999948
2022-05-13,5.099500000000006
2022-05-16,7.520999999999987
2022-05-17,5.447999999999993
2022-05-18,2.370500000000007
2022-05-19,5.141999999999982
2022-05-20,5.230500000000006
2022-05-23,6.231500000000011
2022-05-24,6.046500000000009
2022-05-25,6.0105000000000075
2022-05-26,8.585000000000008
2022-05-27,9.194500000000005
2022-05-30,10.28200000000001
2022-05-31,11.772499999999994
2022-06-01,7.858999999999995
2022-06-03,10.660500000000013
2022-06-06,9.414000000000001
2022-06-07,10.303000000000011
2022-06-08,11.28349999999999
2022-06-09,9.515
2022-06-10,7.515999999999991
2022-06-13,7.699999999999989
2022-06-14,5.671999999999997
2022-06-15,3.0084999999999837
2022-06-16,3.041499999999999
2022-06-17,-3.8185000000000002
2022-06-20,-5.019500000000022
2022-06-21,-4.9285
2022-06-22,-7.886999999999986
2022-06-23,-8.831500000000005
2022-06-24,-5.8489999999999895
2022-06-27,-3.444000000000017
2022-06-28,-0.8840000000000146
2022-06-29,-2.0574999999999903
2022-06-30,-2.9565000000000055
2022-07-01,-3.203000000000017
2022-07-04,-0.45349999999999113
2022-07-05,-10.943500000000014
2022-07-06,-11.860500000000002
2022-07-07,-6.247
2022-07-08,-5.022499999999994
2022-07-11,-3.4429999999999836
2022-07-12,-10.310999999999979
2022-07-13,-9.231499999999983
2022-07-14,-7.759500000000017
2022-07-15,-2.8914999999999793
2022-07-18,2.167500000000004
2022-07-19,0.03499999999999659
2022-07-20,0.9189999999999969
2022-07-21,-2.046500000000009
2022-07-22,-7.557000000000002
2022-07-25,-5.523999999999987
2022-07-26,-5.6895000000000095
2022-07-27,-2.8115000000000094
2022-07-28,-2.2664999999999793
2022-07-29,-0.05149999999999011
2022-08-01,-4.685999999999993
2022-08-02,-4.066999999999993
2022-08-03,-8.42100000000002
2022-08-04,-11.480499999999992
2022-08-05,-8.478499999999997
2022-08-08,-4.7590000000000146
2022-08-09,-4.250500000000002
2022-08-10,-2.894999999999996
2022-08-11,-0.737499999999983
2022-08-12,-3.799500000000009
2022-08-15,-8.298500000000018
2022-08-16,-10.2085
2022-08-17,-7.416499999999999
2022-08-18,-7.4635000000000105
2022-08-19,-6.847499999999982
2022-08-22,-7.578999999999979
2022-08-23,-2.7575000000000074
2022-08-24,-1.8889999999999816
2022-08-25,-2.4055000000000035
2022-08-26,0.4334999999999951
2022-08-30,-1.0189999999999912
2022-08-31,-3.311000000000007
2022-09-01,-7.14200000000001
2022-09-02,-6.046999999999997
2022-09-05,-4.612500000000011
2022-09-06,-6.801000000000002
2022-09-07,-10.552000000000007
2022-09-08,-8.538499999999999
2022-09-09,-4.0730000000000075
2022-09-12,-1.7904999999999944
2022-09-13,-2.8900000000000006
2022-09-14,-1.9735000000000014
2022-09-15,-5.126499999999993
2022-09-16,-4.630499999999998
2022-09-20,-4.0989999999999895
2022-09-21,-3.5990000000000038
2022-09-22,-2.6044999999999874
2022-09-23,-7.935500000000005
2022-09-26,-8.862499999999997
2022-09-27,-4.684500000000014
2022-09-28,-0.6149999999999949
2022-09-29,-0.39799999999999613
2022-09-30,-0.7409999999999854
2022-10-03,1.1595000000000084
2022-10-04,4.243499999999997
2022-10-05,4.707499999999996
2022-10-06,5.566500000000005
2022-10-07,8.251999999999995
2022-10-10,6.229500000000002
2022-10-11,4.183499999999995
2022-10-12,2.383499999999998
2022-10-13,3.9869999999999948
2022-10-14,0.8999999999999915
2022-10-17,-0.3604999999999876
2022-10-18,-1.9325000000000188
2022-10-19,-0.12649999999999295
2022-10-20,-0.002500000000011937
2022-10-21,-0.07899999999999352
2022-10-24,-0.7800000000000011
2022-10-26,0.23200000000001353
2022-10-27,1.2409999999999997
2022-10-28,1.4494999999999862
2022-10-31,-0.11050000000000182
2022-11-01,1.4875000000000114
2022-11-02,2.320999999999998
2022-11-03,1.4939999999999998
2022-11-04,5.540000000000006
2022-11-07,5.830500000000001
2022-11-08,2.8245000000000005
2022-11-09,-0.8695000000000022
2022-11-10,0.28999999999999204
2022-11-11,2.349500000000006
2022-11-14,-0.4989999999999952
2022-11-15,0.04800000000000182
2022-11-16,-1.7994999999999948
2022-11-17,-3.3924999999999983
2022-11-18,-5.332999999999998
2022-11-21,-5.654000000000011
2022-11-22,-5.298000000000002
2022-11-23,-7.6965
2022-11-24,-7.577500000000001
2022-11-25,-9.205499999999986
2022-11-28,-8.615499999999997
2022-11-29,-8.3005
2022-11-30,-5.387499999999989
2022-12-01,-4.266999999999996
2022-12-02,-3.3575000000000017
2022-12-05,-5.712000000000003
2022-12-06,-8.305499999999995
2022-12-07,-10.3185
2022-12-08,-10.497
2022-12-09,-9.147000000000006
2022-12-12,-6.737499999999997
2022-12-14,-0.8589999999999947
2022-12-15,-1.3355000000000103
2022-12-16,-2.9355000000000047
2022-12-19,-1.112000000000009
2022-12-20,-2.8725000000000023
2022-12-21,-1.6525000000000034
2022-12-22,-2.0065000000000026
2022-12-23,1.0205000000000126
2022-12-28,0.35549999999999216
2022-12-29,-0.2575000000000074
2022-12-30,1.622499999999988
2023-01-03,-0.5750000000000028
2023-01-04,-5.076499999999996
2023-01-05,-3.165999999999997
2023-01-06,-3.1385000000000076
2023-01-09,-1.9274999999999949
2023-01-10,-1.0919999999999987
2023-01-11,1.363500000000002
2023-01-12,2.532499999999999
2023-01-13,3.1010000000000133
2023-01-16,2.355000000000004
2023-01-17,3.983000000000004
2023-01-18,3.2039999999999935
2023-01-19,4.332999999999998
2023-01-20,5.8374999999999915
2023-01-23,6.0530000000000115
2023-01-24,3.4795000000000016
2023-01-25,3.1779999999999973
2023-01-26,4.158500000000018
2023-01-27,3.008499999999998
2023-01-30,2.444500000000005
2023-01-31,0.8114999999999952
2023-02-01,-1.3135000000000048
2023-02-02,-2.5455000000000183
2023-02-03,-4.387500000000003
2023-02-06,-2.906499999999994
2023-02-07,-0.6924999999999955
2023-02-08,0.40449999999999875
2023-02-09,-0.34900000000000375
2023-02-10,1.5494999999999948
2023-02-13,1.9030000000000058
2023-02-14,0.853999999999985
2023-02-15,-0.012499999999988631
2023-02-16,-0.22050000000000125
2023-02-17,-1.8410000000000082
2023-02-20,-0.7834999999999894
2023-02-21,-1.2779999999999916
2023-02-22,-3.5914999999999964
2023-02-23,-0.8510000000000133
2023-02-24,-0.4684999999999917
2023-02-27,-1.3555000000000064
2023-02-28,0.6249999999999858
2023-03-01,0.991500000000002
2023-03-02,1.282500000000013
2023-03-03,2.5279999999999916
2023-03-06,2.3789999999999907
2023-03-08,-1.3400000000000034
2023-03-09,-2.2815000000000083
2023-03-10,-0.9235000000000042
2023-03-13,-3.263999999999996
2023-03-14,-5.703500000000005
2023-03-15,-7.640500000000003
2023-03-16,-8.271
2023-03-17,-9.720500000000001
2023-03-20,-7.852999999999994
2023-03-21,-5.092499999999987
2023-03-22,-3.4895000000000067
2023-03-23,-4.997500000000002
2023-03-24,-5.25500000000001
2023-03-27,-1.8094999999999999
2023-03-28,-0.3810000000000002
2023-03-29,-0.6559999999999917
2023-03-30,0.5455000000000041
2023-03-31,1.5334999999999894
2023-04-03,8.150000000000006
2023-04-04,8.048000000000002
2023-04-05,8.048500000000004
2023-04-06,8.440500000000014
2023-04-11,8.949499999999986
2023-04-12,9.507500000000007
2023-04-13,7.220500000000001
2023-04-14,7.3700000000000045
2023-04-17,5.064499999999995
2023-04-18,4.192000000000007
2023-04-19,3.406000000000006
2023-04-20,0.9305000000000092
2023-04-21,0.6364999999999981
2023-04-24,1.0104999999999933
2023-04-25,-1.5144999999999982
2023-04-26,-4.573999999999998
2023-04-27,-3.7560000000000002
2023-04-28,-2.7365000000000066
2023-05-02,-7.259500000000003
2023-05-03,-10.745499999999993
2023-05-04,-10.015
2023-05-05,-6.672499999999999
2023-05-09,-4.356000000000009
2023-05-10,-4.923000000000002
2023-05-11,-5.703000000000003
2023-05-12,-5.794499999999999
2023-05-15,-4.322000000000017
2023-05-16,-4.024000000000001
2023-05-17,-1.761499999999998
2023-05-18,-2.5049999999999955
2023-05-19,-2.3389999999999986
2023-05-22,-1.6130000000000138
2023-05-23,-0.38800000000000523
2023-05-24,1.2540000000000049
2023-05-25,-0.7524999999999977
2023-05-26,0.06050000000000466
2023-05-30,-2.5530000000000115
2023-05-31,-3.48599999999999
2023-06-01,-1.1595000000000084
2023-06-02,0.5060000000000002
2023-06-05,0.9355000000000047
2023-06-06,0.5269999999999868
2023-06-07,1.2025000000000006
2023-06-08,0.2734999999999843
2023-06-09,-0.8375000000000057
2023-06-12,-3.640500000000003
2023-06-13,-1.1394999999999982
2023-06-14,-1.9014999999999986
2023-06-15,0.5200000000000102
2023-06-16,1.4795000000000158
2023-06-19,0.7760000000000105
2023-06-20,0.4750000000000085
2023-06-21,1.5919999999999987
2023-06-22,-1.1949999999999932
2023-06-23,-1.460000000000008
2023-06-26,-1.0365000000000038
2023-06-27,-2.941500000000005
2023-06-28,-1.2644999999999982
2023-06-29,-1.028499999999994
2023-06-30,-0.30399999999998784
2023-07-03,-0.18950000000000955
2023-07-04,1.519999999999996
2023-07-05,2.0354999999999848
2023-07-06,1.9735000000000014
2023-07-07,3.8219999999999885
2023-07-10,2.5805000000000007
2023-07-11,4.025500000000008
2023-07-12,4.487499999999997
2023-07-13,5.169499999999999
2023-07-14,3.6025000000000063
2023-07-17,1.4170000000000016
2023-07-18,2.9694999999999965
2023-07-19,2.6864999999999952
2023-07-20,2.641999999999996
2023-07-21,3.707000000000008
2023-07-24,4.743499999999997
2023-07-25,5.0944999999999965
2023-07-26,4.147499999999994
2023-07-27,4.926500000000004
2023-07-28,4.637500000000003
2023-07-31,4.832499999999996
2023-08-01,4.497000000000014
2023-08-02,2.803500000000014
2023-08-03,4.510000000000005
2023-08-04,5.269500000000008
2023-08-07,3.927500000000009
2023-08-08,5.034500000000008
2023-08-09,5.896499999999989
2023-08-10,3.719999999999999
2023-08-11,3.8085000000000093
2023-08-14,2.79849999999999
2023-08-15,1.3414999999999964
2023-08-16,-0.7040000000000077
2023-08-17,-0.23499999999999943
2023-08-18,0.2020000000000124
2023-08-21,-0.4235000000000042
2023-08-22,-1.2254999999999967
2023-08-23,-2.0335000000000036
2023-08-24,-1.8930000000000007
2023-08-25,-0.589500000000001
2023-08-29,0.3030000000000115
2023-08-30,0.4890000000000043
2023-08-31,0.9950000000000045
2023-09-01,3.495500000000007
2023-09-04,3.7835000000000036
2023-09-05,4.374499999999998
2023-09-06,4.724999999999994
2023-09-07,4.002499999999998
2023-09-08,4.47199999999998
2023-09-11,4.390000000000001
2023-09-12,5.6910000000000025
2023-09-13,4.813000000000002
2023-09-14,6.4375
2023-09-15,6.272000000000006
2023-09-18,6.17049999999999
2023-09-19,5.796999999999997
2023-09-20,3.754000000000005
2023-09-21,2.406000000000006
2023-09-22,2.200000000000003
2023-09-25,1.7905000000000086
2023-09-26,1.8359999999999985
2023-09-27,3.951999999999998
2023-09-28,3.0245000000000033
2023-09-29,1.950499999999991
2023-10-02,-2.7390000000000043
2023-10-03,0.3504999999999967
2023-10-04,-4.181499999999986
2023-10-05,-5.587500000000006
2023-10-06,-5.807999999999993
2023-10-09,-2.2679999999999865
2023-10-10,-2.793999999999997
2023-10-11,-5.641000000000005
2023-10-12,-4.4809999999999945
2023-10-13,1.509999999999991
2023-10-16,-1.5820000000000078
2023-10-17,0.12749999999998352
2023-10-18,-0.2739999999999867
2023-10-19,0.8850000000000051
2023-10-20,1.4984999999999928
2023-10-23,-0.23499999999999943
2023-10-24,-3.7920000000000016
2023-10-25,-1.3039999999999878
2023-10-26,-2.5845000000000056
2023-10-27,-0.04799999999998761
2023-10-30,-0.02400000000000091
2023-10-31,-3.5520000000000067
2023-11-01,-3.306500000000014
2023-11-02,-1.2434999999999974
2023-11-03,-2.6980000000000075
2023-11-06,-2.7349999999999994
2023-11-07,-6.251499999999993
2023-11-08,-7.915500000000009
2023-11-09,-7.302500000000009
2023-11-10,-4.8489999999999895
2023-11-13,-4.074000000000012
2023-11-14,-3.5479999999999876
2023-11-15,-4.868499999999983
2023-11-16,-8.768999999999991
2023-11-17,-4.653999999999996
2023-11-20,-2.1925000000000097
2023-11-21,-2.7434999999999974
2023-11-22,-2.984499999999997
2023-11-23,-3.514499999999998
2023-11-24,-3.9989999999999952
2023-11-27,-3.766999999999996
2023-11-28,-1.3389999999999986
2023-11-29,0.17800000000001148
2023-11-30,-0.7169999999999987
2023-12-01,-3.275499999999994
2023-12-04,-3.378
2023-12-05,-3.9599999999999937
2023-12-06,-6.5434999999999945
2023-12-07,-6.286999999999992
2023-12-08,-4.1710000000000065
2023-12-11,-3.9439999999999884
2023-12-12,-5.079499999999996
2023-12-13,-4.636499999999998
2023-12-14,-1.6924999999999955
2023-12-15,-1.6834999999999951
2023-12-18,0.5845000000000056
2023-12-19,1.6444999999999936
2023-12-20,2.957499999999996
2023-12-21,2.593500000000006
2023-12-22,2.0729999999999933
2023-12-27,2.7390000000000043
2023-12-28,0.9400000000000119
2023-12-29,-0.1454999999999984
2024-01-02,-1.3215000000000003
2024-01-03,-0.3044999999999902
2024-01-04,-1.5759999999999934
2024-01-05,0.8919999999999959
2024-01-08,-2.0049999999999955
2024-01-09,0.30700000000000216
2024-01-10,0.6709999999999923
2024-01-11,2.1979999999999933
2024-01-12,1.5889999999999986
2024-01-15,1.1779999999999973
2024-01-16,1.413000000000011
2024-01-17,0.04099999999999682
2024-01-18,2.093500000000006
2024-01-19,1.7189999999999799
2024-01-22,2.679000000000002
2024-01-23,2.9535000000000053
2024-01-24,2.9675000000000153
2024-01-25,3.079499999999996
2024-01-26,3.874500000000012
2024-01-29,4.209499999999991
2024-01-30,3.964499999999987
2024-01-31,2.5145000000000124
2024-02-01,1.4140000000000015
2024-02-02,-1.3074999999999903
2024-02-05,-1.7390000000000185
2024-02-07,-0.019499999999993634
2024-02-08,1.5830000000000126
2024-02-09,1.984499999999997
2024-02-12,2.085000000000008
2024-02-13,2.6770000000000067
2024-02-14,2.1539999999999964
2024-02-15,1.8015000000000043
2024-02-16,2.159499999999994
2024-02-19,2.5589999999999975
2024-02-20,1.6650000000000063
2024-02-21,1.518500000000003
2024-02-22,2.4039999999999964
2024-02-23,0.6515000000000128
2024-02-26,0.4480000000000075
2024-02-27,0.24750000000000227
2024-02-28,0.5305000000000035
2024-02-29,0.9409999999999883
2024-03-01,1.059999999999988
2024-03-04,2.4680000000000035
2024-03-05,1.3819999999999908
2024-03-06,1.8815000000000026
2024-03-07,0.07800000000000296
2024-03-08,-0.5474999999999994
2024-03-11,-1.3755000000000024
2024-03-12,-1.1025000000000063
2024-03-13,-0.7894999999999897
2024-03-14,1.3290000000000077
2024-03-15,0.5335000000000036
2024-03-18,1.5660000000000025
2024-03-19,2.3270000000000124
2024-03-20,0.6869999999999976
2024-03-21,-0.11700000000000443
2024-03-22,-0.2014999999999958
2024-03-25,1.0000000000000142
2024-03-26,0.6244999999999976
2024-03-27,-0.3885000000000076
2024-03-28,0.7615000000000123
2024-04-02,2.080999999999989
2024-04-03,4.849999999999994
2024-04-04,4.344999999999999
2024-04-05,6.524000000000001
2024-04-08,5.1015000000000015
2024-04-09,5.109499999999997
2024-04-10,4.143000000000001
2024-04-11,3.6714999999999947
2024-04-12,4.8430000000000035
2024-04-15,2.3290000000000077
2024-04-17,0.8215000000000146
2024-04-18,-0.4719999999999942
2024-04-19,-0.8820000000000192
2024-04-22,-1.6185000000000116
2024-04-23,-0.796999999999997
2024-04-24,-0.2745000000000033
2024-04-25,-1.2905000000000086
2024-04-26,0.3575000000000017
2024-04-29,-1.3275000000000006
2024-04-30,-1.640500000000003
2024-05-01,-6.116500000000002
2024-05-02,-4.566999999999993
2024-05-03,-5.4410000000000025
2024-05-07,-5.844999999999999
2024-05-08,-5.630499999999998
2024-05-09,-4.357500000000002
2024-05-10,-3.8285000000000053
2024-05-13,-3.6230000000000047
2024-05-14,-5.197000000000003
2024-05-15,-5.674000000000007
2024-05-16,-3.609499999999997
2024-05-17,-2.714500000000001
2024-05-20,-2.7420000000000044
2024-05-21,-3.128
2024-05-22,-4.028499999999994
2024-05-23,-4.189999999999998
2024-05-24,-4.061000000000007
2024-05-28,-1.2104999999999961
2024-05-29,-0.7034999999999911
2024-05-30,-0.44299999999999784
2024-05-31,-2.2460000000000093
2024-06-03,-4.787999999999997
2024-06-04,-5.494500000000002
2024-06-05,-5.0504999999999995
2024-06-06,-2.599500000000006
2024-06-07,-1.8419999999999987
2024-06-10,-0.18200000000000216
2024-06-11,0.529500000000013
2024-06-12,0.9235000000000042
2024-06-13,1.7704999999999984
2024-06-14,1.8284999999999911
2024-06-17,2.778000000000006
2024-06-18,4.974000000000004
2024-06-19,5.602999999999994
2024-06-20,5.582000000000008
2024-06-21,5.723500000000001
2024-06-24,5.662000000000006
2024-06-25,5.448499999999996
2024-06-26,4.185500000000005
2024-06-27,5.146500000000003
2024-06-28,5.01400000000001
2024-07-01,3.8179999999999836
2024-07-02,4.880499999999998
2024-07-03,4.208499999999987
2024-07-04,3.762500000000003
2024-07-05,3.555499999999995
2024-07-08,1.6675000000000182
2024-07-09,0.6809999999999974
2024-07-10,0.44949999999998624
2024-07-11,0.13700000000000045
2024-07-12,0.7039999999999935
2024-07-15,-0.424500000000009
2024-07-16,-0.33500000000000796
2024-07-17,-1.1809999999999974
2024-07-18,-0.6979999999999933
2024-07-19,-1.7065000000000055
2024-07-22,-3.291000000000011
2024-07-23,-4.3004999999999995
2024-07-24,-3.3529999999999944
2024-07-25,-3.562000000000012
2024-07-26,-4.496500000000012
2024-07-29,-4.625
2024-07-30,-5.853999999999999
2024-07-31,-3.3810000000000002
2024-08-01,-3.052499999999995
2024-08-02,-5.557000000000002
2024-08-05,-5.914999999999992
2024-08-06,-6.311999999999998
2024-08-07,-4.257499999999993
2024-08-08,-1.4710000000000036
2024-08-09,-0.8470000000000084
2024-08-12,1.311000000000007
2024-08-13,0.9655000000000058
2024-08-14,0.7860000000000014
2024-08-15,1.8845000000000027
2024-08-16,0.5360000000000014
2024-08-19,0.18350000000000932
2024-08-20,-1.88900000000001
2024-08-21,-1.7570000000000192
2024-08-22,-1.5379999999999967
2024-08-23,0.052500000000009095
2024-08-27,1.1940000000000026
2024-08-28,-0.3149999999999835
2024-08-29,1.1869999999999834
2024-08-30,-0.10450000000000159
2024-09-02,-2.4580000000000126
2024-09-03,-3.765500000000017
2024-09-04,-5.457999999999998
2024-09-05,-5.468500000000006
2024-09-06,-6.721500000000006
2024-09-09,-6.736500000000007
2024-09-10,-8.130499999999984
2024-09-11,-7.5504999999999995
2024-09-12,-3.633499999999998
2024-09-13,-3.292999999999992
2024-09-16,-2.6329999999999956
2024-09-17,-1.7160000000000082
2024-09-18,-1.5294999999999987
2024-09-19,0.022500000000007958
2024-09-20,0.1944999999999908
2024-09-23,-0.5460000000000065
2024-09-24,0.10500000000000398
2024-09-25,0.44700000000000273
2024-09-26,-1.4684999999999917
2024-09-27,-2.469999999999999
2024-09-30,-1.4765000000000015
2024-10-01,1.5315000000000083
2024-10-02,1.0820000000000078
2024-10-03,3.6369999999999862
2024-10-04,5.061999999999983
2024-10-07,7.013499999999993
2024-10-08,3.070999999999998
2024-10-09,1.6034999999999968
2024-10-10,3.711500000000001
2024-10-11,4.201999999999984
2024-10-14,2.17649999999999
2024-10-15,-2.569999999999993
2024-10-16,-2.5564999999999856
2024-10-17,-1.758499999999998
2024-10-18,-3.2180000000000035
2024-10-21,-2.594999999999999
2024-10-22,-0.3100000000000023
2024-10-23,-1.1839999999999975
2024-10-24,-1.6544999999999987
2024-10-25,-0.5039999999999907
2024-10-28,-4.22999999999999
2024-10-29,-4.799499999999995
2024-10-30,-2.596999999999994
2024-10-31,-2.340999999999994
2024-11-01,-1.6765000000000043
2024-11-04,-0.07399999999999807
2024-11-05,2.07650000000001
2024-11-06,1.643500000000003
2024-11-07,1.0395000000000039
2024-11-08,-0.3389999999999844
2024-11-11,-1.875
2024-11-12,-1.448999999999998
2024-11-13,-1.1095000000000113
2024-11-14,-0.5304999999999893
2024-11-15,-0.5054999999999978
2024-11-18,0.34149999999999636
2024-11-19,0.3749999999999858
2024-11-20,0.4025000000000034
2024-11-21,1.1215000000000117
2024-11-22,2.1074999999999875
2024-11-25,0.15749999999999886
2024-11-26,0.2740000000000009
2024-11-27,-0.41100000000000136
2024-11-28,-0.4344999999999999
2024-11-29,-0.22100000000000364
2024-12-02,-1.4669999999999987
2024-12-03,0.6319999999999908
2024-12-04,0.6040000000000134
2024-12-05,-0.19849999999999568
2024-12-06,-0.18549999999999045
2024-12-09,-0.3124999999999858
2024-12-10,-0.45650000000000546
2024-12-11,0.20750000000001023
2024-12-12,-0.659000000000006
2024-12-13,0.6389999999999958
2024-12-16,0.05149999999999011
2024-12-17,-1.0305000000000035
2024-12-18,0.3674999999999926
2024-12-19,-0.3855000000000075
2024-12-20,-0.7999999999999972
2024-12-23,-1.7624999999999886
2024-12-24,-0.3294999999999959
2024-12-25,-0.3089999999999975
2024-12-27,-0.0315000000000083
2024-12-30,0.4344999999999999
2024-12-31,0.6859999999999928
2025-01-02,2.1790000000000163
2025-01-03,2.6569999999999965
2025-01-06,3.032499999999999
2025-01-07,3.3995000000000033
2025-01-08,2.7475000000000023
2025-01-09,3.5775000000000006
2025-01-10,4.628500000000017
2025-01-13,7.099999999999994
2025-01-14,6.424999999999997
2025-01-15,7.055999999999997
2025-01-16,5.504499999999993
2025-01-17,5.711999999999989
2025-01-20,3.9754999999999967
2025-01-21,2.4964999999999975
2025-01-22,1.5324999999999989
2025-01-23,-0.10349999999999682
2025-01-24,-0.2740000000000151
2025-01-27,-1.8604999999999876
2025-01-28,-1.3389999999999986
2025-01-29,-2.4509999999999934
2025-01-30,-2.114999999999995
2025-01-31,-2.444500000000005
2025-02-03,-3.025500000000008
2025-02-04,-2.8725000000000023
2025-02-05,-4.609500000000011
2025-02-06,-4.584499999999991
2025-02-07,-4.1905
2025-02-10,-2.3174999999999812
2025-02-11,-0.660499999999999
2025-02-12,-2.525500000000008
2025-02-13,-1.9564999999999912
2025-02-14,-1.9849999999999994
2025-02-17,-1.0714999999999861
2025-02-18,-0.21600000000000819
2025-02-19,-0.1529999999999916
2025-02-20,0.5404999999999944
2025-02-21,-1.338000000000008
2025-02-24,-1.207499999999996
2025-02-25,-2.742500000000007
2025-02-26,-2.186000000000007
2025-02-27,-0.5455000000000041
2025-02-28,-0.6779999999999973
2025-03-03,-2.406000000000006
2025-03-04,-2.7324999999999875
2025-03-05,-3.9329999999999927
2025-03-06,-3.5999999999999943
2025-03-07,-2.0805000000000007
2025-03-10,-3.23299999999999
2025-03-11,-2.495999999999995
2025-03-12,-1.4949999999999903
2025-03-13,-2.795500000000004
2025-03-14,-1.5130000000000052
2025-03-17,-1.3289999999999935
2025-03-18,-1.102499999999992
2025-03-19,-0.8725000000000023
2025-03-20,0.014499999999998181
2025-03-21,0.1565000000000083
2025-03-24,1.5229999999999961
2025-03-25,1.309500000000014
2025-03-26,2.073999999999984
2025-03-27,2.208500000000015
2025-03-28,2.182000000000002
2025-03-31,4.503
2025-04-01,4.779499999999999
2025-04-02,3.951999999999998
2025-04-03,-0.8509999999999991
2025-04-04,-4.8245000000000005
2025-04-07,-6.807000000000002
2025-04-08,-7.744500000000002
2025-04-09,-5.051500000000004
2025-04-10,-6.709000000000003
2025-04-11,-4.993499999999997
2025-04-14,-4.405999999999992
2025-04-15,-4.738500000000002
2025-04-16,-3.178500000000014
2025-04-17,-1.6244999999999976
2025-04-22,-1.8389999999999986
2025-04-23,-2.2240000000000038
2025-04-24,-2.6700000000000017
2025-04-25,-2.799500000000009
2025-04-28,-3.230000000000004
2025-04-29,-4.787499999999994
2025-04-30,-4.764500000000005
2025-05-01,-4.994000000000007
2025-05-02,-5.0090000000000074
2025-05-06,-3.700499999999998
2025-05-07,-5.35799999999999
2025-05-08,-3.2524999999999977
2025-05-09,-1.1824999999999903
2025-05-12,-0.061499999999995225
2025-05-13,1.5105000000000075
2025-05-14,0.5364999999999895
2025-05-15,-0.8724999999999881
2025-05-16,0.03650000000000375
2025-05-19,1.1710000000000065
2025-05-20,1.9710000000000036
2025-05-21,1.0545000000000044
2025-05-22,0.23400000000000887
2025-05-23,0.8785000000000025
2025-05-27,-0.07800000000000296
2025-05-28,1.342499999999987
2025-05-29,0.1944999999999908
2025-05-30,-0.13300000000000978
2025-06-02,1.887999999999991
2025-06-03,2.522500000000008
2025-06-04,1.5164999999999935
2025-06-05,1.6249999999999858
2025-06-06,2.214999999999989
2025-06-09,2.701499999999996
2025-06-10,2.2249999999999943
2025-06-11,4.887000000000015
2025-06-12,4.1905
2025-06-13,8.768499999999989
2025-06-16,7.325999999999993
2025-06-17,10.353499999999997
2025-06-18,9.460999999999999
2025-06-19,10.725499999999997
2025-06-20,8.392499999999998
2025-06-23,3.5559999999999974
2025-06-24,-1.8945000000000078
2025-06-25,-2.7584999999999837
2025-06-26,-2.787000000000006
2025-06-27,-2.2394999999999925
2025-06-30,-3.539500000000004
2025-07-01,-4.067000000000007
2025-07-02,-1.1025000000000063
2025-07-03,-1.646499999999989
2025-07-04,-1.1869999999999976
2025-07-07,-0.42799999999999727
2025-07-08,-0.08250000000001023
2025-07-09,-0.6370000000000005
2025-07-10,-2.2139999999999986
2025-07-11,-0.3370000000000033
2025-07-14,-1.2325000000000017
2025-07-15,-1.5009999999999906
2025-07-16,-1.6654999999999944
2025-07-17,0.4369999999999976
2025-07-18,0.5605000000000047
2025-07-21,1.5414999999999992
2025-07-22,-0.7164999999999964
2025-07-23,-1.2750000000000057
2025-07-24,-0.11749999999999261
2025-07-25,-1.3004999999999853
2025-07-28,0.20350000000000534
2025-07-29,2.264499999999984
2025-07-30,2.8755000000000024
2025-07-31,2.1750000000000114
2025-08-01,-0.6810000000000116
2025-08-04,-1.5515000000000043
2025-08-05,-1.8034999999999997
2025-08-06,-2.772999999999996
2025-08-07,-3.583500000000001
2025-08-08,-3.158999999999992
2025-08-11,-2.7890000000000015
2025-08-12,-3.1755000000000138
2025-08-13,-3.5545000000000044
2025-08-14,-1.5245000000000033
2025-08-15,-2.156499999999994
2025-08-18,-1.089500000000001
2025-08-19,-2.495999999999995
2025-08-20,-1.4279999999999973
2025-08-21,-0.5275000000000034
2025-08-22,-0.6004999999999967
2025-08-26,-1.80149999999999
2025-08-27,-0.6684999999999945
2025-08-28,0.45999999999999375
2025-08-29,-0.04000000000000625
2025-09-01,-0.6069999999999851
2025-09-02,0.46649999999999636
2025-09-03,0.20550000000000068
2025-09-04,-1.0665000000000049
2025-09-05,-2.453000000000003
2025-09-08,-1.846500000000006
2025-09-09,0.6529999999999916
2025-09-10,0.26200000000001467
2025-09-11,-0.15799999999998704
2025-09-12,0.47450000000000614
2025-09-15,0.4555000000000007
2025-09-16,2.1899999999999977
2025-09-17,1.5614999999999952
2025-09-18,0.1905000000000001
2025-09-19,-0.5215000000000032
2025-09-22,-0.6304999999999978
2025-09-23,0.4059999999999917
2025-09-24,1.991500000000002
2025-09-25,2.7380000000000138
2025-09-26,3.2420000000000044
2025-09-29,0.9964999999999975
2025-09-30,0.49499999999999034
2025-10-01,-1.3004999999999853
2025-10-02,-2.4819999999999993
2025-10-03,-1.8525000000000063
2025-10-06,-0.9749999999999943
2025-10-07,-0.9214999999999947
2025-10-08,-0.5914999999999964
2025-10-09,-0.7805000000000035
2025-10-10,-3.427500000000009
2025-10-13,-3.5009999999999906
2025-10-14,-4.316499999999991
2025-10-15,-4.643500000000003
2025-10-16,-5.555999999999997
2025-10-17,-5.115000000000002
2025-10-20,-5.327000000000005
2025-10-21,-4.688999999999993
2025-10-22,-3.040999999999997
2025-10-23,1.2069999999999936
2025-10-24,0.9545000000000101
2025-10-27,0.8485000000000014
2025-10-28,-0.4169999999999874
2025-10-29,0.6460000000000008
2025-10-30,0.7625000000000028
2025-10-31,1.1269999999999953
2025-11-03,1.5420000000000016
2025-11-04,0.894999999999996
2025-11-05,-0.41100000000000136
2025-11-06,-0.3500000000000085
2025-11-07,-0.00549999999999784
2025-11-10,-0.6585000000000107
2025-11-11,0.14849999999999852
2025-11-12,-1.8089999999999975
2025-11-13,-1.6019999999999968
2025-11-14,-0.4029999999999916
2025-11-17,-0.8155000000000001
2025-11-18,0.6915000000000049
2025-11-19,-0.46349999999999625
2025-11-20,-0.4694999999999965
2025-11-21,-1.1784999999999997
2025-11-24,0.9059999999999988
2025-11-25,0.06799999999999784
2025-11-26,0.8980000000000103
2025-11-27,0.31450000000000955
2025-11-28,0.27299999999998903
2025-12-01,0.5015000000000072
2025-12-02,-0.2650000000000077
2025-12-03,0.10449999999999449
2025-12-04,0.46750000000000114
2025-12-05,0.7025000000000077
2025-12-08,-0.43199999999999505
2025-12-09,-1.0500000000000043
2025-12-10,-0.6119999999999948
2025-12-11,-1.8485000000000085
2025-12-12,-1.5414999999999992
2025-12-15,-2.0209999999999937
2025-12-16,-3.3945000000000007
2025-12-17,-2.5560000000000116
2025-12-18,-2.3284999999999982
2025-12-19,-1.5970000000000013
2025-12-22,-0.596500000000006
2025-12-23,0.8980000000000032
2025-12-24,0.9534999999999982
2025-12-29,0.40749999999999176
2025-12-30,-0.30400000000000915
2025-12-31,-1.1105000000000018
2026-01-02,-0.41100000000000136
2026-01-05,0.6465000000000032
2026-01-06,-0.15100000000001046
2026-01-07,-1.0040000000000049
2026-01-08,1.2540000000000049
2026-01-09,2.899499999999996
2026-01-12,3.0755000000000052
2026-01-13,4.969999999999999
2026-01-14,5.922000000000004
2026-01-15,2.98149999999999
2026-01-16,3.4394999999999953
2026-01-19,3.0645000000000024
2026-01-20,3.4849999999999994
2026-01-21,2.2565000000000026
2026-01-22,0.8344999999999914
2026-01-23,3.3114999999999952
2026-01-26,2.6514999999999986
2026-01-27,4.872500000000002
2026-01-28,5.0625
2026-01-29,4.679999999999993
2026-01-30,5.416499999999999
2026-02-02,0.6504999999999939
2026-02-03,2.5450000000000017
2026-02-04,3.181500000000014
2026-02-05,1.5750000000000028
2026-02-06,1.8880000000000052
2026-02-09,2.3384999999999962
2026-02-10,1.987000000000009
2026-02-11,2.3644999999999925
2026-02-12,0.4624999999999915
2026-02-13,0.472999999999999
2026-02-16,1.1280000000000001
2026-02-17,-0.01650000000000773
2026-02-18,1.7404999999999973
2026-02-19,2.7450000000000045
2026-02-20,2.095499999999987
2026-02-23,1.0355000000000132
2026-02-24,0.2989999999999924
2026-02-25,-0.21049999999999613
2026-02-26,0.7264999999999873
2026-02-27,0.4329999999999927
2026-03-02,5.876999999999995
