Date,ret_rx_exec,ret_ad_exec,ret_port_exec,ret_rx_raw,ret_ad_raw,ret_port_raw
2017-01-02,0.0,0.0,0.0,,,0.0
2017-01-03,0.0,0.0,0.0,,,0.0
2017-01-04,2.9400800000015045e-05,-0.0035239489999999577,-0.0017472740999999712,0.00025949967021938244,-0.032764897489942435,-0.016252698909861526
2017-01-05,-0.0008311135645962966,0.00021606339638964345,-0.0003075250841033265,-0.006996311087124172,0.001990302121275582,-0.0025030044829242953
2017-01-06,0.0017428292910758767,-0.0027542132193054255,-0.0005056919641147744,0.013514773127672823,-0.02652978908438614,-0.006507507978356658
2017-01-09,-0.00038524079123167986,0.0009838942473400921,0.00029932672805420616,-0.002854292059512497,0.009967865044132412,0.0035567864923099577
2017-01-10,-0.0006532404446955789,-0.0020844834408516506,-0.0013688619427736147,-0.004678742416765885,-0.024376533077934217,-0.014527637747350051
2017-01-11,-0.0013028112432678885,0.0009144379685743761,-0.0001941866373467562,-0.009145912164805519,0.01114665505704421,0.0010003714461193454
2017-01-12,-0.001160697520778045,0.0032615610525472964,0.0010504317658846258,-0.007756815663001604,0.04207532234630809,0.017159253341653243
2017-01-13,0.0007618488946235248,0.0,0.0003809244473117624,0.004602110567679107,0.0,0.0023010552838395536
2017-01-16,-0.00028887436800261937,0.0003414871696454436,2.6306400821412114e-05,-0.0017153727837209399,0.005282316807558099,0.0017834720119185795
2017-01-17,-0.0004713978888420242,0.0007438627843542078,0.00013623244775609177,-0.002504507594930524,0.01211337593091801,0.004804434167993743
2017-01-18,0.00021767086597532264,-0.0029202851249046035,-0.0013513071294646403,0.0009863167337722932,-0.05044714664436665,-0.024730414955297177
2017-01-19,0.00044204772560110794,-0.001397787933953726,-0.000477870104176309,0.0020435937881196423,-0.024920861656395617,-0.011438633934137988
2017-01-20,0.002347482524908306,0.0017984595741724187,0.0020729710495403625,0.009036666472975964,0.03235920549351411,0.020697935983245035
2017-01-23,-0.005886610334203316,0.0018378969709240498,-0.002024356681639633,-0.02172297434233062,0.03327726490009834,0.005777145278883858
2017-01-24,0.0020193023517648167,0.0014629388376616744,0.0017411205947132455,0.007397484379550486,0.02700338595536046,0.017200435167455473
2017-01-25,0.005673516292383666,0.0031735106983875674,0.004423513495385617,0.02168057266496927,0.059087349412704604,0.04038396103883694
2017-01-26,0.002606377203552674,0.0007442700688026273,0.0016753236361776505,0.011770375730479177,0.014484347546010651,0.013127361638244914
2017-01-27,-0.0037812387797018995,-0.000168144609685568,-0.0019746916946937337,-0.019890256982374014,-0.003267123403963354,-0.011578690193168683
2017-01-30,-0.0017893499555877517,-0.0046803808103623315,-0.0032348653829750414,-0.010002743296071578,-0.09024581073941942,-0.0501242770177455
2017-01-31,-0.0004073994245940831,-0.000357423214745954,-0.0003824113196700186,-0.002369980159832827,-0.0066662475653299965,-0.0045181138625814115
2017-02-01,0.003061269504163192,0.004156693035106927,0.0036089812696350598,0.017611451428480553,0.07544888047074567,0.046530165949613116
2017-02-02,-0.004717845320932441,-0.003466836095767632,-0.0040923407083500365,-0.028645656265097703,-0.06215646352610192,-0.04540105989559981
2017-02-03,-0.0005307219526447553,-0.008403923397501461,-0.004467322675073109,-0.0030319631288521945,-0.14660385584697325,-0.07481790948791273
2017-02-06,-0.0020650146533385525,-0.00015396256605000746,-0.00110948860969428,-0.011205517734681446,-0.0026697747553195788,-0.0069376462450005125
2017-02-07,6.480736400262725e-05,-0.002256717992544994,-0.0010959553142711835,0.0003052750198861387,-0.03813176971692014,-0.018913247348516998
2017-02-08,0.002482984399795316,0.0007591947051285104,0.001621089552461913,0.012074703730321538,0.01112358321967411,0.011599143474997825
2017-02-09,6.57767392817599e-05,-0.0007258065354245823,-0.00033001489807141124,0.00034349235385521627,-0.01042325511108079,-0.0050398813786127865
2017-02-10,-0.002612752405550857,0.0014966677507580238,-0.0005580423273964166,-0.014330495638271002,0.018450093166158102,0.0020597987639435498
2017-02-13,-0.0011426626506564085,-0.003148862687636227,-0.002145762669146318,-0.006479567064868549,-0.03821932410576337,-0.022349445585315958
2017-02-14,-0.0022446850641478504,-0.0011459070966578506,-0.0016952960804028504,-0.012957719025633876,-0.013757999698608638,-0.013357859362121256
2017-02-15,-0.00056129291342613,0.0018755955333651366,0.0006571513099695033,-0.003290908342371752,0.021565139086419667,0.009137115372023958
2017-02-16,0.0017259176988297393,0.0001981858864245083,0.0009620517926271238,0.009859976995733688,0.0023627921086597985,0.006111384552196743
2017-02-17,0.002285863586423346,0.0,0.001142931793211673,0.013360544156361072,-0.0,0.006680272078180536
2017-02-20,0.0008697395329622159,0.0010764980362457928,0.0009731187846040044,0.005297143405913063,0.013778646815167111,0.009537895110540087
2017-02-21,-0.0011779557411171623,0.0017068895783807422,0.00026446691863179,-0.007538809440504615,0.022803128516818417,0.0076321595381569005
2017-02-22,0.0038917246324137516,0.004295998430544519,0.004093861531479136,0.025728852658229554,0.060590467663391635,0.043159660160810596
2017-02-23,0.00493359372590294,-0.0007256621529851239,0.002103965786458908,0.03477956101454262,-0.01135637714368455,0.011711591935429033
2017-02-24,0.005076212641729463,0.007470866496064368,0.0062735395688969155,0.03914810148044362,0.12298115653231538,0.08106462900637951
2017-02-27,-0.001283112953187582,-0.0009852717774534922,-0.001134192365320537,-0.011093856373129112,-0.018374369673007804,-0.014734113023068457
2017-02-28,-0.0002897451515634057,0.00010446394917700074,-9.264060119320249e-05,-0.0026960177883061875,0.0020680783635274526,-0.00031396971238936743
2017-03-01,-0.0100653836752194,-0.00165924623392769,-0.005862314954573545,-0.0992264207261232,-0.03429205144266345,-0.06675923608439333
2017-03-02,-0.001851978616173576,0.0021685658024771398,0.00015829359315178192,-0.017622857359771878,0.04458678501019485,0.013481963825211486
2017-03-03,-0.013301687019104282,-0.0037486819155328594,-0.008525184467318571,-0.12320383473528265,-0.0770481896069304,-0.10012601217110653
2017-03-06,-0.0006463970098360297,0.00383405971814837,0.00159383135415617,-0.00633205793062556,0.07422439597990664,0.03394616902464054
2017-03-07,-0.0025665070107911215,0.010806602879024664,0.004120047934116772,-0.027122854299528983,0.21013605735047172,0.09150660152547137
2017-03-08,0.005271062796984523,-0.002808999491990016,0.0012310316524972533,0.05739587915988626,-0.0601626814336386,-0.0013834011368761695
2017-03-09,0.0036945444135807175,0.0003280715278440962,0.0020113079707124067,0.04228046993763126,0.0066856762458805015,0.02448307309175588
2017-03-10,0.007297734093479184,0.0004501465736295504,0.003873940333554367,0.09120468456582398,0.009069648872609932,0.050137166719216954
2017-03-13,-0.0013511612646016971,-0.009439183032312884,-0.00539517214845729,-0.019209093193308185,-0.19875712393424316,-0.10898310856377567
2017-03-14,-0.0026547291454608,-0.0007708959292656797,-0.0017128125373632398,-0.04030486499342303,-0.015939894883846867,-0.028122379938634947
2017-03-15,-0.00332867175367397,0.0029953709658649802,-0.00016665039390449492,-0.05331126182590879,0.061299541217074115,0.003994139695582662
2017-03-16,0.0019076323759572606,-0.0012787404638135529,0.00031444595607185385,0.031123608729150636,-0.026269182266474924,0.002427213231337856
2017-03-17,-0.0004574174759036385,-0.0028181276012376514,-0.001637772538570645,-0.0077802879823789485,-0.05666150080437451,-0.03222089439337673
2017-03-20,0.00016016938084015164,-7.053852540468079e-05,4.4815427717735426e-05,0.0028017263982590534,-0.001346718481329556,0.0007275039584647487
2017-03-21,0.0007801287453547709,0.00023438647252388499,0.0005072576089393279,0.01405322788079279,0.004402660779663043,0.009227944330227916
2017-03-22,-0.002121393355867035,-0.0009080753761033606,-0.0015147343659851979,-0.039417538695446425,-0.014452082493106961,-0.026934810594276694
2017-03-23,0.00042838782817336405,-0.0003044849964130871,6.195141588013846e-05,0.007957450188483255,-0.004661475114102128,0.0016479875371905634
2017-03-24,-0.0004133202807899359,0.00011714528298610311,-0.0001480874989019164,-0.007663311733584199,0.0017058574281253248,-0.002978727152729437
2017-03-27,-6.872429668962567e-05,-1.2689252504074277e-05,-4.070677459684997e-05,-0.001280056549249167,-0.00015911969077589825,-0.0007195881200125326
2017-03-28,-0.0004673573362937917,-0.0021933163220585277,-0.0013303368291761597,-0.00869252799050662,-0.024084915172934335,-0.01638872158172048
2017-03-29,-0.00044121741814117017,0.0003749975022898423,-3.3109957925663946e-05,-0.008212535436033596,0.0036089968537283516,-0.0023017692911526224
2017-03-30,3.324922890800754e-05,-0.0004459167676585258,-0.00020633376937525914,0.00038945193185147844,-0.0040786004925857195,-0.0018445742803671204
2017-03-31,-1.8343792239204774e-05,-0.00017609830189288254,-9.722104706604366e-05,-0.00030876466118187184,-0.0014881639619456653,-0.0008984643115637686
2017-04-03,0.0010754245473873212,-0.0002015702194507707,0.00043692716396827525,0.015016485941573196,-0.0016482788632822352,0.00668410353914548
2017-04-04,0.0013101961877736174,-0.0028134175422002737,-0.0007516106772133282,0.016383645754421732,-0.024820624855936765,-0.004218489550757517
2017-04-05,-0.0006691100215302605,-0.0012104608316149059,-0.0009397854265725832,-0.006793100138674495,-0.010928666435044929,-0.008860883286859713
2017-04-06,-6.523898749160699e-05,-0.0022797344990582217,-0.0011724867432749144,-0.0005655655083095741,-0.020604577616930495,-0.010585071562620035
2017-04-07,0.0036856709708910024,-0.00016841609887829616,0.0017586274360063532,0.026111363781638187,-0.0015234946237290782,0.012293934578954554
2017-04-10,0.001165504251661319,0.0005293030834953558,0.0008474036675783375,0.008850317380116981,0.004590595407033887,0.006720456393575434
2017-04-11,0.0018043146122110737,-0.0006642324401894038,0.000570041086010835,0.014928936479069123,-0.005782867912125025,0.004573034283472049
2017-04-12,0.00032746634989999965,-0.003451115818353112,-0.0015618247342265561,0.002897861378756577,-0.027333950521214057,-0.01221804457122874
2017-04-13,0.0,-0.0034212165135373658,-0.0017106082567686829,0.0,-0.025201901707061807,-0.012600950853530904
2017-04-14,0.0,-0.005080333194331222,-0.002540166597165611,0.0,-0.03809519614077893,-0.019047598070389464
2017-04-17,0.002010758117202435,-0.00018844427203003415,0.0009111569225862003,0.01965180178742273,-0.0012837824864698963,0.009184009650476417
2017-04-18,0.0009846442258840322,0.0006395681056372157,0.0008121061657606239,0.009730700979313285,0.004340780271707415,0.0070357406255103505
2017-04-19,-0.0030700199888114925,-0.000473389828796123,-0.0017717049088038078,-0.030760079303612905,-0.003212930883480485,-0.016986505093546694
2017-04-20,-0.0030146789009078594,0.0008983710391762367,-0.0010581539308658113,-0.0299469036061661,0.0057932824330456534,-0.012076810586560224
2017-04-21,0.0,-0.0032741353582963592,-0.0016370676791481796,0.0,-0.02093216635220924,-0.01046608317610462
2017-04-24,-0.00348671346290398,4.1977302976922896e-05,-0.0017223680799635286,-0.03264601811468868,0.0002569529444963119,-0.016194532585096184
2017-04-25,0.0007196914271690865,0.0010423926004303307,0.0008810420137997086,0.006452051989283227,0.006892573286975443,0.0066723126381293355
2017-04-26,-0.0015915580138875513,0.002308247487813456,0.0003583447369629524,-0.01324975815845348,0.016288289980855724,0.001519265911201122
2017-04-27,-0.00491512658525885,-0.005229408172475807,-0.005072267378867328,-0.03909443711454976,-0.040927435386201236,-0.040010936250375495
2017-04-28,0.0,0.0020186490782176593,0.0010093245391088297,-0.0,0.01641605053905748,0.00820802526952874
2017-05-01,0.0009264260317709928,-0.0018986639149363735,-0.00048611894158269035,0.006148285922611685,-0.016144333664710596,-0.0049980238710494555
2017-05-02,0.00038287494509359963,-0.003455467117259985,-0.0015362960860831926,0.0023339484660986434,-0.029612206445200084,-0.01363912898955072
2017-05-03,0.0,-0.0016637324224116478,-0.0008318662112058239,-0.0,-0.014273163118537383,-0.007136581559268692
2017-05-04,0.003813492065052104,-0.000259636654919774,0.001776927705066165,0.020782067359083452,-0.002245105272832388,0.009268481043125531
2017-05-05,0.003224230539116002,0.0001996433200949427,0.0017119369296054723,0.01884802985274341,0.0018018203958344956,0.010324925124288953
2017-05-08,0.0,0.002176851967551854,0.001088425983775927,-0.0,0.01894966831520032,0.00947483415760016
2017-05-09,0.0017461713348227706,-0.0029718158588938524,-0.0006128222620355409,0.011876898264971179,-0.025571622404039786,-0.006847362069534304
2017-05-10,-0.003249280870071587,0.0008903747590234769,-0.001179453055524055,-0.023686029065647426,0.007718255104723385,-0.00798388698046202
2017-05-11,0.0016253645046565084,-0.009922268543952381,-0.0041484520196479364,0.012304374490452689,-0.08975228352394618,-0.03872395451674675
2017-05-12,-0.0038320092861812973,-0.004072038259763494,-0.003952023772972395,-0.03064855241264118,-0.03635980449534814,-0.03350417845399466
2017-05-15,0.0022888048350779857,-0.000979733767326115,0.0006545355338759354,0.01824484899803673,-0.00916981660938215,0.0045375161943272905
2017-05-16,0.0001817261907312138,0.0005148646581373852,0.0003482954244342995,0.0014528610258301726,0.004668878111695552,0.0030608695687628622
2017-05-17,-0.0034464566523681635,-4.15219341865081e-05,-0.0017439892932773358,-0.02751264896208927,-0.0003825545059449476,-0.013947601734017108
2017-05-18,-0.001616813617516893,0.002623478347546513,0.00050333236501481,-0.01278981634297787,0.024187034639129048,0.0056986091480755886
2017-05-19,7.924879692315842e-05,-0.0037171666078539434,-0.0018189589054653924,0.0006218131537723624,-0.03364687482736626,-0.01651253083679695
2017-05-22,-0.00017800855279127956,0.0,-8.900427639563978e-05,-0.0012825077875665768,-0.0,-0.0006412538937832884
2017-05-23,2.756752188042133e-05,0.0031851798854259468,0.001606373703653184,0.00013696685156144785,0.029070951930064783,0.014603959390813116
2017-05-24,9.648366676586692e-05,0.007537556782210364,0.0038170202244881156,0.0005286513666252405,0.07120811006103221,0.035868380713828724
2017-05-25,-0.0014057692248190213,0.0046015649954246635,0.001597897885302821,-0.006621768123865823,0.049197325812009876,0.021287778844072028
2017-05-26,5.520581152573743e-05,0.0,2.7602905762868714e-05,0.00012682887851961223,-0.0,6.341443925980611e-05
2017-05-29,0.002817641079797229,-0.002802654381125731,7.493349335748823e-06,0.010444561389962697,-0.036326265072970244,-0.012940851841503773
2017-05-30,0.0005619448570457705,0.0014416087420653606,0.0010017767995555656,0.0022767191539984698,0.0196252494214527,0.010950984287725585
2017-05-31,-0.00013639567557722024,0.002710382164983275,0.0012869932447030275,-0.0005936919061754947,0.03944810135820446,0.01942720472601448
2017-06-01,-0.000563998543633386,-0.011189565441610183,-0.0058767819926217844,-0.0025884832158969,-0.17281103393143143,-0.08769975857366416
2017-06-02,0.005596141773509035,-0.0032881001056656047,0.0011540208339217153,0.026291802582545258,-0.05016505646871743,-0.011936626943086087
2017-06-05,0.025868863078808486,-0.00017443413763267493,0.012847214470587906,0.13086285024770458,-0.0026453565064808223,0.06410874687061188
2017-06-06,0.005968359170112554,-0.0005764472641425646,0.0026959559529849946,0.040450270379395054,-0.008602469562210056,0.015923900408592498
2017-06-07,0.0010212453538157504,-0.0006336070143830486,0.0001938191697163509,0.008409443193778041,-0.009704183763912487,-0.0006473702850672228
2017-06-08,-0.00038754482682951336,0.0027723410597615297,0.0011923981164660082,-0.0036363636363634377,0.04199508478146875,0.019179360572552658
2017-06-09,-0.0011708170387852497,0.0019134060064207447,0.00037129448381774746,-0.012123416378735374,0.02903003607716817,0.008453309849216398
2017-06-12,0.0025434299564187123,0.0013471630356613076,0.0019452964960400099,0.027900770303874722,0.01995410408074655,0.023927437192310635
2017-06-13,-0.001781399300704723,0.0013646424493646545,-0.00020837842567003422,-0.02059357964869557,0.019593876495896514,-0.0004998515763995279
2017-06-14,0.005270859886525984,0.008058737308205175,0.006664798597365579,0.06207141439380769,0.1147027496088115,0.0883870820013096
2017-06-15,-0.008319907620528196,0.01384076041013856,0.0027604263948051823,-0.10194570618602722,0.20266563100760182,0.0503599624107873
2017-06-16,0.00099315358260306,0.0,0.00049657679130153,0.012036111182308715,0.0,0.006018055591154358
2017-06-19,-0.0004783668141825516,-0.0017875006687395896,-0.0011329337414610705,-0.005870163097267089,-0.03330196191992929,-0.01958606250859819
2017-06-20,0.0014058750406257532,-0.013289291495230495,-0.005941708227302371,0.016685197797080963,-0.2668600435097912,-0.12508742285635513
2017-06-21,0.0002544502017972532,0.0016116803349089629,0.000933065268353108,0.0029820361155523793,0.03315259139042799,0.018067313752990186
2017-06-22,0.000610525136069217,-0.003529934608514577,-0.00145970473622268,0.006954695235228103,-0.07615598050277958,-0.03460064263377574
2017-06-23,-0.0001016921037594328,-0.004137891928068354,-0.0021197920159138936,-0.0011625644130499933,-0.08906069684357312,-0.045111630628311555
2017-06-26,0.00034822033173856093,3.0403062597565806e-05,0.00018931169716806338,0.003897551001538128,0.0006752849981878762,0.002286417999863002
2017-06-27,-0.0070658595276593674,-0.00011147450702467009,-0.0035886670173420187,-0.07547510272087041,-0.002433943497062788,-0.0389545231089666
2017-06-28,-0.00026710570591034397,0.0019391969901848315,0.0008360456421372438,-0.002469088867247531,0.04238704279542262,0.019958976964087546
2017-06-29,0.0028498887512569005,-0.0005637738686214503,0.001143057441317725,0.02462644589282618,-0.012196029693874866,0.006215208099475658
2017-06-30,0.002031435796007241,-0.0028825365422597963,-0.0004255503731262777,0.01731622967843155,-0.05969810171676635,-0.0211909360191674
2017-07-03,0.0021934909907108703,0.0,0.0010967454953554352,0.01868021404039417,-0.0,0.009340107020197086
2017-07-04,-0.0022992300236365586,-0.00047572128145163323,-0.001387475652544096,-0.020418848162722564,-0.008721803902665026,-0.014570326032693795
2017-07-05,-0.0009218114660537025,0.0007345707743854131,-9.362034583414468e-05,-0.00823801362132081,0.012687627133329257,0.002224806756004224
2017-07-06,0.015382505305378874,0.0013571127575498102,0.008369809031464342,0.14018436569024806,0.021237786366645,0.08071107602844653
2017-07-07,0.00010484817089166763,-0.004195537600336112,-0.002045344714722222,0.0010864482168816596,-0.06258045893735173,-0.030747005360235034
2017-07-10,-0.004815957905962709,0.0005251252604983389,-0.0021454163227321854,-0.05357606402598446,0.0075109696035228525,-0.023032547211230804
2017-07-11,0.0023318447031606517,-5.255277490109952e-05,0.0011396459641297761,0.02713184088920742,-0.0007457080602637698,0.013193066414471825
2017-07-12,-0.006153791056786154,-0.0016933054902002118,-0.003923548273493183,-0.07686667902773053,-0.02300893942732283,-0.04993780922752668
2017-07-13,0.001725050182073863,0.004349129884488491,0.0030370900332811774,0.02137189971220239,0.05963430460578557,0.04050310215899398
2017-07-14,5.608304912764268e-05,-0.005310658485370456,-0.0026272877181214064,0.000702907724632622,-0.07672519299605596,-0.03801114263571167
2017-07-17,-0.0006927517552388922,-0.0019038759597070052,-0.0012983138574729487,-0.008855662233504386,-0.028095274541348837,-0.018475468387426613
2017-07-18,-0.0014161739283911148,-0.0009578413251249205,-0.0011870076267580178,-0.017677498901260122,-0.014541064870467649,-0.016109281885863885
2017-07-19,-0.0009564741684684725,-0.0033498626266697117,-0.0021531683975690922,-0.011704089265784659,-0.05162271234451259,-0.03166340080514862
2017-07-20,-1.654475611463069e-05,0.0002572583904718135,0.0001203568171785914,-0.00019960071584269694,0.003967548314859495,0.0018839737995083989
2017-07-21,-0.0004246557661007701,-0.002694362172054869,-0.0015595089690778195,-0.005100375554384401,-0.03911406455013866,-0.022107220052261532
2017-07-24,5.958741159101827e-05,0.00022633705328318048,0.00014296223243709938,0.0006601542308509353,0.003109999494401148,0.0018850768626260416
2017-07-25,-0.0020744010916437148,0.0002653715717943234,-0.0009045147599246957,-0.021919348804821197,0.0034701628643034666,-0.009224592970258865
2017-07-26,7.961029186696847e-05,-0.00011928269587259062,-1.9836202002811076e-05,0.0007201137108388594,-0.0015160297680984892,-0.0003979580286298149
2017-07-27,-4.975247160806632e-05,-0.001823734614815177,-0.0009367435432116217,-0.0006101794184312964,-0.02282235788590455,-0.011716268652167922
2017-07-28,-0.00022113309795403343,0.0008654526471784041,0.00032215977461218535,-0.001779474924936451,0.010805144383806857,0.004512834729435203
2017-07-31,-1.9906380775513705e-05,-0.0041986197025412975,-0.0021092630416584056,-0.00015303910253553545,-0.05371024104220828,-0.026931640072371907
2017-08-01,0.0004700211247302165,0.005534009344408337,0.003002015234569277,0.0025655316052506714,0.06878704797292925,0.03567628978908996
2017-08-02,0.0002851964226693472,0.0053531130557648784,0.002819154739217113,0.0013723696827911839,0.07130472231125122,0.0363385459970212
2017-08-03,0.003403699749184248,-0.0001809978754916517,0.0016113509368462981,0.015322580676689207,-0.0026006434598643225,0.006360968608412442
2017-08-04,-0.001741232233045122,-0.0033581013564699465,-0.002549666794757534,-0.008617236858125361,-0.0505457128477643,-0.029581474852944833
2017-08-07,0.0017442694111669604,-0.0001231461757489433,0.0008105616177090085,0.00911148041140199,-0.0019358979365054554,0.0035877912374482675
2017-08-08,-0.0017599551602821663,0.003990427500149962,0.0011152361699338976,-0.009817663378733577,0.06565249749370526,0.027917417057485842
2017-08-09,0.006966175602268547,0.0,0.0034830878011342737,0.04102841691403614,-0.0,0.02051420845701807
2017-08-10,0.002116810980890711,0.00015640658268272143,0.0011366087817867162,0.01380171294286676,0.00285900272397478,0.00833035783342077
2017-08-11,0.004983459473222339,0.0043541689285225135,0.004668814200872427,0.03343595950553314,0.08298810897121925,0.05821203423837619
2017-08-14,-0.004401731771767028,0.0013772524940058857,-0.0015122396388805711,-0.03113568534355978,0.028320994625489943,-0.001407345359034919
2017-08-15,-0.004245262863669833,0.001742910921748787,-0.0012511759709605231,-0.030306501416558187,0.037947742207020456,0.0038206203952311345
2017-08-16,-0.0010095992276413944,0.003628889377289411,0.0013096450748240082,-0.007048701336447675,0.08386467304608515,0.038407985854818735
2017-08-17,0.0016038092832619652,0.0031652712743184125,0.002384540278790189,0.011342151075041619,0.07718859452712112,0.04426537280108137
2017-08-18,0.003147645368208176,-0.001084901760840469,0.0010313718036838535,0.021546088896509556,-0.02656059887366515,-0.0025072549885777964
2017-08-21,0.000690965112198462,-0.0011365172050715406,-0.0002227760464365393,0.004745418886410896,-0.027752945623749657,-0.01150376336866938
2017-08-22,0.0,-0.0007493390030862396,-0.0003746695015431198,0.0,-0.01807380086985607,-0.009036900434928035
2017-08-23,0.004031488533991787,-0.004672563316330553,-0.000320537391169383,0.026456100941506883,-0.11045558153398273,-0.041999740296237924
2017-08-24,-0.0010663942754974226,0.003549135755844734,0.0012413707401736558,-0.007333208259529957,0.07983701037453468,0.03625190105750236
2017-08-25,0.00021568517538389994,0.00021450194406020046,0.0002150935597220502,0.0014689820464215307,0.004771949975476721,0.003120466010949126
2017-08-28,0.0019657969237544966,-0.00032471866817348127,0.0008205391277905077,0.013601244271983294,-0.007047237369934726,0.003277003451024284
2017-08-29,0.004904306895893051,-0.0035784624615317366,0.0006629222171806574,0.03468812189237973,-0.07503103700839911,-0.02017145755800969
2017-08-30,-0.0035445432667487345,-0.00027622887134877015,-0.0019103860690487524,-0.024658799895457006,-0.005108803323937637,-0.014883801609697322
2017-08-31,-0.0007229365462859357,0.00023838095239447346,-0.00024227779694573114,-0.004751198476458876,0.00379855679106347,-0.00047632084269770276
2017-09-01,-0.0024376024869777156,0.0,-0.0012188012434888578,-0.015769095326342502,-0.0,-0.007884547663171251
2017-09-04,-0.025872976718040112,0.000381860270508005,-0.012745558223766053,-0.15319713445700142,0.005108818476613327,-0.07404415799019405
2017-09-05,-0.002092619242482983,0.0023349557725411687,0.00012116826502909291,-0.01209995931410428,0.025227164642915377,0.006563602664405549
2017-09-06,0.0005332134406024287,0.0003808252986729056,0.0004570193696376672,0.003138167811878938,0.003971076501884536,0.003554622156881737
2017-09-07,-0.005600235790547257,0.00012959330245923404,-0.0027353212440440118,-0.034013445425290174,0.001360545582402642,-0.016326449921443765
2017-09-08,0.00170912325854695,0.0009431415261479051,0.0013261323923474276,0.010315524260653493,0.009926183331586654,0.010120853796120073
2017-09-11,0.0013881197748326583,-0.008899991125819363,-0.0037559356754933524,0.008594406335895623,-0.08946819115091416,-0.040436892407509265
2017-09-12,0.006667207839631925,0.00040239531097888473,0.003534801575305405,0.041821839799472196,0.0035733135771345275,0.022697576688303363
2017-09-13,0.0013212651419272547,-0.0011669190317412548,7.717305509299997e-05,0.009160245798000953,-0.00963901882237963,-0.00023938651218933897
2017-09-14,0.0014965714515071378,-0.0011417304516492498,0.00017742049992894402,0.01139290810387683,-0.008453448625114766,0.0014697297393810316
2017-09-15,0.003455649854691437,4.294051036062438e-05,0.0017492951825260306,0.0287153308315572,0.00026796854643993827,0.014491649688998569
2017-09-18,0.002382259119716443,8.860359764791224e-06,0.0011955597397406172,0.021419202268436646,5.249482139271135e-05,0.010735848544914679
2017-09-19,-0.0014259584692621838,0.0007497161065726097,-0.00033812118134478704,-0.013888568509540558,0.0043640983741496,-0.0047622350676954795
2017-09-20,-0.0020368296930335524,0.0011554004820130968,-0.0004407146055102278,-0.020642044494073416,0.0067236789222583394,-0.006959182785907538
2017-09-21,0.001357699938480053,-0.006417606107078048,-0.0025299530842989976,0.014296009146335432,-0.039397127898248355,-0.012550559375956461
2017-09-22,0.0001373582736895488,0.001126261402814057,0.0006318098382518029,0.001503337347117191,0.00680009937690665,0.004151718362011921
2017-09-25,-0.00511367783295377,-0.0010531862141195797,-0.003083432023536675,-0.05724176804094562,-0.006337955560339263,-0.031789861800642444
2017-09-26,0.000857216958121859,-0.00024029746834196443,0.0003084597448899473,0.009450459251363993,-0.0013883162662433528,0.0040310714925603204
2017-09-27,0.002072243368986939,0.002442584296041375,0.0022574138325141572,0.02308541852830691,0.014790347882552944,0.018937883205429926
2017-09-28,0.0008547115961325341,-0.010294380015496695,-0.00471983420968208,0.00926976219496354,-0.06695456442634254,-0.0288424011156895
2017-09-29,-0.0009781972063470615,-0.0012409966090634618,-0.0011095969077052617,-0.010778666080574593,-0.007820488001022141,-0.009299577040798368
2017-10-02,-0.0009791550130455358,0.0015531732440584685,0.00028700911550646633,-0.010347745667189809,0.009889250378893022,-0.0002292476441483936
2017-10-03,0.0004111592267436653,0.005219125126224402,0.0028151421764840336,0.004100964571304382,0.035115040967466545,0.019608002769385464
2017-10-04,-0.0008219804886252292,-0.0028122337111836926,-0.0018171070999044609,-0.007528177413980625,-0.021804265428269364,-0.014666221421124994
2017-10-05,0.00036686041865527223,-0.009199780536810658,-0.004416460059077693,0.0028971417195541764,-0.07375913805896052,-0.03543099816970317
2017-10-06,0.00023337101546494165,-0.003268057755709706,-0.0015173433701223822,0.0015539678549021728,-0.025367262477909058,-0.011906647311503442
2017-10-09,-0.0014621171478167367,-0.0012713609495519503,-0.0013667390486843435,-0.006981759896573367,-0.009627546333814853,-0.00830465311519411
2017-10-10,-0.00012906834004439472,-0.0003098699772030924,-0.00021946915862374356,-0.0006130148401676225,-0.0022899951967334407,-0.0014515050184505315
2017-10-11,0.0003917062094188188,-0.0003644195174874281,1.3643345965695333e-05,0.0018476594967512822,-0.0027217225188402978,-0.00043703151104450776
2017-10-12,-0.0004649689924433169,-0.0022009325404786077,-0.0013329507664609623,-0.002040160976369153,-0.01618584261237121,-0.009113001794370183
2017-10-13,-0.0009515153642288499,0.0011072681438714545,7.78763898213023e-05,-0.003335275785726818,0.008756494803127204,0.0027106095087001928
2017-10-16,0.0021565944247142906,-0.005615862243895727,-0.001729633909590718,0.006202600025008293,-0.04887306381246749,-0.0213352318937296
2017-10-17,0.002187523013617407,-0.001912407454965904,0.00013755777932575146,0.005899416079318963,-0.017012992016759224,-0.005556787968720131
2017-10-18,-0.007466595982621614,0.0018174504240531881,-0.0028245727792842127,-0.023388158140075197,0.01624131629532819,-0.003573420922373503
2017-10-19,0.001419178862096016,0.0008437922280866675,0.0011314855450913416,0.004557340637329941,0.00777646342489968,0.0061669020311148105
2017-10-20,-0.01049819939355118,0.0012885085550878373,-0.004604845419231671,-0.03654364945681571,0.011939188941995516,-0.012302230257410096
2017-10-23,0.0008931534932241813,-0.0031153849190669156,-0.001111115712921367,0.003047620008242113,-0.029710912602795903,-0.013331646297276895
2017-10-24,-0.0007706715071085067,-0.0009853984736281848,-0.0008780349903683457,-0.0025003688116872385,-0.00919345156140214,-0.00584691018654469
2017-10-25,0.00035518824331149567,0.002554699443629303,0.0014549438434703994,0.001185621564417003,0.02252828977054937,0.011856955667483187
2017-10-26,-0.004947199003215568,-0.0016289860613056062,-0.003288092532260587,-0.017247014536105793,-0.01384889449571511,-0.015547954515910452
2017-10-27,-0.004186775128238172,-0.0005261664710940653,-0.0023564707996661187,-0.013995984149514015,-0.0044061622320797226,-0.009201073190796868
2017-10-30,0.0009760163012587865,-0.0029378714739060558,-0.0009809275863236345,0.003524063755993073,-0.02292334189137672,-0.009699639067691824
2017-10-31,0.0003636604651906451,0.00036023715142477876,0.00036194880830771195,0.0013796473043779123,0.0027609693812447214,0.002070308342811317
2017-11-01,-0.0013904956110737782,-0.0007018564368369373,-0.0010461760239553579,-0.005738146544142271,-0.005229099797312436,-0.005483623170727353
2017-11-02,0.0007098671826512991,0.0011390213370840328,0.000924444259867666,0.0029978947713295767,0.008387806083856116,0.005692850427592846
2017-11-03,0.0006025043641124288,0.009218610968140625,0.004910557666126527,0.0025602307415979303,0.06716838961021045,0.03486431017590419
2017-11-06,0.004726243275738231,-0.004963901754441455,-0.0001188292393516123,0.020652269582821396,-0.04247923169289246,-0.010913481055035531
2017-11-07,0.0018680351277695038,-0.011849660729181075,-0.004990812800705785,0.008562079087902297,-0.11336581088928255,-0.052401865900690126
2017-11-08,0.0017336271146041074,-0.004788168542184503,-0.0015272707137901978,0.008319473070352166,-0.04603619834633654,-0.01885836263799219
2017-11-09,-0.012287901340138178,-0.002769015944732274,-0.007528458642435227,-0.061729272088860525,-0.026474461754889843,-0.044101866921875184
2017-11-10,-0.0035145809212620864,-0.0003260809475664031,-0.0019203309344142448,-0.01700649020558585,-0.0031872120326531745,-0.010096851119119512
2017-11-13,-0.00036517545878553194,-0.0005093540318451804,-0.0004372647453153562,-0.0017623169202969048,-0.0049225085921543454,-0.003342412756225625
2017-11-14,-0.00017750117051890362,-0.0030297084729228015,-0.0016036048217208526,-0.0009117919487730984,-0.029076821069435297,-0.014994306509104197
2017-11-15,-0.00017180582204314552,0.00010144107141004211,-3.5182375316551705e-05,-0.0008437962359979937,0.0010279860471370257,9.2094905569516e-05
2017-11-16,6.186072396806824e-05,-0.0041201759208338755,-0.0020291575984329037,0.00027414023461525607,-0.0455226107315641,-0.02262423524847442
2017-11-17,0.0004215433011790165,0.0036709493183459717,0.002046246309762494,0.0017290709953273406,0.0414011239805641,0.02156509748794572
2017-11-20,0.0004580061709786021,0.0055762467871010935,0.003017126479039848,0.0019249720973791543,0.06500963453992235,0.033467303318650755
2017-11-21,0.0007553642206403753,-0.0006405608667878265,5.740167692627442e-05,0.0032082084587605414,-0.008124614074969085,-0.002458202808104272
2017-11-22,-0.0007776666239650835,0.0,-0.00038883331198254174,-0.003415660912241886,0.0,-0.001707830456120943
2017-11-23,0.0005951490694231841,-0.0021427782932496903,-0.0007738146119132531,0.002675647185135977,-0.030432138823846384,-0.013878245819355204
2017-11-24,-0.0015556178954866575,0.005430171940232926,0.0019372770223731344,-0.006964338810377629,0.07786589190807301,0.03545077654884769
2017-11-27,0.0015752258953969278,0.002178968756477756,0.001877097325937342,0.006618339055616721,0.03232608352572978,0.01947221129067325
2017-11-28,0.00043922575209930017,0.005484547107297706,0.002961886429698503,0.001819372936348972,0.08484932262362097,0.04333434777998497
2017-11-29,-0.006547764371690577,-0.003991443890691633,-0.0052696041311911055,-0.023448398551417962,-0.06575624114048102,-0.04460231984594949
2017-11-30,0.0005247877762783412,-0.0019309961598216268,-0.0007031041917716428,0.001446261065505392,-0.03163583133145803,-0.015094785132976319
2017-12-01,0.0004969065964927291,0.007126085156964878,0.0038114958767288035,0.0012226470537578795,0.11609821379815416,0.05866043042595602
2017-12-04,-0.01021026784743415,-0.006533667562503742,-0.008371967704968945,-0.026273329260663836,-0.10838366755773106,-0.06732849840919744
2017-12-05,0.0014786341235250246,-0.006536040597693927,-0.0025287032370844512,0.0037557294725621016,-0.10733418271701554,-0.05178922662222672
2017-12-06,0.0027139790439364,0.000132627511581256,0.001423303277758828,0.007004308053936015,0.0020530822448888465,0.004528695149412431
2017-12-07,0.0013984272039078282,0.0013698246729237941,0.0013841259384158111,0.003751185924483204,0.020313541006136127,0.012032363465309667
2017-12-08,-0.03697365053926563,-0.0008411000594784999,-0.018907375299372066,-0.10800944963774878,-0.012351854116066022,-0.0601806518769074
2017-12-11,-0.018782796172085482,-0.00039475426849625527,-0.009588775220290868,-0.07698888459505432,-0.0057887007687807265,-0.04138879268191752
2017-12-12,0.00013568327340767334,9.532314230262611e-05,0.00011550320785514973,0.0005983253542641376,0.001422617242812764,0.0010104712985384507
2017-12-13,0.0,0.00110865297491881,0.000554326487459405,0.0,0.01568352735532573,0.007841763677662865
2017-12-14,-6.355471197875608e-05,0.0018196993671996198,0.0008780723276104319,-0.0002637752264932356,0.02566141254682561,0.012698818660166188
2017-12-15,0.00041068731697668087,0.0009707204375736872,0.0006907038772751841,0.001779575581005097,0.013175822596339115,0.007477699088672106
2017-12-18,-0.00017960194093802592,-0.0006853057718790399,-0.0004324538564085329,-0.0007666446155757145,-0.008601035772964831,-0.0046838401942702725
2017-12-19,-0.0028668152491249186,0.00932226393776473,0.0032277243443199054,-0.011780283148562293,0.10512387765986624,0.04667179725565197
2017-12-20,0.0005490305897306112,-0.0022081858569568914,-0.0008295776336131401,0.0022756890749834643,-0.02737241314380729,-0.012548362034411913
2017-12-21,0.00013963201460377811,0.008501178430577077,0.004320405222590428,0.0006289141260074469,0.10994757125103881,0.05528824268852313
2017-12-22,0.0,0.0,0.0,-0.0,0.0,0.0
2017-12-25,0.0,0.0006948989058178883,0.0003474494529089441,-0.0,0.009860917265158241,0.004930458632579121
2017-12-26,-0.00041148953329861264,0.003439047806777777,0.0015137791367395821,-0.00214717617158172,0.05158073925733363,0.024716781542875953
2017-12-27,-0.0032491650995370887,0.002667282035042155,-0.0002909415322474669,-0.01775531322690346,0.04249766567071,0.01237117622190327
2017-12-28,0.0020895875556873424,-0.0012350866204865205,0.000427250467600411,0.011457036630666807,-0.020501852170947854,-0.004522407770140523
2017-12-29,0.0,0.0,0.0,-0.0,0.0,0.0
2018-01-01,0.0004587506625754725,-0.002657880652792736,-0.0010995649951086317,0.002696169308339633,-0.04610677013310388,-0.021705300412382125
2018-01-02,0.0017164610418938556,-0.005909907898570162,-0.002096723428338153,0.010262203687494923,-0.10401924761524245,-0.046878521963873765
2018-01-03,-0.0015788861491804363,-0.002111135616278928,-0.0018450108827296821,-0.009763049567880037,-0.03761926260572764,-0.02369115608680384
2018-01-04,-4.78092526675982e-05,-0.000777664873106101,-0.00041273706288684963,-0.00029487470278118555,-0.013748006704702161,-0.007021440703741674
2018-01-05,0.0,-7.782701064296398e-05,-3.891350532148199e-05,-0.0,-0.0013019991587368263,-0.0006509995793684131
2018-01-08,-0.0008238295864885587,-0.00020378112390456943,-0.000513805355196564,-0.005067183097203374,-0.003483160668027414,-0.004275171882615394
2018-01-09,0.001410989832524147,0.0010343292232525528,0.0012226595278883499,0.008761494814368274,0.017215436507354364,0.012988465660861318
2018-01-10,0.0008735810821402549,-0.0008165691877857953,2.8505947177229782e-05,0.00536459119756394,-0.012967116691019786,-0.0038012627467279227
2018-01-11,0.003814449889283233,0.0007726599806030424,0.002293554934943138,0.023295321166168097,0.011248089725264872,0.017271705445716483
2018-01-12,-0.0005377985306461564,0.0,-0.0002688992653230782,-0.003384997418155839,-0.0,-0.0016924987090779196
2018-01-15,0.00035140435169656134,0.0,0.00017570217584828067,0.00222421950036991,-0.0,0.001112109750184955
2018-01-16,-0.003933614357399877,0.008447448679673177,0.00225691716113665,-0.025196065482526273,0.09598818617078249,0.03539606034412811
2018-01-17,-0.00039185352292828813,0.005869920680492891,0.0027390335787823013,-0.0023808720264579157,0.06613124632256806,0.031875187148055074
2018-01-18,0.0016170294207548113,-0.00284063970231688,-0.0006118051407810343,0.009401778014682494,-0.03708452110842635,-0.01384137154687193
2018-01-19,-0.0005479239760362228,-0.0061147606097897616,-0.003331342292912992,-0.0030866200492130113,-0.08713283968408525,-0.04510972986664913
2018-01-22,-0.0005580140820458723,0.0033420340943721514,0.0013920100061631396,-0.0027991804795378427,0.04969008517828467,0.02344545234937341
2018-01-23,-0.0004334370065941826,0.00019135864371412742,-0.0001210391814400276,-0.0017846832130036406,0.0030456657656414547,0.000630491276318907
2018-01-24,0.0024988556768977023,-0.001000761401237223,0.0007490471378302396,0.009692057649203948,-0.01664076256232003,-0.0034743524565580414
2018-01-25,0.0025659395195654546,-0.00010242124192915786,0.0012317591388181484,0.010608460241880233,-0.0017661233345610146,0.0044211684536596095
2018-01-26,0.002471622416687014,-4.595396245882651e-05,0.0012128342271140937,0.010825441004564488,-0.0007948540761577066,0.005015293464203391
2018-01-29,0.012210931393959049,-0.0013134316203339321,0.005448749886812558,0.057636365113304895,-0.02287678958886105,0.017379787762221925
2018-01-30,-0.0027144353541445135,-0.00042925328202606444,-0.001571844318085289,-0.01569363562586782,-0.007308362166721999,-0.01150099889629491
2018-01-31,0.001257337966933597,0.000494099257826809,0.000875718612380203,0.007868729566156625,0.00811575501824634,0.007992242292201482
2018-02-01,0.0031225579527032624,0.0011721158963629006,0.0021473369245330817,0.020210305587546357,0.018089502241035182,0.01914990391429077
2018-02-02,0.01015389508504918,0.0035438062930096222,0.006848850689029401,0.0704981009957564,0.05158632279639519,0.061042211896075796
2018-02-05,-0.003107663033951973,0.00377286447925245,0.00033260072265023865,-0.024194616350954046,0.052030471532752025,0.01391792759089899
2018-02-06,-0.010360606769861525,-0.005464927948479871,-0.007912767359170698,-0.08450077146724827,-0.07293959797906459,-0.07872018472315642
2018-02-07,0.006215748724093378,-7.494238123682469e-05,0.0030704031714282767,0.05022429734208038,-0.0009506121976085874,0.024636842572235897
2018-02-08,0.00451164315855526,0.0044296368174574115,0.004470639988006336,0.03806210454044147,0.05532372670765544,0.04669291562404845
2018-02-09,-0.0029640963011075615,-0.004887095587366903,-0.003925595944237232,-0.02586734752103454,-0.061920256635974266,-0.04389380207850441
2018-02-12,0.0006435331594370094,-0.0009173266881904095,-0.00013689676437670002,0.005608314744443794,-0.01110694800731025,-0.002749316631433228
2018-02-13,-0.001252829787366245,0.00977790309401078,0.004262536653322267,-0.010672575555557375,0.11000939703810078,0.04966841074127171
2018-02-14,0.0010560864604154967,-0.006660166977849563,-0.002802040258717033,0.008752395149848446,-0.07949464004793275,-0.03537112244904215
2018-02-15,0.000763780864024349,-0.0041412137200085766,-0.0016887164279921138,0.006363910042448342,-0.045587143084110125,-0.01961161652083089
2018-02-16,-0.005397240488768776,0.0,-0.002698620244384388,-0.045399027912973636,-0.0,-0.022699513956486818
2018-02-19,0.0014675367242461413,-0.0008882843429223056,0.00028962619066191786,0.0119395720731899,-0.008034171920217392,0.0019527000764862539
2018-02-20,-0.0004453624774599113,-0.0009445972977785679,-0.0006949798876192396,-0.003638848980482293,-0.007205789575768325,-0.005422319278125309
2018-02-21,-0.0003593233173970522,5.909315034128561e-05,-0.0001501150835278833,-0.0027939786648716377,0.00043960271517488165,-0.001177187974848378
2018-02-22,-0.0005092243424925151,2.8137932641530457e-05,-0.00024054320492549234,-0.0037453353049651263,0.00019554445357224134,-0.0017748954256964426
2018-02-23,-0.00025893764082844585,0.00025323426828498155,-2.851686271732154e-06,-0.0016249401454218146,0.0018711224053306547,0.00012309112995442003
2018-02-26,0.00031656130842875485,-0.0015091754354506302,-0.0005963070635109376,0.0020068012939392114,-0.010805039515456596,-0.004399119110758692
2018-02-27,-0.0025892274197424196,0.00013100228651099884,-0.0012291125666157104,-0.015011785290495093,0.0009351070426022579,-0.007038339123946418
2018-02-28,0.0017883203684001454,-0.0007042211137625644,0.0005420496273187905,0.00913924820187634,-0.004818657089849649,0.002160295556013345
2018-03-01,0.0023705731879133988,-3.241699996887142e-05,0.0011690780939722636,0.010915360479448154,-0.00022711638486397887,0.0053441220472920875
2018-03-02,0.000804280227992769,-0.0038852329221292737,-0.0015404763470682524,0.0035264544415555257,-0.027291827057567174,-0.011882686308005824
2018-03-05,-0.03301356684979866,0.0014450462737800847,-0.015784260288009288,-0.14371022427573668,0.009679688657384415,-0.06701526780917613
2018-03-06,0.0020702559330087245,0.0005326769599249007,0.0013014664464668126,0.009576022935241069,0.0033434669700064994,0.006459744952623784
2018-03-07,-0.002251102378985928,-0.006806020765565673,-0.0045285615722758,-0.012560903134265904,-0.03808591688328861,-0.025323410008777258
2018-03-08,-0.004403511697098962,0.0006199314885547987,-0.0018917901042720814,-0.02652794050520291,0.003179979516628702,-0.011673980494287105
2018-03-09,0.0023431899104514385,0.0005321571230419913,0.0014376735167467149,0.01455369983374997,0.003031763878845627,0.008792731856297798
2018-03-12,-0.0028756587061316056,-0.003003774858221347,-0.0029397167821764766,-0.01863688523022938,-0.019838584845935286,-0.019237735038082335
2018-03-13,-0.0016905925327986037,-0.001396013338637086,-0.0015433029357178449,-0.011243257859563026,-0.009652201112168522,-0.010447729485865774
2018-03-14,-0.0032188105922139167,0.006954162211221305,0.0018676758095036942,-0.021423999906445057,0.05042754834494551,0.014501774219250228
2018-03-15,-0.0008244778189273514,-0.008415923361492059,-0.004620200590209705,-0.005501231930045389,-0.06807407914345198,-0.03678765553674868
2018-03-16,-9.376797085386593e-05,-0.002700894577641399,-0.0013973312742476323,-0.0006233033547396006,-0.021589633058119166,-0.011106468206429384
2018-03-19,-1.5004282257713574e-05,-0.0006607571951325365,-0.00033788073869512507,-0.00010213848690691037,-0.005390629294078924,-0.002746383890492917
2018-03-20,-0.00010628192734285457,-0.0012299285072514912,-0.0006681052172971729,-0.0006792734804587396,-0.0100592790103578,-0.00536927624540827
2018-03-21,-9.003661360231192e-05,-0.0005396533839463937,-0.0003148449987743528,-0.0006324952542597461,-0.003949861850674103,-0.0022911785524669247
2018-03-22,-0.0001350670813860815,-0.00018740104279042682,-0.00016123406208825414,-0.001322372331736284,-0.0013307173337244974,-0.0013265448327303907
2018-03-23,-0.0002814277645144512,-0.0013960762896949197,-0.0008387520271046855,-0.0018609595530925957,-0.009570741319705688,-0.005715850436399142
2018-03-26,0.00027024670886101527,-0.001174372322548136,-0.0004520628068435603,0.0018037345697940182,-0.008135730502136658,-0.00316599796617132
2018-03-27,0.0015760132226359008,0.0003128381626052706,0.0009444256926205857,0.010691860243344588,0.0021636309771382685,0.006427745610241429
2018-03-28,0.000519515760590889,0.0003310944757844651,0.00042530511818767705,0.0035475147943422824,0.002304619868791314,0.0029260673315667984
2018-03-29,0.0,0.0,0.0,0.0,-0.0,0.0
2018-03-30,0.0,0.0008310598831225509,0.00041552994156127544,0.0,0.005847563085314703,0.0029237815426573516
2018-04-02,0.0008537602567546143,0.0033434066984834076,0.002098583477619011,0.005994150604056452,0.023587702768760852,0.014790926686408652
2018-04-03,-0.000940330565580703,-0.003888658273203897,-0.0024144944193923,-0.006586253925169589,-0.028805062669507414,-0.0176956582973385
2018-04-04,0.0011034941744647296,-0.007175381189395857,-0.0030359435074655636,0.007768646373534248,-0.053391191070118624,-0.022811272348292187
2018-04-05,-0.00233423537784293,-0.0008346646389734344,-0.0015844500084081824,-0.016530818012914318,-0.005869379077886855,-0.011200098545400586
2018-04-06,0.001901003634434297,-0.0013915446694747217,0.00025472948247978766,0.013119746594760682,-0.009679348811753098,0.0017201988915037918
2018-04-09,-0.00109777059518842,0.0023207785883040126,0.0006115039965577964,-0.00731037297807165,0.015827307526738853,0.004258467274333601
2018-04-10,-0.0011551747083604913,0.0023183029245058004,0.0005815641080726546,-0.007816956733627282,0.01557335286792749,0.0038781980671501043
2018-04-11,0.0014628297252869552,-0.022975453146425014,-0.01075631171056903,0.008817437058447638,-0.15200068500679917,-0.07159162397417576
2018-04-12,-0.0009438323871907287,0.0003883902975164709,-0.0002777210448371289,-0.0053647220311214775,0.0027539111858687656,-0.001305405422626356
2018-04-13,0.00019994159753326845,0.0012275763524501816,0.000713758974991725,0.001087382078135836,0.008403265091007788,0.004745323584571812
2018-04-16,-0.0008071028266118515,0.0016485488218172433,0.0004207229976026959,-0.003890682222395514,0.012382624010083512,0.004245970893843999
2018-04-17,0.0005701798360716187,0.004426501342201989,0.002498340589136804,0.0024422448789942486,0.03723871816990845,0.01984048152445135
2018-04-18,-0.0010872231955511061,-0.004153718273825517,-0.0026204707346883117,-0.004163746277529657,-0.03968285345932848,-0.02192329986842907
2018-04-19,-0.0012110086519763591,0.003032816088300956,0.0009109037181622985,-0.00430786058772602,0.029080976452251175,0.012386557932262577
2018-04-20,0.00031564483157444024,0.0005269698904108999,0.0004213073609926701,0.00108966856634255,0.005365967194532629,0.003227817880437589
2018-04-23,0.00417346133372947,-0.005810511024693679,-0.0008185248454821046,0.014919850726983935,-0.06288219197481822,-0.02398117062391714
2018-04-24,0.0006633824429926882,-0.004537776847680085,-0.0019371972023436985,0.0025343186779065077,-0.04951692253379101,-0.02349130192794225
2018-04-25,0.0007476796900058749,-0.0004542503988505144,0.00014671464557768025,0.002917424761967602,-0.0049019443572919045,-0.0009922597976621513
2018-04-26,-0.01131390359639091,-0.0008168341824419246,-0.006065368889416418,-0.04545635709494157,-0.008681018038347765,-0.02706868756664467
2018-04-27,-0.004540321262562969,-7.431835872505972e-05,-0.002307319810644014,-0.018496657908787663,-0.0006814385064965094,-0.009589048207642087
2018-04-30,0.0,0.0011839794458993916,0.0005919897229496958,-0.0,0.012309622370661091,0.006154811185330546
2018-05-01,-0.0002631606654804185,-0.0074488390830312326,-0.0038559998742558254,-0.0010680222305208262,-0.07779215514846102,-0.039430088689490925
2018-05-02,7.593171266707135e-05,0.001458465651098733,0.0007671986818829022,0.00030959003898919815,0.015356778022122645,0.007833184030555922
2018-05-03,-0.00016956794937164052,0.0015833047430474272,0.0007068683968378933,-0.0006630131585835992,0.0167505922947835,0.008043789568099952
2018-05-04,-0.0009568291858088114,0.0029595295049520496,0.0010013501595716192,-0.003950934632209941,0.03132775818360515,0.013688411775697604
2018-05-07,0.0015734391749249721,0.0014497488647788655,0.001511594019851919,0.006366397383813996,0.016082874363460415,0.011224635873637206
2018-05-08,-0.004305614227696664,-0.004568635351136647,-0.004437124789416656,-0.017287996135597165,-0.053162778213641626,-0.0352253871746194
2018-05-09,0.0,-0.001990518678111669,-0.0009952593390558345,0.0,-0.023689612308228584,-0.011844806154114292
2018-05-10,0.0009781607471443196,0.003923216902347133,0.002450688824745726,0.0038143961343507383,0.0469364720789149,0.02537543410663282
2018-05-11,-0.0011447257208883547,-0.001386741054830312,-0.0012657333878593334,-0.004480014147538091,-0.01667033534150103,-0.01057517474451956
2018-05-14,-0.0024356475796321027,0.00028623083306875954,-0.0010747083732816716,-0.009381682946403581,0.003494696801992565,-0.002943493072205508
2018-05-15,0.0016455607828120787,0.001329027640212801,0.0014872942115124398,0.006176534027395205,0.016103560697312107,0.011140047362353656
2018-05-16,-0.0045928798672869465,0.006336037503398019,0.0008715788180555361,-0.018406112141324166,0.07672805069106184,0.029160969274868838
2018-05-17,0.0033264238158083642,-0.0012734274731193993,0.0010264981713444825,0.01289713479569356,-0.01671505232074847,-0.001908958762527455
2018-05-18,-0.010185546560898163,0.0022524422900873165,-0.003966552135405423,-0.0398513055523101,0.031425236387773406,-0.004213034582268346
2018-05-21,-0.003299346513623213,-0.0033533394836142744,-0.0033263429986187436,-0.012505016441321693,-0.048693478092150314,-0.030599247266736004
2018-05-22,-0.0008336971852585344,-0.0008728448216184727,-0.0008532710034385036,-0.003232400595341734,-0.012742560318346322,-0.007987480456844028
2018-05-23,0.0035545650622051733,-0.005362576553360299,-0.0009040057455775631,0.012979067246590644,-0.0760935347854177,-0.03155723376941352
2018-05-24,0.00479556628287611,-0.0007832129587944957,0.0020061766620408073,0.01871880972922657,-0.01059159077519113,0.004063609477017721
2018-05-25,0.01178439157127976,0.0,0.00589219578563988,0.052822905067451985,0.0,0.026411452533725992
2018-05-28,0.01543752069173353,-0.00010824275715410243,0.007664638967289713,0.0854356321818745,-0.0013211903703951654,0.04205722090573967
2018-05-29,0.015293839233383105,0.00012430600050807326,0.007709072616945589,0.10617830507953661,0.0012616323557444163,0.053719968717640516
2018-05-30,-0.011302200684140503,-0.001018958566726394,-0.006160579625433448,-0.09582309582309545,-0.009855167764397814,-0.052839131793746635
2018-05-31,0.001654348727788922,0.00026303242609458134,0.0009586905769417516,0.014812986051100374,0.0023005714432922614,0.008556778747196318
2018-06-01,-0.008600308708806981,0.0001109376245661215,-0.00424468554212043,-0.08387813001109912,0.0009288086301949061,-0.04147466069045211
2018-06-04,-0.0068288695951405935,0.0012000102667449942,-0.0028144296641977994,-0.06775871153645509,0.00949407855367099,-0.02913231649139205
2018-06-05,0.004432765461327801,-0.0019517362393349882,0.001240514610996406,0.044362183446946084,-0.015488544795911514,0.014436819325517285
2018-06-06,-0.007763224870081406,4.4104596640755515e-05,-0.0038595601367203253,-0.08032714228779408,0.0002843567281055214,-0.04002139277984428
2018-06-07,-0.0011826922420018879,0.0017928849093129735,0.0003050963336555428,-0.012250284190732937,0.010044789602563895,-0.001102747294084521
2018-06-08,-0.0004807213787365637,-0.010590316728369839,-0.005535519053553201,-0.0046607153354206185,-0.05683117388714801,-0.030745944611284312
2018-06-11,0.0003341354786639064,-0.0005588262492601483,-0.00011234538529812096,0.0034932526266416276,-0.0031580870554936582,0.00016758278557398466
2018-06-12,-0.00019484725717237855,-0.0002886242332295802,-0.00024173574520097938,-0.002044933864377773,-0.0016800441279351086,-0.0018624889961564408
2018-06-13,-0.0005011334486355536,-0.006174945250736562,-0.003338039349686058,-0.005065930544878197,-0.03534430248885799,-0.020205116516868092
2018-06-14,-0.0012965099553203054,-0.0019336380197212204,-0.001615073987520763,-0.012613123453592712,-0.010771012735466191,-0.011692068094529452
2018-06-15,-0.00011409900078222448,-0.0013887377064415061,-0.0007514183536118653,-0.0011434101598809141,-0.007725862420877063,-0.004434636290378989
2018-06-18,-1.648284745606486e-05,1.8288249611719696e-05,9.027010778274185e-07,-0.00016627366119132924,9.960637057837877e-05,-3.3333645306475235e-05
2018-06-19,0.001059991354235996,9.715454927570052e-05,0.0005785729517558482,0.010074249531775102,0.0004632210772892992,0.005268735304532201
2018-06-20,-8.866127674687528e-05,-0.0064382446237134855,-0.00326345295023018,-0.0007886177131474802,-0.0373584043973638,-0.019073511055255638
2018-06-21,0.003485963835822686,5.099616811012425e-05,0.0017684800019664051,0.028802696148345398,0.0002800983518564998,0.014541397250100948
2018-06-22,-0.00039131350758431503,-0.0012008410062283547,-0.0007960772569063348,-0.002983176715591091,-0.0065478911023409145,-0.004765533908966003
2018-06-25,0.001198393201309707,0.0012138008966072365,0.0012060970489584718,0.00852255631956644,0.006128622043650242,0.007325589181608341
2018-06-26,-0.0013773224249371916,-0.0012077284996558969,-0.0012925254622965442,-0.009740830679820822,-0.0060736476459490535,-0.007907239162884938
2018-06-27,0.0021484035909807428,8.598676419672146e-05,0.0011171951775887322,0.013819533253709056,0.00043240932287742713,0.007125971288293242
2018-06-28,0.0016736999071869287,-0.00019767578625474745,0.0007380120604660906,0.010637620657032356,-0.0009904967291412983,0.004823561963945529
2018-06-29,0.0009738547943833458,0.0014834373912809952,0.0012286460928321705,0.006185437669875439,0.007124913009426526,0.006655175339650982
2018-07-02,0.0008446947308463339,-0.001958502973327625,-0.0005569041212406456,0.0056029563033440696,-0.009454071421110292,-0.0019255575588831113
2018-07-03,0.0009268728958319736,0.0013689179837365773,0.0011478954397842755,0.006344354119115305,0.006563478971326862,0.006453916545221084
2018-07-04,-0.001791800604259852,0.0,-0.000895900302129926,-0.012031185456673418,0.0,-0.006015592728336709
2018-07-05,0.0013764310390321556,0.0034904949894347067,0.002433463014233431,0.009488742012611675,0.01722355497583388,0.013356148494222779
2018-07-06,0.001039377496697334,0.007449028473119789,0.004244202984908562,0.007345612190628695,0.03925491946436398,0.023300265827496336
2018-07-09,-0.0017906883945322568,-0.0031468302186964617,-0.0024687593066143594,-0.012933077418015772,-0.019840349894223785,-0.01638671365611978
2018-07-10,-0.0016469214517242888,0.000548075739994269,-0.0005494228558650099,-0.012124452517234329,0.0037812243685969127,-0.004171614074318708
2018-07-11,0.0007738577726768519,0.0009414891707407234,0.0008576734717087877,0.005745864346054371,0.007045816150684601,0.006395840248369486
2018-07-12,0.0011165111046294912,0.0032482177744334885,0.0021823644395314898,0.008139515364957368,0.02613694017330458,0.017138227769130973
2018-07-13,0.001160479380215825,0.005042737326652168,0.0031016083534339965,0.007991075769705182,0.04402339187305852,0.026007233821381853
2018-07-16,-0.003582778525519182,-0.005101863721122968,-0.004342321123321075,-0.023483645809927862,-0.04635347905361482,-0.03491856243177134
2018-07-17,0.001913657105517445,-0.006014520105049255,-0.002050431499765905,0.011309561001370604,-0.05476026910757998,-0.02172535405310469
2018-07-18,0.0006534217425165249,-0.001023349874117878,-0.0001849640658006765,0.003289689088212827,-0.009089300367936646,-0.0028998056398619096
2018-07-19,0.0011753911104225169,-0.0019522702226600554,-0.0003884395561187693,0.004850637598933659,-0.017583461285499622,-0.006366411843282981
2018-07-20,-0.006415670114502012,-0.0008073597901560563,-0.0036115149523290343,-0.023607128161428487,-0.007173220255563588,-0.015390174208496038
2018-07-23,-0.0030941044092293946,0.0009755828475458442,-0.0010592607808417752,-0.010040435662545937,0.008526579042264712,-0.0007569283101406124
2018-07-24,-0.00013676067780428257,0.0030393230468749163,0.001451281184535317,-0.00039127493153544806,0.02579568555602929,0.012702205312246922
2018-07-25,-0.00035334674160094454,0.006730875980729218,0.0031887646195641367,-0.0008629416902171707,0.054380562474862205,0.026758810392322516
2018-07-26,0.0009628618141086578,0.008869457082843247,0.004916159448475952,0.0019316797482070457,0.0806929841097912,0.04131233192899912
2018-07-27,0.0009328243940093411,-0.0025519419873600404,-0.0008095587966753496,0.0018697324212202928,-0.02678746046297918,-0.012458864020879442
2018-07-30,0.007769242588795564,0.0018588597418492782,0.004814051165322421,0.01556786437533642,0.02090284874315982,0.01823535655924812
2018-07-31,-0.0028985337102176486,0.0018584142912655163,-0.0005200597094760661,-0.007198601930163589,0.022886786695148764,0.007844092382492587
2018-08-01,0.013743249405580256,-0.0015053338212675797,0.006118957792156338,0.03675875998950233,-0.019857939356908716,0.008450410316296807
2018-08-02,-0.007473009543019205,0.011268180358993036,0.0018975854079869153,-0.026300929601606047,0.1561147278894138,0.06490689914390388
2018-08-03,-0.015117335170471853,-0.004639790704950187,-0.00987856293771102,-0.05703848199610923,-0.07170811724776449,-0.06437329962193686
2018-08-06,-0.0029334872600068,0.005235613626314739,0.0011510631831539693,-0.011044050424597945,0.08394057023672172,0.03644825990606189
2018-08-07,0.0009093819042327099,-0.007984249323007009,-0.0035374337093871493,0.0034577356861335107,-0.1379092267703325,-0.0672257455420995
2018-08-08,-0.00016542330310643168,0.002022035934854837,0.0009283063158742026,-0.0006234252679417022,0.03514006149242647,0.017258318112242384
2018-08-09,-4.9635201750940486e-05,-0.008227795860636603,-0.0041387155311937715,-0.0002352637178473628,-0.1494783673238149,-0.07485681552083112
2018-08-10,0.0034211806393639084,0.0008397638436142767,0.0021304722414890926,0.012865471722343499,0.014752128657588414,0.013808800189965956
2018-08-13,0.0002359263351317503,-0.0003755466723909295,-6.981016862958959e-05,0.0009243081696694247,-0.006478505765039388,-0.0027770987976849814
2018-08-14,-0.002301641381452495,-0.0003971233986760581,-0.0013493823900642766,-0.009515501900618638,-0.006665456997458507,-0.008090479449038571
2018-08-15,0.007562732438787459,-0.0010112611557334136,0.0032757356415270226,0.03294386409549677,-0.01636115951187103,0.008291352291812869
2018-08-16,-0.0036079101017301926,0.0003558813890873337,-0.0016260143563214295,-0.01711435518119555,0.005519998867407312,-0.005797178156894119
2018-08-17,0.0027803005090471897,0.0022979123734131867,0.002539106441230188,0.013630879300564098,0.033919263126974325,0.023775071213769212
2018-08-20,0.000901471127280324,0.0050446432854761285,0.0029730572063782264,0.004652016623031896,0.06729956887199645,0.035975792747514175
2018-08-21,-0.0071081437573655955,0.0021779921133698,-0.0024650758219978974,-0.038217000799459395,0.027642265292077542,-0.005287367753690927
2018-08-22,-0.002500261466291266,0.0010784255956130897,-0.0007109179353390882,-0.013530321155037817,0.013635830434124165,5.275463954317397e-05
2018-08-23,0.00038973460543083945,-0.009236084743815251,-0.0044231750691922055,0.002133897318616405,-0.11989005616720144,-0.05887807942429252
2018-08-24,0.00013749980172109041,0.0136447165399801,0.006891108170850595,0.000749415137895746,0.17500353775196015,0.08787647644492795
2018-08-27,-0.0015466601039046503,-0.0023033474527020667,-0.0019250037783033586,-0.008660612793266378,-0.03254722894659786,-0.020603920869932117
2018-08-28,1.5299318192267728e-05,0.00228189797888672,0.0011485986485394938,0.00011915537593645165,0.034277568373392145,0.017198361874664298
2018-08-29,0.0009969903155909157,-0.002114240114031056,-0.0005586248992200702,0.005496064413860411,-0.03407706268829473,-0.01429049913721716
2018-08-30,-0.0050946154266627375,0.002482990684424815,-0.0013058123711189612,-0.028669706555274285,0.04201942431406772,0.006674858879396719
2018-08-31,-0.0007425019990046216,0.0,-0.0003712509995023108,-0.004092099737631744,0.0,-0.002046049868815872
2018-09-03,-0.0026237483003602453,-0.0035595315621702204,-0.0030916399312652327,-0.014797693928027936,-0.0644509342519388,-0.03962431408998337
2018-09-04,0.002312095135295084,-0.004614896707364453,-0.0011514007860346845,0.013901286432747233,-0.08385010971622849,-0.03497441164174063
2018-09-05,0.004298265935673004,6.392566158782659e-05,0.0021810957986304154,0.02888794612232853,0.0011613838207327081,0.01502466497153062
2018-09-06,-0.006182459673802643,0.0003835294521529731,-0.002899465110824835,-0.04518054592550757,0.006733219575530551,-0.01922366317498851
2018-09-07,0.0053619325110484594,-0.0010604671443443627,0.0021507326833520484,0.0412282204789599,-0.01798610852012417,0.011621055979417866
2018-09-10,0.0027560675442746515,0.0002711962203507148,0.001513631882312683,0.023634912038290143,0.004325498053262268,0.013980205045776205
2018-09-11,0.004023395667005717,0.0,0.0020116978335028585,0.03747321042174408,-0.0,0.01873660521087204
2018-09-12,-0.00330704661262533,-0.0014068463044057732,-0.0023569464585155514,-0.03402336882970886,-0.018946050997251152,-0.02648470991348001
2018-09-13,0.0015145543362422526,-0.003669994000850708,-0.0010777198323042277,0.016281283883225826,-0.043825656371670935,-0.013772186244222554
2018-09-14,0.002321769916594975,0.0004570562411154361,0.0013894130788552055,0.02680669646117758,0.005175475606138096,0.01599108603365784
2018-09-17,0.0011600976934106127,-0.0006529612204090688,0.00025356823650077195,0.014011782659708283,-0.0066958159883099295,0.003657983335699177
2018-09-18,0.0021275472743964626,0.0004962439422849346,0.0013118956083406986,0.026386408327856815,0.004657835319600031,0.015522121823728422
2018-09-19,0.0009098701829136595,0.0019317611534770854,0.0014208156681953725,0.011702862326122707,0.017717728476507582,0.014710295401315144
2018-09-20,-0.0009090430717277103,0.00410434410946021,0.00159765051886625,-0.011879450618991327,0.03488836791768953,0.011504458649349103
2018-09-21,-0.0018399597032252664,-0.0016318148437346604,-0.0017358872734799633,-0.024220914819105738,-0.013202041280861354,-0.018711478049983545
2018-09-24,0.004218438770498558,0.007384910732639614,0.005801674751569086,0.054008026325833076,0.0592615322638552,0.05663477929484414
2018-09-25,0.0029500842786041818,0.008580050344725804,0.005765067311664993,0.0375690681774306,0.07522712448596226,0.05639809633169643
2018-09-26,-0.0012607825218164074,-0.014492635730064186,-0.007876709125940297,-0.016064587202496892,-0.142155618110628,-0.07911010265656244
2018-09-27,-0.00014851460011996523,0.013658124946790112,0.006754805173335074,-0.0018661581894010714,0.1353699026539158,0.06675187223225736
2018-09-28,-0.005329696765814462,0.002428256150563341,-0.0014507203076255606,-0.06496273215689524,0.026629981886664933,-0.019166375135115155
2018-10-01,0.00010630453226521915,0.0011119093797960925,0.0006091069560306558,0.0011954854247381791,0.013208024516401845,0.007201754970570013
2018-10-02,-0.003131854181094926,-0.004698329053945283,-0.003915091617520104,-0.03357885775739275,-0.059906480873585015,-0.046742669315488886
2018-10-03,0.000823821852957336,-0.001765393068124654,-0.000470785607583659,0.007998790528130628,-0.023398195530098684,-0.007699702500984028
2018-10-04,0.001128810352784236,-0.005153240339602388,-0.002012214993409076,0.010850566561727787,-0.07058897987529833,-0.02986920665678527
2018-10-05,0.0016887725727344732,-0.0031993708661749924,-0.0007552991467202596,0.01379482741524417,-0.044312664480175804,-0.015258918532465818
2018-10-08,-0.0030101294215348806,-0.0013002582174602016,-0.002155193819497541,-0.017854218669853674,-0.018200264077484634,-0.018027241373669154
2018-10-09,-0.0013320077900453317,0.00011421933301592118,-0.0006088942285147053,-0.007424448526568106,0.0016098824609103043,-0.002907283032828901
2018-10-10,0.0019206495378114596,0.0021721588195358454,0.0020464041786736526,0.010098707687403688,0.03063959171398228,0.020369149700692986
2018-10-11,-0.004409532878025371,-0.0017451330444410741,-0.0030773329612332227,-0.023061171157674087,-0.02479993725482374,-0.023930554206248913
2018-10-12,-0.0013294829637210375,-0.0030572698922652613,-0.0021933764279931495,-0.006182971284350904,-0.04301265534615173,-0.024597813315251318
2018-10-15,-0.0002907333792206326,0.0036305789146111344,0.001669922767695251,-0.0012391481808974203,0.04877793538657442,0.0237693936028385
2018-10-16,-0.0003482162052987453,0.001771810037524264,0.0007117969161127594,-0.0013877791427518767,0.022989743627065413,0.010800982242156767
2018-10-17,-0.00011228461604925294,0.004682228028530622,0.0022849717062406846,-0.0004513072297565667,0.05854369784821731,0.02904619530923037
2018-10-18,0.0016538318635103278,-0.004534449996190804,-0.0014403090663402379,0.006028776501581287,-0.0580487339434232,-0.026009978720920954
2018-10-19,-0.001161886043494916,-0.0011577558266018923,-0.0011598209350484041,-0.004307052025462686,-0.014910727324334174,-0.009608889674898431
2018-10-22,-0.0006658004644256428,0.005864788857676811,0.002599494196625584,-0.0025157402532519414,0.07585641600985808,0.03667033787830307
2018-10-23,0.0048245258794807145,-0.003357008469160956,0.0007337587051598792,0.018910481090779772,-0.046320917151267495,-0.013705218030243861
2018-10-24,0.004854710048320865,0.006257567625009108,0.005556138836664986,0.020609915284018683,0.08835855686632914,0.054484236075173914
2018-10-25,-0.00028820677661421147,-0.001615513006849111,-0.0009518598917316612,-0.0013628266359034537,-0.024907325040674843,-0.013135075838289148
2018-10-26,0.01023429016157779,0.0036824044982379433,0.006958347329907867,0.052805942721736436,0.05844945966340845,0.055627701192572446
2018-10-29,-0.007875191698000356,0.0031016419768951347,-0.0023867748605526104,-0.04707030647079339,0.05258754516401831,0.0027586193466124613
2018-10-30,0.0011694612739994235,0.003420180122962056,0.0022948206984807398,0.007279009601855674,0.06085224532024929,0.03406562746105248
2018-10-31,-0.0021320573164072486,-0.003588689208507304,-0.0028603732624572762,-0.013840133294201137,-0.0661501264334009,-0.03999512986380102
2018-11-01,-0.002863970211060594,0.000850421984738657,-0.0010067741131609684,-0.01853279664712892,0.01588839362005124,-0.0013222015135388402
2018-11-02,-0.0026151168149987545,0.0018837328557225704,-0.000365691979638092,-0.017018978792485547,0.035063531925151444,0.009022276566332948
2018-11-05,0.0004329748143007388,-0.0034382207607889996,-0.0015026229732441304,0.0028285613868448698,-0.061997151759542374,-0.029584295186348752
2018-11-06,-9.645702213074585e-05,-0.005707844230242151,-0.0029021506261864482,-0.0006392990143698144,-0.0939898021380857,-0.047314550576227764
2018-11-07,-0.0002792446307470019,0.003918188762341444,0.001819472065797221,-0.0017337136452019568,0.05798636092055499,0.028126323637676514
2018-11-08,4.95162844253481e-05,-0.007034277309842092,-0.003492380512708372,0.0003369600068224049,-0.0953390684758449,-0.04750105423451125
2018-11-09,-0.0014244748787644954,0.0017732535310849907,0.00017438932616024763,-0.008783799933188698,0.021216423383930844,0.006216311725371073
2018-11-12,0.00019833785803358042,0.0005367014344795214,0.0003675196462565509,0.0011826776773959779,0.006021738373693978,0.003602208025544978
2018-11-13,-0.0008542090433833923,0.0025402827573101274,0.0008430368569633676,-0.004689954306903223,0.028009217190748024,0.011659631441922402
2018-11-14,0.00028243531777739147,0.004773393787593965,0.002527914552685678,0.0014463951350571454,0.053383255902508385,0.027414825518782764
2018-11-15,0.00391990931786129,0.002119024735533623,0.0030194670266974564,0.017698534311315996,0.0256424500475022,0.021670492179409098
2018-11-16,-0.0017027213734509552,0.002307808735523645,0.000302543681036345,-0.007483132157119777,0.029258375928226884,0.010887621885553554
2018-11-19,-0.0006281879921106172,-0.008713112401807457,-0.004670650196959037,-0.002604614523609803,-0.11110539996851869,-0.056855007246064244
2018-11-20,0.00394038912234049,-0.0039320002141530735,4.194454093708281e-06,0.014951754220878152,-0.04826927453376232,-0.016658760156442083
2018-11-21,-0.005058256095432748,0.0038352437214681416,-0.0006115061869823033,-0.018216211768543735,0.04576347000357774,0.013773629117517004
2018-11-22,0.0007373602986983495,-0.0020199297576466656,-0.000641284729474158,0.0024560510387966433,-0.024464105272070595,-0.011004027116636976
2018-11-23,0.006209588778588863,0.0016644885954784662,0.003937038687033665,0.020841381641924877,0.019084925273232346,0.01996315345757861
2018-11-26,-0.005681404428490326,-0.0005760638613716812,-0.0031287341449310036,-0.0198104483407902,-0.006325275930993424,-0.013067862135891811
2018-11-27,0.003981930577516257,0.00399930079848564,0.003990615688000949,0.012835796786077826,0.042267549294345376,0.0275516730402116
2018-11-28,-0.001760479485984922,0.0,-0.000880239742992461,-0.005912178419224991,-0.0,-0.0029560892096124956
2018-11-29,0.006655250008613028,-0.004716451519148703,0.0009693992447321626,0.023107187167407797,-0.04899635482433827,-0.012944583828465236
2018-11-30,0.002012448034181299,-0.002621205235859603,-0.000304378600839152,0.007482044405036855,-0.02586640788662641,-0.009192181740794777
2018-12-03,0.014243481267342416,0.002928754785744188,0.008586118026543303,0.057407816631426835,0.028141124452416358,0.0427744705419216
2018-12-04,0.010702250970300703,-0.0006032620301933125,0.0050494944700536955,0.052225620215772935,-0.0058685527826460695,0.02317853371656343
2018-12-05,-0.002183460480664279,0.0033576705981315817,0.0005871050587336513,-0.012802020531323264,0.033002142427199135,0.010100060947937936
2018-12-06,0.013065576156999291,-0.0019242550596356182,0.005570660548681836,0.08596868283696768,-0.01980068204352958,0.03308400039671905
2018-12-07,-0.006033985631793889,0.0073905323311679585,0.0006782733496870346,-0.04646896973402814,0.07569653387364003,0.014613782069805945
2018-12-10,0.0035340787711533187,-0.008176634389633331,-0.0023212778092400062,0.028191456762889366,-0.0929483188214778,-0.03237843102929422
2018-12-11,0.0011665865151393039,0.006931028815608339,0.004048807665373822,0.009791921664623615,0.0760264185148848,0.04290917008975421
2018-12-12,-0.00703991419333568,0.0013436241272632625,-0.002848145033036209,-0.0611695620259356,0.014827680403276788,-0.023170940811329404
2018-12-13,-0.0012908372781865924,0.0010521931455112917,-0.00011932206633765037,-0.011208022896728956,0.011899729356109303,0.00034585322969017326
2018-12-14,0.0032716550346902386,0.0011759724722076614,0.0022238137534489498,0.027239246934374746,0.011839395655337908,0.019539321294856325
2018-12-17,-0.0005563074122726121,-0.0022474893312145403,-0.0014018983717435762,-0.004699180776523495,-0.02258458464498667,-0.013641882710755083
2018-12-18,0.0017333250629557218,0.00600827161880091,0.003870798340878316,0.014418634387460307,0.058891287158492726,0.036654960772976516
2018-12-19,0.00035093932647203656,0.017033769220486494,0.008692354273479265,0.0028960675204055307,0.17780601104780594,0.09035103928410573
2018-12-20,0.0016005989639067005,-0.0004604577693555081,0.0005700705972755962,0.012914697025910214,-0.006021633031411528,0.003446531997249343
2018-12-21,-0.0018485711827902812,-0.0045084704407197165,-0.003178520811754999,-0.014969148454080499,-0.06585686248683582,-0.04041300547045816
2018-12-24,0.0,0.003077959016444343,0.0015389795082221716,0.0,0.04800322612336442,0.02400161306168221
2018-12-25,0.0,0.0,0.0,0.0,-0.0,0.0
2018-12-26,0.0,0.002943935520494518,0.001471967760247259,0.0,0.050047241392394075,0.025023620696197037
2018-12-27,0.002524561232947991,0.0009260495249729809,0.001725305378960486,0.01785079852088288,0.016471736913229226,0.017161267717056054
2018-12-28,-0.001639506286088878,0.00041842888221065694,-0.0006105387019391106,-0.010773261256803711,0.00758781822473446,-0.0015927215160346257
2018-12-31,0.0,-0.0006684912324513117,-0.00033424561622565584,0.0,-0.012329435583009729,-0.006164717791504864
2019-01-01,0.0,0.0,0.0,0.0,-0.0,0.0
2019-01-02,0.009641374021278841,0.003924557923591902,0.006782965972435372,0.04851112143190652,0.0728593311637857,0.06068522629784612
2019-01-03,0.0026477620057200435,-0.0004115526803207522,0.0011181046626996456,0.011975184546906346,-0.007849388782527464,0.0020628978821894415
2019-01-04,-0.017683297368109033,-0.002797928107658143,-0.010240612737883589,-0.07514605363437227,-0.05229531915585943,-0.06372068639511586
2019-01-07,-0.00017750667747852236,-0.0026631481248763915,-0.001420327401177457,-0.0006054435652987409,-0.04627348571771158,-0.02343946464150516
2019-01-08,-0.003259356319223039,0.00015914029302467942,-0.0015501080130991799,-0.010579208412246585,0.002599352290189335,-0.003989928061028625
2019-01-09,0.0022700926840319075,0.0018588499026198112,0.0020644712933258593,0.007045654045238,0.028168870340670223,0.017607262192954113
2019-01-10,0.0024206051377882874,0.0009579263260095815,0.0016892657318989344,0.007275539963731477,0.014019027733914606,0.010647283848823042
2019-01-11,0.0022007938852514485,0.00456384218194896,0.003382318033600204,0.006922265515272474,0.06160028177843723,0.034261273646854856
2019-01-14,0.002049563625806317,-0.0008914751415100007,0.000579044242148158,0.006905140564743551,-0.012287656683456234,-0.002691258059356341
2019-01-15,0.004636175415333526,-0.004812421843449855,-8.81232140581647e-05,0.016594696991957186,-0.060083815488458356,-0.021744559248250583
2019-01-16,-0.004944407660902027,-0.005747662909744869,-0.005346035285323448,-0.019490575416608605,-0.06650197043271305,-0.04299627292466083
2019-01-17,-0.004379519312320329,0.0012468585226252233,-0.0015663303948475525,-0.017073162272776943,0.013219941968470502,-0.0019266101521532202
2019-01-18,-0.0026727871965099483,0.0,-0.0013363935982549742,-0.009833027441384791,-0.0,-0.0049165137206923955
2019-01-21,0.0004047521939867655,0.0006634443034238445,0.000534098248705305,0.0014422624429537637,0.005598237204794966,0.003520249823874365
2019-01-22,0.0015006552896299748,-0.004908962428843545,-0.0017041535696067853,0.0051598864481649485,-0.03245805147337219,-0.013649082512603621
2019-01-23,0.0006365780088238084,0.0006316259610410235,0.000634101984932416,0.0022103676378932686,0.003287295749634611,0.0027488316937639397
2019-01-24,0.006514656560950128,0.001341808807335471,0.0039282326841428,0.021890401420185328,0.00765019401736166,0.014770297718773494
2019-01-25,-0.00364647352574379,0.0045567570507814995,0.00045514176251885475,-0.013539507744469593,0.028095571765323343,0.007278032010426875
2019-01-28,-0.002478917374683029,-0.00670659596567842,-0.004592756670180725,-0.009383146376940462,-0.04517458185592505,-0.027278864116432756
2019-01-29,0.002390908886991621,-0.0057295116864204305,-0.0016693013997144048,0.00907691839834852,-0.04008126991012873,-0.015502175755890106
2019-01-30,0.0014762656535388186,-0.002839327717359035,-0.0006815310319101082,0.005457929144698326,-0.020224590461387734,-0.007383330658344704
2019-01-31,0.0075812057808158735,0.0003029472074314306,0.003942076494123652,0.027993415141720553,0.002144003475402662,0.015068709308561606
2019-02-01,-0.003083178057045426,-0.0002948472610036757,-0.0016890126590245508,-0.012112891606495696,-0.002058636655810745,-0.007085764131153221
2019-02-04,-0.003922288343347965,0.0013963860983313033,-0.0012629511225083307,-0.015767138228444298,0.009995130839050613,-0.0028860036946968424
2019-02-05,0.003272921158355916,-0.009179298726540901,-0.0029531887840924926,0.012709311640986121,-0.06764695989805304,-0.02746882412853346
2019-02-06,0.00032525350308512365,-0.0007823953436509775,-0.00022857092028292695,0.0011999178033987674,-0.0056879709268334916,-0.002244026561717362
2019-02-07,0.012787527090079399,-0.00018216320396661535,0.006302681943056392,0.04994565567504453,-0.001372806695089234,0.02428642448997765
2019-02-08,0.006587358984505312,-0.0006347487255517604,0.002976305129476776,0.02975752302674612,-0.004811245878720295,0.012473138574012912
2019-02-11,-0.00780692449304741,0.0005399526172423326,-0.0036334859379025387,-0.03961455563783048,0.004149710217973654,-0.017732422709928412
2019-02-12,-0.005858084111804467,0.0012446373266470228,-0.0023067233925787222,-0.030625806091391792,0.009892749650593396,-0.010366528220399199
2019-02-13,0.0014598792401985703,-0.0007980286403006001,0.0003309252999489851,0.007458413199017493,-0.00653703830610832,0.0004606874464545864
2019-02-14,0.00541415986920759,0.001645068355822498,0.0035296141125150437,0.027765180096318533,0.013587283322441428,0.02067623170937998
2019-02-15,-0.0009478279113067537,0.0,-0.00047391395565337687,-0.005001203679245931,0.0,-0.0025006018396229656
2019-02-18,-0.0014512766637920925,0.0075809147097043155,0.0030648190229561117,-0.007785827928841373,0.058294818632987855,0.02525449535207324
2019-02-19,0.0007134803650834593,-0.0019792973555542615,-0.000632908495235401,0.003824486752124889,-0.015350042352833266,-0.0057627778003541885
2019-02-20,0.0009614314995096658,-0.00010936890127313116,0.0004260312991182673,0.0053827607876673084,-0.0008540873148961106,0.002264336736385599
2019-02-21,-0.004643055079395788,0.011644322193251878,0.0035006335569280453,-0.0258982360386875,0.09483030634222497,0.034466035151768736
2019-02-22,0.0038430879103906693,-0.011478937298314177,-0.003817924693961754,0.020404048004732077,-0.10386985368674452,-0.041732902841006225
2019-02-25,-0.0018745836834726888,0.0004757916666743768,-0.000699396008399156,-0.009502780786590247,0.004251146281935398,-0.0026258172523274245
2019-02-26,-0.0010785272723894549,-0.0024623719425074355,-0.0017704496074484452,-0.0049397106872400105,-0.021770202524045587,-0.0133549566056428
2019-02-27,-0.004047941307902381,-0.0044714859056102264,-0.004259713606756303,-0.017081620040352977,-0.0398539947632257,-0.02846780740178934
2019-02-28,0.0,-0.004007184908196395,-0.0020035924540981976,-3.3497398003220117e-06,-0.03563103207306904,-0.01781719090643468
2019-03-01,0.0006417463792412818,0.0023804566673816512,0.0015111015233114666,0.00250942339821602,0.02198391330187027,0.012246668350043144
2019-03-04,0.02632975282101721,-0.003512033419659284,0.011408859700678963,0.09977975782246241,-0.03493243015964725,0.03242366383140759
2019-03-05,0.001120315430603274,-0.0038597006308146616,-0.001369692600105694,0.006154319421447452,-0.03914851908839218,-0.016497099833472365
2019-03-06,-0.009362738095959515,-0.013085849615397264,-0.011224293855678389,-0.06172196024333407,-0.13270121862294793,-0.097211589433141
2019-03-07,-0.013744327395904607,7.653959701843452e-05,-0.006833893899443086,-0.09892347317705272,0.0007403043217303323,-0.04909158442766119
2019-03-08,0.0013896163184349448,-0.0007015592756047135,0.0003440285214151157,0.010148382445438885,-0.006907044190443344,0.0016206691274977705
2019-03-11,-0.0010092276106142127,-0.0011413034716294928,-0.0010752655411218528,-0.007651404493123595,-0.010722799525725125,-0.00918710200942436
2019-03-12,-5.5323059854993444e-05,-0.00042283995897074325,-0.00023908150941286834,-0.0004229301718578105,-0.0036752970077576436,-0.002049113589807727
2019-03-13,0.00030309092190568515,7.520334724172762e-05,0.00018914713457370637,0.0023602573335423076,0.0006291455614626629,0.0014947014475024853
2019-03-14,0.001267305699435422,-0.0008143910056983286,0.0002264573468685467,0.009975373839052063,-0.006944964184446128,0.0015152048273029675
2019-03-15,-4.202994155347205e-05,0.00033866542062858886,0.0001483177395375584,-0.00033637864015878923,0.002766411258888254,0.0012150163093647324
2019-03-18,-0.0005620239831793481,0.002621135257614359,0.0010295556372175055,-0.0045163950800371205,0.02176626161545947,0.008624933267711174
2019-03-19,0.0011919686143369481,-0.003455820824168197,-0.0011319261049156245,0.009551551801327662,-0.03012998899474922,-0.010289218596710779
2019-03-20,-0.001252957354247073,-0.00029742328737151797,-0.0007751903208092954,-0.010205855419716062,-0.0026448288128944207,-0.006425342116305241
2019-03-21,-0.002162981423908212,-0.006568608059957473,-0.0043657947419328425,-0.01719989987227227,-0.059532731119381135,-0.038366315495826704
2019-03-22,-0.0009646131740158328,-0.0012813149329872937,-0.0011229640535015632,-0.007089252501111176,-0.011667729611029387,-0.009378491056070281
2019-03-25,-0.0002603715643172956,-9.6791270962336e-05,-0.0001785814176398158,-0.0019397225885370835,-0.0008700585993912039,-0.0014048905939641437
2025-03-25,,-0.0005352505999658192,-0.0002676252999829096,,-0.004893478721797358,-0.002446739360898679
2025-03-26,,0.00037563569991900516,0.00018781784995950258,,0.003417342770513171,0.0017086713852565855
2025-03-27,,-0.0005315394449062507,-0.00026576972245312533,,-0.004767779058337492,-0.002383889529168746
