Date,AD1_alpha_forecast,AD1_one_perc_change,AD1_block_value,AD1_price_volatility,AD1_cash_vol_daily,AD1_std_dev,AD1_icv,AD1_ivv,AD1_vol_scalar,AD1_alpha_subsystem_position,AD1_alpha_trades_needed,AD1_alpha_target_pos,AD1_daily_instrument_pnls,AD1_daily_current_pnls,RX1_alpha_forecast,RX1_one_perc_change,RX1_block_value,RX1_price_volatility,RX1_cash_vol_daily,RX1_std_dev,RX1_icv,RX1_ivv,RX1_vol_scalar,RX1_alpha_subsystem_position,RX1_alpha_trades_needed,RX1_alpha_target_pos,RX1_daily_instrument_pnls,RX1_daily_current_pnls,AUM
2024-12-16,,0.637,637.0,0.88,125000.0,0.5619965895395556,560.5600000000001,363.52316,343.8570461370329,,,,,0.0,8.404672615041916,1.6314,1631.3999999999999,0.75,125000.0,1.2212136040215122,1223.55,1383.59034,90.34466083363954,75.93172968237403,84.7398103255294,84.7398103255294,-138244.52656506983,0.0,9861755.47343493
2024-12-17,-9.232704515757126,0.6336,633.6,0.93,123271.94341793664,0.5904448887526405,589.248,382.12732800000003,322.5938957653838,-297.84141181887423,-565.4510565302753,-221.59401039324246,-358269.78941758315,-116911.39568659237,8.019115858852254,1.6334,1633.3999999999999,0.74,123271.94341793664,1.2035112518435158,1208.716,1366.8160527999999,90.18912469268055,72.32370401190781,-9.63140715635042,80.71325367728912,-15731.940449182724,18068.93216672945,9487753.743568165
2024-12-18,-13.426369067862538,0.6241,624.1,1.15,118596.92179460207,0.7185507404868152,717.7149999999999,465.43817749999994,254.80703459183272,-342.1133287517563,-577.1262123566905,-254.5323165913067,-360184.4691318097,-306464.20097711554,8.759681600080548,1.6338,1633.8,0.72,118596.92179460207,1.1765115100643988,1176.336,1330.2007488000002,89.1571606027065,78.09883392469544,-3.030826032720441,87.15829865996011,-4951.76357225868,3607.5649877065043,9122617.510864098
2024-12-19,-14.471032278998424,0.6243500000000001,624.35,1.31,114032.71888580122,0.8161330569546732,817.8985,530.40717725,214.9909046801105,-311.11403213169524,-486.275874497814,-231.46883990598127,-303606.34224271,6370.1758647972665,9.031464441721644,1.6356000000000002,1635.6000000000001,0.72,114032.71888580122,1.1830381791447253,1177.632,1331.6662656,85.63160442787236,77.3378790477903,-2.848087585372525,86.30907301733397,-4658.332054635333,16048.288908487777,8814352.836566752
2024-12-20,-16.08262117802845,0.62675,626.75,1.4,110179.4104570844,0.8774143832805217,877.4499999999999,569.0263249999999,193.62796696107938,-311.4045242106848,-446.67587069286003,-231.68496601274953,-279954.10195675056,51597.817123225424,9.940548125709691,1.6336000000000002,1633.6000000000001,0.71,110179.4104570844,1.1616558583823875,1159.856,1311.5651648,84.00605125395018,83.50661953407267,7.561782972152741,93.1933874000251,-12352.928663308729,-17126.3208855735,8522045.805946693
2024-12-23,-16.222413139758903,0.6249,624.9,1.48,106525.57257433367,0.9267258674068106,924.852,599.7665219999999,177.6117350116679,-288.12909438286573,-407.9960131819315,-214.3680462208521,-254956.70863739052,-35821.17388779875,8.511350251505814,1.6336000000000002,1633.6000000000001,0.69,106525.57257433367,1.1258207376461755,1127.184,1274.6196672,83.57439894862283,71.13309815108082,-4.621513717343987,79.38453753660619,-7549.704808653143,0.0,8259539.392500649
2024-12-24,-16.628563463960212,0.6249,624.9,1.52,103244.24240625813,0.9487451361250526,949.848,615.9764279999999,167.6107034509089,-278.7125219572453,-384.97385134785844,-207.36211633619055,-240570.1597072782,0.0,7.773999396167477,1.6336000000000002,1633.6000000000001,0.67,103244.24240625813,1.0965532362730477,1094.5120000000002,1237.6741696000001,83.41795033148773,64.84910955065143,-11.20279269009582,72.37160625852701,-18300.882138540546,0.0,8000668.35065483
2024-12-25,-16.903083879777416,0.6229,622.9,1.59,100008.35438318539,0.9877330948461308,990.4110000000001,642.2815335,155.70797098619275,-263.1944894329564,-363.4274035890285,-195.8167001381196,-226378.92969560632,-33522.140690182256,7.255421377086454,1.6336000000000002,1633.6000000000001,0.63,100008.35438318539,1.0339192424850936,1029.1680000000001,1163.7831744000002,85.93383766245432,62.348620279124816,-13.83689009998443,69.5810602315033,-22603.94366733458,0.0,7751685.4772918895
2024-12-26,-17.433442458638186,0.6222500000000001,622.2500000000001,1.62,96896.06846614863,1.007609051164037,1008.0450000000003,653.7171825000001,148.2232241404311,-258.40410490860364,-347.9606250381939,-192.25265405200113,-216518.4989300165,-10121.018114102175,6.831992214542767,1.6373,1637.3,0.59,96896.06846614863,0.9716269860296236,966.007,1092.3607156,88.70336243548141,60.602068156297435,-18.301929600026384,67.63190806242794,-29965.74933412339,31795.519935106047,7505201.22902775
2024-12-27,-17.90742020746474,0.62195,621.95,1.65,93815.01536284688,1.025003780474849,1026.2175,665.50204875,140.96878520367875,-252.43872727781132,-336.03763723512276,-187.81441309469164,-208998.608478384,-4446.696724213102,8.718771208777873,1.6354,1635.3999999999999,0.56,93815.01536284688,0.9228566157938026,915.824,1035.6137792,90.58880564076497,78.98230704582764,-0.559107772337768,88.14425466314364,-914.3648508811881,-16853.638862741267,7295288.255698484
2024-12-30,-18.162782018798936,0.62245,622.4499999999999,1.64,91191.10319623107,1.023269148361161,1020.8179999999999,662.0004729999998,137.75081274939072,-250.19379848795728,-327.112971278719,-186.14418607504024,-203611.46897243883,7048.439260183537,7.763321302510844,1.6354,1635.3999999999999,0.5,91191.10319623107,0.8241264061504453,817.6999999999999,924.6551599999999,98.62174261400442,76.5632275326042,-5.144243714378675,85.4445619263863,-8412.896170494907,0.0,7083263.89055555
2024-12-31,-18.011067594350088,0.62245,622.4499999999999,1.66,88540.79863194439,1.0329878992455863,1033.2669999999998,670.0736494999999,132.1359207275385,-237.99089998653807,-314.81604233937503,-177.06522958998434,-195957.24555414417,0.0,7.240967180607876,1.6354,1635.3999999999999,0.45,88540.79863194439,0.7287031860191797,735.93,832.1896439999999,106.39497771969918,77.04025418498479,-12.64481894356139,85.97692367044303,-20679.33690030035,0.0,6866627.3081011055
2025-01-01,-17.78028893520707,0.619,619.0,1.7,85832.84135126382,1.0516642366528006,1052.3,682.4165499999999,125.77778389352343,-223.63653392568807,-298.52150196825045,-166.38558124071196,-184784.80971834695,-45586.89265100063,6.817484431658543,1.6463999999999999,1646.3999999999999,0.4,85832.84135126382,0.6517609479821411,658.56,744.6996479999999,115.258334795485,78.57719030871071,-18.702833335178042,87.69214438452114,-30792.344803037126,117034.4754916685,6651050.153579721
2025-01-02,-18.082999823905183,0.6193500000000001,619.35,1.67,83138.12691974652,1.0346928690781774,1034.3145,670.7529532499999,123.94746309638634,-224.13419533454484,-292.5336252224248,-166.7558413289014,-181180.70078150797,4402.222436273785,10.07854451758647,1.6481999999999999,1648.1999999999998,0.38,83138.12691974652,0.6207656562514628,626.3159999999999,708.2381327999999,117.38725023328273,118.30926272732029,16.77480240820445,132.03313720368945,-27648.229329202622,20746.500263188085,6442221.223469011
2025-01-03,-18.21608348502788,0.6217,621.7,1.56,80527.76529336264,0.9703434958755296,969.8520000000001,628.949022,128.03544083317237,-233.23042792594157,-297.47090147328686,-173.52343837690054,-184937.65944594154,29127.65382765072,13.070845137605636,1.6397,1639.7,0.31,80527.76529336264,0.5105790829845609,508.307,574.7935556,140.0985875864657,183.12069423399723,86.97544453185817,204.3626947651409,-142613.63639888825,-99779.16269828966,6114669.927624181
2025-01-06,-17.0855669867429,0.6242,624.1999999999999,1.47,76433.37409530226,0.9206724444600152,917.5739999999998,595.0467389999999,128.4493621858203,-219.46301820302332,-291.3159263762218,-163.2804855430494,-181839.4012440382,32008.860208293092,6.764840022518676,1.6396000000000002,1639.6000000000001,0.29,76433.37409530226,0.4729894290376759,475.484,537.6773072,142.1547330932293,96.16540278195377,-32.77799808180528,107.32058950466042,-53742.805654927986,-1400.9858758633827,5879087.720725215
2025-01-07,-15.355959081293877,0.624,624.0,1.36,73488.59650906519,0.8513179488228914,848.6400000000001,550.3430400000001,133.53234467917534,-205.05172209226467,-281.0078434224652,-152.55848123664492,-175348.89429561893,-2568.9872437168074,4.979517073494592,1.6374000000000002,1637.4,0.28,73488.59650906519,0.4627083314372061,458.4720000000001,518.4401376000001,141.74943485136745,70.58437310005937,-63.38257271356305,78.77216037966626,-103782.624561189,-31274.041280510286,5599956.201868407
2025-01-08,-14.330920650787927,0.62115,621.15,1.31,69999.4525233551,0.812963355050346,813.7065,527.68866525,132.65293938082195,-190.10387483603404,-274.9696275571847,-141.43728287800934,-170797.3841571453,-38056.71823356452,2.74069538142839,1.6396000000000002,1639.6000000000001,0.27,69999.4525233551,0.4494441010642225,442.69200000000006,500.5961136000001,139.83219330241937,38.32374463589426,-98.98013583770947,42.76929901365799,-162287.83071950858,31184.87566730068,5266870.986991754
2025-01-09,-14.24070743973419,0.61985,619.85,1.21,65835.88733739693,0.7499995555474805,750.0185,486.38699725,135.35700524403137,-192.75795115988174,-276.06485504377395,-143.41191566295203,-171118.80039888315,-17244.882119507194,3.055254727555943,1.6421000000000001,1642.1000000000001,0.28,65835.88733739693,0.4679572629861004,459.78800000000007,519.9282704000001,126.62494248821464,38.68714541636172,-96.65733901775968,43.17485428465968,-158721.0164010631,34958.04832560484,4937031.170191808
2025-01-10,-14.665047103164293,0.6149,614.9,1.23,61712.8896273976,0.7541834436360868,756.327,490.4780595,125.8219168667984,-184.51843374620202,-272.6387199512057,-137.28171470717433,-167645.54889799602,-67001.71759579518,4.467565080245449,1.6441,1644.1,0.3,61712.8896273976,0.4875106836246121,493.22999999999996,557.7444839999999,110.6472433125804,49.432376044870594,-71.45841082213906,55.16653166607558,-117484.77323267945,25324.98849764149,4651900.848061132
2025-01-13,-15.757219936203771,0.6156,615.6,1.12,58148.76060076416,0.687110374433999,689.4720000000001,447.12259200000005,130.05104559951235,-204.92429284447817,-278.2855907430902,-152.46367387629178,-171312.6096614465,8807.534180675924,6.012259557872533,1.6457,1645.7,0.32,58148.76060076416,0.519237582083733,526.624,595.5064192000001,97.64590057464179,58.707249901696116,-45.12995242228753,65.51729089029287,-74270.36270135881,17703.55893001249,4406317.875698327
2025-01-14,-16.48665489131644,0.6187,618.7,1.04,55078.973446229094,0.6455389866782075,643.4480000000001,417.27602800000005,131.99649572543643,-217.61806718883963,-291.958887588009,-161.9078419884967,-180634.96375070236,40315.8241358482,7.356614302953905,1.6488999999999998,1648.8999999999999,0.35,55078.973446229094,0.5705590825218624,577.1149999999999,652.6016419999999,84.39907272900963,62.08914255942791,-28.354417478320244,69.29148309632154,-46753.59898000218,31246.688183884704,4178929.3129676227
2025-01-15,-15.33722582456834,0.62295,622.95,0.95,52236.61641209529,0.5908309825899576,591.8025,383.78392125,136.1094447155537,-208.7541290459047,-287.30956773558955,-155.31307201015312,-178979.49522088637,56098.51068331105,9.404696548133453,1.6459000000000001,1645.9,0.35,52236.61641209529,0.5723903097085269,576.0649999999999,651.4143019999999,80.18954488981315,75.41583360216183,-0.23500242899703494,84.1640703000126,-386.79049788622257,-25319.72181870145,3999563.02724885
2025-01-16,-12.7467126491272,0.6213000000000001,621.3000000000001,0.86,49994.53784061063,0.5332356420835321,534.3180000000001,346.50522300000006,144.28220564112715,-183.91238156897273,-272.94025660286945,-136.83081188731572,-169577.7814273622,-22458.058378066245,7.745788207526934,1.6430000000000002,1643.0000000000002,0.33,49994.53784061063,0.5462700797056222,542.19,613.108452,81.54273143279164,63.16127275416534,-9.701564496164622,70.48798039364853,-15939.67046719848,-23254.968018045176,3814045.5753542893
2025-01-17,-11.980960712977124,0.6213000000000001,621.3000000000001,0.75,47675.56969192862,0.4681224020719281,465.975,302.18478749999997,157.76958888749033,-189.0231246163574,-284.9154103556971,-140.63320471456993,-177017.944453994,0.0,4.883200428682144,1.6407,1640.7,0.32,47675.56969192862,0.5300226410084805,525.024,593.6971392,80.30284558246464,39.21348899726874,-37.78047771183972,43.76225372095192,-61986.429781815794,-18754.82822954356,3575041.2011184795
2025-01-20,-11.396453936389232,0.62,620.0,0.59,44688.015013981,0.3667132167261178,365.79999999999995,237.22129999999996,188.38112350780057,-214.68767965418996,-317.49722255020765,-159.72763366271735,-196848.2779811279,-20510.046555374145,2.1062584128022306,1.6413,1641.3,0.31,44688.015013981,0.5078936896454073,508.803,575.3544324000001,77.67041061554355,16.359395578479226,-62.04576011688182,18.25708546558282,-101835.7060798382,4818.170734948061,3276357.2170575135
2025-01-21,-11.37141125268791,0.6267,626.7,0.47,40954.46521321892,0.2964465943835865,294.549,191.01502649999998,214.40441604848783,-243.8080789279755,-369.7743342302143,-181.39321072241378,-231737.57526207517,126215.3527502267,1.4188823206211467,1.6447,1644.7,0.31,40954.46521321892,0.5031623329652005,509.857,576.5462956,71.03413121508038,10.078907294176028,-66.4223500752431,11.248060540300449,-109244.83916875235,26407.93960928507,2935374.802626686
2025-01-22,-7.43045356585109,0.62795,627.95,0.51,36692.18503283358,0.317556687834295,320.2545,207.68504325,176.6722555396804,-131.27549911617734,-312.0733873909238,-97.66897134243595,-195966.48361213013,26800.552006060978,3.203620284283002,1.6457,1645.7,0.3,36692.18503283358,0.5004747745707833,493.71,558.287268,65.72276878940677,21.055079523298534,-47.53666246707921,23.497468748001165,-78231.0854220725,7103.413121507634,2661177.2335924837
2025-01-23,-5.356611285229849,0.62895,628.95,0.55,33264.715419906046,0.3436232190276844,345.92250000000007,224.33074125000005,148.28424867029247,-79.43010798491179,-235.76825588045477,-59.09600034077437,-148286.4445360128,17667.225553968292,4.472033754722936,1.6532,1653.2,0.33,33264.715419906046,0.5532018920024147,545.556,616.9147248,53.92109165604737,24.113694197735313,-38.81188606473417,26.910882724672607,-64163.81004221846,49292.07659205508,2448726.9790142523
2025-01-24,-3.766470635590069,0.6314500000000001,631.45,0.6,30609.087237678155,0.3802020296126893,378.87,245.697195,124.58053189283726,-46.92289151405636,-183.1948799567504,-34.910631286457935,-115678.40694869023,37071.062167573116,8.289191750970405,1.6507,1650.7,0.34,30609.087237678155,0.5639674931368778,561.238,634.6479304000001,48.23002766019601,39.978794742997124,-9.304756722862578,44.616334933184795,-15359.361922429262,-13480.272914011843,2317689.2101431326
2025-01-27,-1.67217922256908,0.6285000000000001,628.5000000000001,0.63,28971.11512678916,0.3964033089185849,395.9550000000001,256.77681750000005,112.82605419310936,-18.86653835861705,-138.61723643164834,-14.036704538811087,-87120.93309729133,-36751.2569083872,8.074045645733401,1.6491,1649.1,0.34,28971.11512678916,0.5569613990051747,560.694,634.0327752,45.69340302265996,36.893062171384905,-7.057370276930456,41.17265738326555,-11638.309323686044,-7716.804425631197,2218929.967722155
2025-01-28,-1.3543590071678002,0.62555,625.5500000000001,0.64,27736.62459652694,0.3981988615272551,400.35200000000003,259.628272,106.83206564085957,-14.468897035503982,-123.59091358752433,-10.764859394414964,-77312.29599467634,-33283.68598696745,6.690135254786195,1.6508000000000003,1650.8000000000002,0.33,27736.62459652694,0.5516345408406861,544.7640000000001,616.0191312000002,45.02558961520599,30.12272844522248,-12.076438077791664,33.61696494486829,-19935.783978818527,7767.87851385292,2121681.8877486605
2025-01-29,-2.465960213224493,0.6232500000000001,623.2500000000001,0.64,26521.023596858256,0.3983687571270304,398.8800000000001,258.67368000000005,102.52695054579287,-25.282738082916048,-125.64242277454912,-18.810357133689543,-78306.63999423759,-24571.375097397366,7.045424040262728,1.6518000000000002,1651.8000000000002,0.33,26521.023596858256,0.5430445039913683,545.094,616.3922952,43.026208801414384,30.313788585084872,-11.19540155425127,33.83018806095472,-18492.564287312343,4502.558961520343,2024882.6834671106
2025-01-30,-3.6661071369991727,0.6239,623.9,0.64,25311.033543338883,0.399099820414558,399.296,258.94345599999997,97.74733810356994,-35.8352213844169,-129.18835525579905,-26.661404710006174,-80600.6148440929,6664.251785476304,7.607929592887469,1.6566999999999998,1656.6999999999998,0.35,25311.033543338883,0.585007122448338,579.8449999999999,655.688726,38.60220946263286,29.36828917216052,-10.251198085283242,32.77501071613114,-16983.159867888757,21082.842312692217,1927298.908755129
2025-01-31,-4.327476548104023,0.62165,621.6500000000001,0.64,24091.236359439114,0.3993747195991917,397.85600000000005,258.009616,93.37340496425185,-40.407122019941966,-127.81023688640677,-30.062898782836825,-79453.23376043509,-21993.151073303376,10.116522180462736,1.655,1655.0,0.36,24091.236359439114,0.5898451774112756,595.8,673.73064,35.75796457682126,36.1746241769613,1.7686711188559556,40.37088058148881,-2927.1507017066087,-6562.375608647103,1844918.5242929873
2025-02-03,-5.413685373130043,0.6184000000000001,618.4000000000001,0.66,23061.481553662343,0.4084243095788239,408.14400000000006,264.68138400000004,87.12921628693894,-47.16901637848853,-128.46715314984732,-35.093748185595466,-79444.08750786573,-30346.356613381453,9.716009015158498,1.6528,1652.8,0.35,23061.481553662343,0.5712121613861053,578.4799999999999,654.1451839999999,35.254377954210156,34.25318540269109,2.4685903325819964,38.226554909403255,-4080.086101691557,-7866.752206900636,1761394.35068343
2025-02-04,-7.123402409605938,0.62605,626.05,0.66,22017.429383542876,0.4145050260912808,413.193,267.95566049999996,82.16818164042061,-58.53170230903106,-130.67680280485806,-43.547586517919115,-81810.21239598129,66653.85045950771,7.60761931445998,1.6549,1654.9,0.33,22017.429383542876,0.554173558838237,546.1170000000001,617.5491036000001,35.652920966433854,27.123385016115737,-4.984680276224992,30.269697677985164,-8249.147389124728,7403.419370384413,1671334.990898324
2025-02-05,-4.446286824723148,0.62865,628.6500000000001,0.67,20891.687386229052,0.4238857943537605,421.1955000000001,273.14528175000004,76.48562425233636,-34.00770233938884,-107.46991218092592,-25.301730540505304,-67560.96029253911,21363.727226509778,7.992044545262154,1.6551,1655.1,0.35,20891.687386229052,0.5788474179915287,579.285,655.055478,31.893004620028613,25.489031360552033,-7.2071619680577825,28.44575899837607,-11928.573773332468,713.0584193280285,1591845.4568324524
2025-02-06,-2.564832487228548,0.6282500000000001,628.2500000000001,0.68,19898.068210405658,0.4289471606793837,427.2100000000001,277.04568500000005,71.8223357653293,-18.421226007955347,-90.19101640225514,-13.70539214991878,-56662.506054716905,-3059.424970093389,8.043873050400563,1.6636000000000002,1663.6000000000001,0.4,19898.068210405658,0.6666750832668294,665.44,752.4795520000001,26.44333411787601,21.270682267352058,-8.154923209663718,23.738081410364895,-13566.53025159658,27109.053927025045,1521616.420526139
2025-02-07,-1.474366998098254,0.62745,627.4499999999999,0.69,19020.205256576737,0.4348493992041723,432.94049999999993,280.76191424999996,67.74496215907867,-9.988093649476061,-79.25347744053948,-7.431141675210191,-49727.59442006674,-5745.786861226732,11.04862936108124,1.6675,1667.5,0.45,19020.205256576737,0.7540749299520809,750.375,848.52405,22.41563483860798,24.766204122511965,1.195749682847346,27.639083800723355,-1993.9125961479372,10312.900305971283,1469894.9135099242
2025-02-10,-0.9379824079470102,0.6281,628.1,0.71,18373.686418874055,0.4438958210979509,445.951,289.1992235,63.53297286385713,-5.959281087087277,-72.1786672878716,-4.433705128792934,-45335.4209235124,4403.422540340441,14.408956366034984,1.6635,1663.5,0.47,18373.686418874055,0.7835555713002306,781.8449999999999,884.1103259999999,20.78211946918722,29.944865262524473,11.002834794369335,33.41846963297731,-18303.21568043338,-8966.25393544332,1406256.2769059783
2025-02-11,-0.5455247410495384,0.6295000000000001,629.5000000000001,0.73,17578.20346132473,0.4584132051488949,459.5350000000001,298.00844750000005,58.98558785426621,-3.2178097539853368,-65.92702332082223,-2.394050456965091,-41501.061180457604,8894.616200940034,12.336470416861122,1.6602000000000001,1660.2,0.46,17578.20346132473,0.766294547361322,763.692,863.5829136,20.354969030184773,25.11084732769988,7.2415861485258475,28.023705617713066,-12022.481323782635,-6858.099424831451,1352732.734401738
2025-02-12,0.3338897171115823,0.62875,628.75,0.74,16909.159180021725,0.4638792946319174,465.275,301.73083749999995,56.04054037075918,1.8711360171172988,-57.593462657530935,1.3921251967352706,-36211.88964592278,-4423.919089070133,8.978706859657997,1.6612,1661.2,0.46,16909.159180021725,0.7580760735676548,764.152,864.1030816000001,19.568451426781397,17.569938905852645,-0.7469172112532192,19.608051818931553,-1240.7788713338537,2035.4969030183615,1315280.0658844814
2025-02-13,0.5906867976312724,0.63035,630.3499999999999,0.74,16441.00082355602,0.46935487638693,466.45899999999995,302.49866149999997,54.350656436064995,3.210421519937674,-53.65198675992555,2.38855361083363,-33819.529854119064,8966.486459321279,8.200706077303836,1.6654,1665.4,0.47,16441.00082355602,0.7802403475740556,782.7379999999999,885.1201304,18.574880695715358,15.232713700654665,-2.5687429368507892,16.999708489930608,-4277.984487031318,8218.749599247942,1277182.551543331
2025-02-14,1.3966390328300669,0.63035,630.3499999999999,0.69,15964.781894291638,0.435046261894259,434.9414999999999,282.05956274999994,56.600746801986034,7.905081227098528,-48.46927600310369,5.881380432961305,-30552.608128556403,0.0,9.831738613634895,1.6647,1664.7,0.48,15964.781894291638,0.7968724280894688,799.056,903.5725248000001,17.668511885999784,17.37121905550512,0.8113997702283555,19.386280465943713,-1350.737197499152,-1300.2416486999484,1245279.2062172755
2025-02-17,1.9060063324550809,0.636,636.0,0.69,15565.990077715944,0.4359830845206487,438.84,284.58774,54.69662915807949,10.425212153924672,-48.84438895946607,7.756357842519957,-31065.031378220556,31979.42194312238,9.830234919912856,1.6636000000000002,1663.6000000000001,0.48,15565.990077715944,0.8062516149746636,798.528,902.9754624000001,17.238552680427677,16.945902252789754,1.243115028113582,18.911626914113366,-2068.046160769758,-1943.536307459715,1212146.128678285
2025-02-18,4.176184940075094,0.635,635.0,0.7,15151.826608478565,0.4416170097736826,444.5,288.25825,52.563375405486454,21.95143767679061,-38.364759526547275,16.331869631532218,-24361.62229935744,-5469.662915808027,8.761275929345489,1.6642,1664.1999999999998,0.5,15151.826608478565,0.8238037792152277,832.0999999999999,940.93868,16.102884205460196,14.108181178233608,-1.4938224855189706,15.744730194908707,-2486.0193804006617,1034.31316082521,1185298.4869985268
2025-02-19,5.427303037058564,0.63495,634.95,0.73,14816.231087481587,0.462607374910335,463.5135,300.58850474999997,49.29074416802557,26.75158055220019,-32.66019947464952,19.90317593083694,-20737.593656428824,-262.8168770275667,8.521153046600151,1.6651,1665.1000000000001,0.5,14816.231087481587,0.8286836951752721,832.5500000000001,941.4475400000001,15.737712892086993,13.410346015692557,-1.1369380519473022,14.965946153512894,-1893.1155502974477,1449.2595784914727,1162667.7777918007
2025-02-20,5.965686698967393,0.6404000000000001,640.4000000000001,0.8,14533.34722239751,0.5143509664176179,512.32,332.23952,43.74358361220094,26.09605149204752,-29.875281857942213,19.415462310083356,-19132.13050182618,26863.455571574366,8.788555991076821,1.6607,1660.7,0.48,14533.34722239751,0.7933647752764121,797.136,901.4013888,16.123058387723564,14.169840138790931,0.07582870280368681,15.81354159489068,-125.92872674608203,-6924.593672518241,1143409.7185632284
2025-02-21,7.855300782330004,0.6355,635.5,0.81,14292.621482040355,0.5150406941734963,514.755,333.81861749999996,42.81553134776959,33.63288768920093,-18.72071517143545,25.022868440765492,-11897.014491447235,-21434.35596997886,4.913100996742305,1.6662000000000001,1666.2,0.45,14292.621482040355,0.7500217774501335,749.7900000000001,847.8625320000001,16.85723916626658,8.282131855010777,-6.880199237531537,9.242859150192027,-11463.78796957507,8867.682113248144,1120048.916102206
2025-02-24,6.926738422628714,0.63575,635.75,0.79,14000.611451277577,0.5013002260668696,502.2425,325.70426125,42.985656366746646,29.775039757745855,-20.662901768006677,22.152629579762916,-13136.439799010277,1070.388283694483,6.591744908708441,1.6640000000000001,1664.0000000000002,0.41,14000.611451277577,0.6852838827689205,682.24,771.476992,18.14780167971306,11.962567932649906,-3.5070133534292864,13.350225812837294,-5835.670220106387,-3708.5926165786286,1101076.8060830894
2025-02-25,6.719147562275966,0.6343,634.3,0.8,13763.460076038618,0.5081639335109787,507.44,329.07484,41.824710986833935,28.102640487008205,-22.07729184441254,20.908364522334107,-14003.626216910943,-6232.920173178398,5.642555414741684,1.6627,1662.7,0.38,13763.460076038618,0.6320395557106327,631.826,714.4688408000001,19.263905281897937,10.869765305744414,-6.017143598502292,12.130658081210766,-10004.704661229767,-2359.214218362615,1077068.4752049488
2025-02-26,5.946285089092123,0.6309,630.9,0.8,13463.355940061861,0.5076993040386663,504.72,327.31092,41.13323179092791,24.45899228645647,-23.62722072571032,18.197490261123615,-14906.413555850735,-14220.401735523383,4.240167669858484,1.6568,1656.8,0.35,13463.355940061861,0.5728656037701346,579.88,655.728304,20.531912162299864,8.705875015095808,-9.548148765051016,9.715756516846922,-15819.372873936562,-11365.704116319848,1046342.6887751615
2025-02-27,3.962166884417222,0.6244,624.4,0.83,13079.283609689519,0.5184518621061679,518.252,336.08642199999997,38.9164296845337,15.419338895581081,-29.661243652615582,11.471988138312327,-18520.48053669321,-26736.600664103375,-0.9879876783066456,1.6531,1653.1,0.35,13079.283609689519,0.5733038751973104,578.5849999999999,654.2639179999999,19.990837412631887,-1.9750701042711807,-22.7360903986665,-2.2041782363666376,-37585.03103803548,-7596.8075000510435,990237.1772004329
2025-02-28,0.2321837633295712,0.61985,619.85,0.89,12377.964715005412,0.5510973900513136,551.6665,357.75572525,34.59892837873015,0.8033309398143865,-38.3187514653118,0.5976782192219037,-23751.878095773503,-17706.975506462768,-5.143079127011177,1.6522000000000001,1652.2,0.34,12377.964715005412,0.5647852098951037,561.748,635.2246384000001,19.485964439576765,-10.02178569788693,-31.175150251473703,-11.184312838841814,-51507.583245484646,-1799.175367136938,914977.7158591747
2025-03-03,-3.433223435050276,0.6223,622.3,0.91,11437.221448239685,0.5672941623661506,566.293,367.24101049999996,31.14363897612597,-10.692307118558087,-42.55400487493737,-7.9550764962072185,-26481.35723367364,8476.737452788799,-7.29848924614492,1.6303999999999998,1630.3999999999999,0.48,11437.221448239685,0.785373159703639,782.5919999999999,884.9550335999999,12.92407073126985,-9.432619124858931,-30.012767382919332,-10.526802943342567,-48932.81594111194,-42479.40247827748,839563.5426843892
2025-03-04,-4.719307902081611,0.6247,624.7,0.91,10494.544283554866,0.5695621124934901,568.4770000000001,368.65733450000005,28.466934742498292,-13.434423007831374,-41.138849693952515,-9.995210717826543,-25699.439403812015,7474.473354270295,-14.233339558435018,1.6296000000000002,1629.6000000000001,0.59,10494.544283554866,0.9656129314151484,961.464,1087.2234912000001,9.652609944963324,-13.738887497178974,-28.256669178121584,-15.332598446851735,-46047.068092667236,-1033.9256585013823,767817.0351879098
2025-03-05,-4.60917089632139,0.634,634.0,0.89,9597.712939848874,0.566897771490914,564.26,365.92260999999996,26.228805429237823,-12.089304662971944,-37.46137741174942,-8.994442669251127,-23750.513279049144,26474.249310523403,-16.980911243552008,1.6355000000000002,1635.5000000000002,0.65,9597.712939848874,1.0573603926678827,1063.0750000000003,1202.1252100000004,7.983954466647339,-13.557482217069907,-24.78276009921334,-15.130150154250016,-40532.2041422636,5695.039867528394,703534.3177665971
2025-03-06,-1.0049840559346468,0.6337,633.7,0.89,8794.178972082465,0.5627480934260759,563.993,365.7494605,24.04427052348985,-2.41641085126867,-28.026615102581715,-1.7978096733438909,-17760.46599050596,-786.8641628771645,-16.91492234603851,1.6454,1645.3999999999999,0.66,8794.178972082465,1.082496651257061,1085.964,1228.0080911999999,7.16133634224581,-12.113344812295132,-21.502447277168706,-13.518492810521368,-35380.12674985328,7904.114921980711,650393.7250262379
2025-03-07,0.8012324397402036,0.63095,630.95,0.85,8129.921562827974,0.5384249405949445,536.3075,347.79541374999997,23.375585880128575,1.8729277705092073,-22.650812262231,1.3934582612588504,-14291.529996854617,-6612.1743939596745,-11.444470274883155,1.6439,1643.8999999999999,0.68,8129.921562827974,1.1114364579150375,1117.852,1264.0670416,6.431558845595309,-7.360578402957733,-15.375741839946638,-8.21440549770083,-25276.18201068831,-1074.2004513369122,610826.0130186949
2025-03-10,0.89486623268193,0.62695,626.95,0.78,7635.325162733687,0.4867295621334884,489.0210000000001,317.13011850000004,24.076316683032697,2.154508280700257,-21.772631719287585,1.6029541608409916,-13650.351456407367,-9350.234352051397,1.869234249510617,1.6453,1645.3,0.69,7635.325162733687,1.1306484864814113,1135.2569999999998,1283.7486155999998,5.947679374255902,1.1117605991467006,-5.1908340169475915,1.240724828647718,-8540.479208083829,900.4182383834384,588635.1823542038
2025-03-11,-0.1319712050352853,0.6307,630.7,0.76,7357.939779427547,0.4786939697287301,479.33200000000005,310.846802,23.670630458754236,-0.31238416255867246,-24.30873049997635,-0.23241381694365232,-15331.516326335019,9028.61875613726,3.1417656011123385,1.6454,1645.3999999999999,0.7,7357.939779427547,1.149577168636082,1151.7799999999997,1302.4328239999998,5.649381406735453,1.774903217124508,-3.9668873839449508,1.980791990310951,-6527.116501543002,59.476793742504924,566776.5495263258
2025-03-12,0.3748064513420834,0.63195,631.95,0.76,7084.706869079073,0.4780156029405792,480.28200000000004,311.462877,22.746553095889734,0.8525554846134712,-23.036329178201814,0.6343012805524226,-14557.808224164713,2958.8288073442795,3.794005341519187,1.6447,1644.7,0.71,7084.706869079073,1.1693997035442274,1167.737,1320.4769996000002,5.365263364091292,2.0355837862019563,-3.37766990133407,2.2717115054013832,-5555.253686724146,-395.4566984714432,546663.4876154369
2025-03-13,0.990609842378154,0.6291,629.1,0.76,6833.293595192961,0.4765730968641057,478.11600000000004,310.058226,22.03874312043881,2.1831795848750515,-21.122267484742697,1.6242856111470385,-13288.018474651653,-6482.767632328658,3.844513471464116,1.6413,1641.3,0.72,6833.293595192961,1.1859682401520188,1181.7359999999999,1336.3070687999998,5.11356540329405,1.9659171080176812,-3.1712998715435594,2.1939634925477325,-5205.054479164448,-1824.1895437910575,528170.4146616207
2025-03-14,0.6193778519020393,0.63285,632.85,0.75,6602.130183270259,0.4737604000490503,474.63750000000005,307.80241875,21.44924724789954,1.3285188685319747,-21.05032508225102,0.9884180381877892,-13321.698228302508,8264.528670164553,2.4919418606498613,1.6414,1641.3999999999999,0.72,6602.130183270259,1.1779820315476877,1181.8079999999998,1336.3884863999997,4.940277659122356,1.2310884702000304,-3.739670670550816,1.3738947327432338,-6138.295438642126,51.135654032893996,508710.4209946761
2025-03-17,1.5320653264787671,0.63955,639.55,0.78,6358.880262433452,0.5006308520136895,498.849,323.50357649999995,19.656290453510497,3.011472105101903,-19.208712001703724,2.240535246195816,-12284.931760689613,14370.995656092728,2.1487277020544986,1.6427,1642.7,0.72,6358.880262433452,1.1746223506511224,1182.744,1337.4469152,4.7544917036819765,1.0216108032889752,-3.800160002651859,1.1401176564704965,-6242.522836356174,642.2360956860242,490182.96639763034
2025-03-18,10.078985516897797,0.6365,636.5,0.8,6127.28707997038,0.5095811188168268,509.20000000000005,330.2162,18.555380020636115,18.701940648852613,-5.742046610764152,13.914243842746345,-3654.812667751372,-5995.168588320696,2.7428859363183933,1.6396000000000002,1639.6000000000001,0.72,6127.28707997038,1.1885407018619316,1180.512,1334.9229696,4.589992995480763,1.258982723510412,-3.3494669842443567,1.4050247194376198,-5491.786067367052,-1473.8924281414236,481036.36766251194
2025-03-19,4.6141488974668405,0.63625,636.25,0.81,6012.9545957814,0.5142206886683943,515.3625000000001,334.21258125,17.991407065802672,8.301503107655053,-12.379061708540753,6.17631831209536,-7876.178012059104,-463.8845005158765,1.6306303968358111,1.6425,1642.5,0.72,6012.9545957814,1.183152850078584,1182.6,1337.28408,4.496392864993503,0.7331954881774065,-3.7717468306747772,0.8182461648059858,-6195.094169383368,1331.0979686893847,466965.09548106947
2025-03-20,5.043527922352518,0.63055,630.5500000000001,0.82,5837.063693513369,0.5139866243278426,517.051,335.3075735,17.408087841813597,8.779817710495227,-11.459222689194224,6.532184376608448,-7225.612866671412,-10255.102027507528,2.7677979759753155,1.6485,1648.5,0.69,5837.063693513369,1.1430004374375244,1137.465,1286.245422,4.5380637269341975,1.2560443598255469,-3.0946473594281922,1.4017455055653103,-5101.526172017414,2697.835718996076,454637.9564423806
2025-03-21,3.0636569687798185,0.62795,627.95,0.83,5682.974455529758,0.5192131065255713,521.1985,337.99722725,16.81367182141509,5.151132284645521,-13.57564542203733,3.8324424197762683,-8524.82654276832,-4526.1028388715,6.205059542373225,1.6574000000000002,1657.4000000000003,0.67,5682.974455529758,1.1127530423753915,1110.4580000000003,1255.7059064000005,4.525720892579339,2.8082367610617296,-1.404071501589307,3.1339922253448904,-2327.108106734111,4038.876716971503,443786.02179287816
2025-03-24,1.2509313007726597,0.6288,628.8000000000001,0.82,5547.325272410977,0.5149080014798224,515.616,334.37697599999996,16.59003361646221,2.0752992331703224,-15.269649191936372,1.54402262947872,-9601.555411889563,1429.1621048202971,11.302001266212407,1.6566,1656.6000000000001,0.65,5547.325272410977,1.0847423657174728,1076.7900000000002,1217.6341320000001,4.5558227439792045,5.148991442109225,1.220553556814556,5.746274449393895,-2021.9690222189904,-362.0576714064037,432162.4973587696
2025-03-25,0.4010100601479952,0.6303,630.3,0.81,5402.03121698462,0.5102085357850767,510.543,331.0871355,16.316040817552757,0.6542896509623976,-16.103242116146188,0.48679150031602386,-10149.873505806914,2488.505042469308,,,,,5402.03121698462,,,,,,,,,,422012.6238529627
2025-03-26,0.4713379768609955,0.62915,629.15,0.8,5275.157798162034,0.5062141345201266,503.32,326.40301999999997,16.16148587767979,0.7617522056653143,-15.749297176537763,0.566743641014994,-9908.670318618775,-1876.3446940185995,,,,,5275.157798162034,,,,,,,,,0.0,412103.9535343439
2025-03-27,-0.0496398594279691,0.6304,630.4,0.74,5151.2994191793,0.4676566582312025,466.496,302.522656,17.027813676141,-0.0845258277249289,-16.22437309350714,-0.06288721582734712,-10227.844798146927,2020.1857347099738,,,,,5151.2994191793,,,,,,,,,0.0,401876.108736197
