Date,ER1_alpha_forecast,ER1_one_perc_change,ER1_ block_value,ER1_ price_volatility,ER1_cash_vol_daily,ER1_std_dev,ER1_icv,ER1_ivv,ER1_vol_scalar,ER1_alpha_subsystem_position,ER1_alpha_trades_needed,ER1_alpha_target_pos,ER1_daily_instrument_pnls,ER1_daily_current_pnls,GC1_alpha_forecast,GC1_one_perc_change,GC1_ block_value,GC1_ price_volatility,GC1_cash_vol_daily,GC1_std_dev,GC1_icv,GC1_ivv,GC1_vol_scalar,GC1_alpha_subsystem_position,GC1_alpha_trades_needed,GC1_alpha_target_pos,GC1_daily_instrument_pnls,GC1_daily_current_pnls,TY1_alpha_forecast,TY1_one_perc_change,TY1_ block_value,TY1_ price_volatility,TY1_cash_vol_daily,TY1_std_dev,TY1_icv,TY1_ivv,TY1_vol_scalar,TY1_alpha_subsystem_position,TY1_alpha_trades_needed,TY1_alpha_target_pos,TY1_daily_instrument_pnls,TY1_daily_current_pnls,ES1_alpha_forecast,ES1_one_perc_change,ES1_ block_value,ES1_ price_volatility,ES1_cash_vol_daily,ES1_std_dev,ES1_icv,ES1_ivv,ES1_vol_scalar,ES1_alpha_subsystem_position,ES1_alpha_trades_needed,ES1_alpha_target_pos,ES1_daily_instrument_pnls,ES1_daily_current_pnls,AUM
2024-12-11,,0.98,980.0,232.4,125000.0,227.756,227752.0,227752.0,0.548842600723594,,,,,0.0,,27.567,2756.7,1.51,125000.0,41.6105,4162.617,4162.617,30.029185966424485,,,,,0.0,,1.106875,1106.875,0.65,125000.0,0.722066646,719.46875,719.46875,173.73930417408678,,,,,0.0,15.872796903086504,60.9275,3046.375,1.01,125000.0,61.6626,3076.83875,3076.83875,40.626113409420626,64.48500471094928,24.0,24.0,-3046.374999999989,0.0,9996953.625
2024-12-12,,0.97,970.0,235.83,124961.9203125,228.756,228755.1,228755.1,0.546269439730524,,,,,0.0,,27.094,2709.4,1.54,124961.9203125,41.8577,4172.476000000001,4172.476000000001,29.9491046353532,,,,,0.0,,1.10375,1103.75,0.62,124961.9203125,0.685488992,684.325,684.325,182.6061013590034,,,,,0.0,15.676699527524663,60.6075,3030.375,1.06,124961.9203125,64.2139,3212.1975,3212.1975,38.9023154125797,60.985990964800365,-1.0,23.0,-3030.3750000000036,36800.0,9993923.25
2024-12-13,,0.99,990.0,232.08,124924.04062500001,229.756,229759.2,229759.2,0.543717251039349,,,,,0.0,,26.758000000000003,2675.8,1.32,124924.04062500001,35.3326,3532.0560000000005,3532.0560000000005,35.36864665367706,,,,,0.0,,1.0987500000000001,1098.7500000000002,0.58,124924.04062500001,0.64151209,637.2750000000001,637.2750000000001,196.02846592915145,,,,,0.0,15.497457082412572,60.555,3027.75,1.06,124924.04062500001,64.1133,3209.415,3209.415,38.92424028210749,60.32267432374755,-1.0,22.0,-3027.7500000000146,5775.0,9990895.5
2024-12-16,,0.9500000000000001,950.0000000000001,245.01,124886.19375,232.756,232759.50000000003,232759.50000000003,0.5365460647148665,,,,,0.0,2.7341081213372536,26.7,2670.0,1.2,124886.19375,32.0669,3204.0,3204.0,38.97821278089888,10.657064811946716,7.0,7.0,-2669.999999999982,4060.0000000001273,-4.937018290367401,1.098594,1098.594,0.57,124886.19375,0.622738398,626.19858,626.19858,199.43544705898248,-98.46164498777961,-62.0,-62.0,-1098.5940000000055,-967.2000000003891,15.558483871756913,60.805,3040.25,0.93,124886.19375,56.6115,2827.4325000000003,2827.4325000000003,44.16946956293386,68.72099798189643,4.0,26.0,-3040.2500000000146,-32500.0,9984086.656
2024-12-17,,0.98,980.0,238.53,124801.0832,233.756,233759.4,233759.4,0.5338869076494892,,,,,0.0,2.615074303911157,26.62,2662.0,1.19,124801.0832,31.6024,3167.7799999999997,3167.7799999999997,39.397017217104725,10.3026127375196,0.0,7.0,0.0,5600.0,-6.768176260008628,1.0990630000000001,1099.063,0.57,124801.0832,0.621680031,626.46591,626.46591,199.21448431248237,-134.83187433736046,-23.0,-85.0,-1099.063000000001,3986.5000000006744,15.63704033313326,60.5375,3026.875,0.84,124801.0832,50.7266,2542.575,2542.575,49.084523839021465,76.75366790034197,3.0,29.0,-3026.875000000018,38787.5,9979960.718
2024-12-18,,0.9400000000000001,940.0000000000001,249.74,124749.508975,234.756,234755.60000000003,234755.60000000003,0.5314016320590434,,,,,0.0,2.4428484260898,26.533,2653.3,1.2,124749.508975,31.8603,3183.96,3183.96,39.180614384288745,9.571230218189115,-1.0,6.0,-2653.29999999999,5219.999999999891,-7.736034403370858,1.0901560000000001,1090.1560000000002,0.56,124749.508975,0.605420354,610.4873600000002,610.4873600000002,204.34413085145607,-158.08132263937804,-15.0,-100.0,-1090.1560000000075,-89069.99999999953,15.396030762091376,58.722500000000004,2936.125,0.76,124749.508975,44.4616,2231.455,2231.455,55.905007707975294,86.07152184269431,3.0,32.0,-2936.1249999999927,290400.0,9973281.137
2024-12-19,,0.9400000000000001,940.0000000000001,250.8,124666.01421250001,235.756,235752.00000000003,235752.00000000003,0.5288015126594896,,,,,0.0,2.216985963159115,26.081,2608.1,1.23,124666.01421250001,32.0014,3207.9629999999997,3207.9629999999997,38.86142521360129,8.615523420691176,0.0,6.0,0.0,27120.000000000164,-9.604606033161792,1.086094,1086.0939999999998,0.61,124666.01421250001,0.662831318,662.5173399999999,662.5173399999999,188.1701907039898,-180.73005488967453,-14.0,-114.0,-1086.0940000000028,-46306.80000000143,8.645773414385292,58.6875,2934.375,0.93,124666.01421250001,54.6816,2728.96875,2728.96875,45.682463096178736,39.49602249405793,-17.0,15.0,-2934.375,2625.0,9969260.668
2024-12-20,,0.96,960.0,246.62,124615.75835,236.756,236755.2,236755.2,0.5263485589756846,,,,,0.0,1.550501942977105,26.451,2645.1,1.22,124615.75835,32.1814,3227.022,3227.022,38.61633368164208,5.987470040403827,-2.0,4.0,-2645.100000000002,-14800.0,-12.362001263167905,1.089688,1089.688,0.71,124615.75835,0.777813646,773.67848,773.67848,161.06917999063384,-199.1137406501634,-12.0,-126.0,-1089.6879999999953,45284.400000001,7.637299448597845,58.40260000000001,2920.13,1.13,124615.75835,65.9468,3299.7468999999996,3299.7468999999996,37.76524749519426,28.842450387120824,-4.0,11.0,-2920.1300000000174,15669.49999999988,9962605.75
2024-12-23,,0.9500000000000001,950.0000000000001,252.37,124532.57187500001,239.756,239751.50000000003,239751.50000000003,0.5194235359319962,,,,,0.0,1.3052878781413817,26.282,2628.2,1.22,124532.57187500001,32.0678,3206.4039999999995,3206.4039999999995,38.83870275704497,5.069568791150706,-1.0,3.0,-2628.2000000000153,5070.000000000027,-13.756253271999396,1.084688,1084.688,0.79,124532.57187500001,0.855634612,856.9035200000001,856.9035200000001,145.32858013583606,-199.91767560086214,0.0,-126.0,0.0,-63000.0,6.490479565611619,60.36,3018.0,1.31,124532.57187500001,79.3716,3953.5800000000004,3953.5800000000004,31.498685210619236,20.444157270315706,-3.0,8.0,-3017.9999999999836,-78295.99999999991,9956959.55
2024-12-24,,0.98,980.0,245.67,124461.99437500001,240.756,240756.59999999998,240756.59999999998,0.516961920773927,,,,,0.0,0.9999582082834744,26.282,2628.2,1.26,124461.99437500001,33.0701,3311.5319999999997,3311.5319999999997,37.58441542313347,3.7582844705898326,0.0,3.0,0.0,0.0,-14.978376371568917,1.084688,1084.688,0.89,124461.99437500001,0.968516729,965.3723200000001,965.3723200000001,128.92641708952252,-193.1108399404743,4.0,-122.0,-1084.6879999999999,0.0,5.030394190463061,60.980000000000004,3049.0,1.3,124461.99437500001,79.1866,3963.7000000000003,3963.7000000000003,31.400457747811387,15.79566802324712,-2.0,6.0,-3049.0000000000236,-18600.0,9952825.862000002
2024-12-25,,0.9400000000000001,940.0000000000001,257.19,124410.32327500003,241.756,241758.60000000003,241758.60000000003,0.5146055746310576,,,,,0.0,0.7335787068512647,26.355,2635.5,1.29,124410.32327500003,34.0147,3399.795,3399.795,36.593477922933594,2.6844196213895932,-1.0,2.0,-2635.500000000002,-1460.0000000000364,-16.071762851674396,1.085625,1085.625,0.97,124410.32327500003,1.058035614,1053.0562499999999,1053.0562499999999,118.14214413997358,-189.87525234059893,2.0,-120.0,-1085.6250000000073,11243.9999999998,,,,,124410.32327500003,,,,,,,,,0.0,9949104.737000002
2024-12-26,,0.9400000000000001,940.0000000000001,258.25,124363.80921250003,242.756,242755.00000000003,242755.00000000003,0.5123017413132582,,,,,0.0,0.5505209772150451,26.539,2653.9,1.31,124363.80921250003,34.8357,3476.6090000000004,3476.6090000000004,35.77158352075255,1.9693007116374297,-1.0,1.0,-2653.9000000000215,-1840.000000000009,-16.3577015946209,1.086563,1086.5629999999999,1.02,124363.80921250003,1.110861905,1108.29426,1108.29426,112.21190409530772,-183.55288425552624,4.0,-116.0,-1086.5629999999983,10880.800000000192,5.39536416654945,60.9525,3047.625,1.32,124363.80921250003,80.6643,4022.8650000000002,4022.8650000000002,30.914238785666438,16.679357618033787,6.0,6.0,-3047.6250000000164,0.0,9942316.649000002
2024-12-27,,0.96,960.0,253.91,124278.95811250003,243.756,243753.6,243753.6,0.5098548620922932,,,,,0.0,0.5323436532240391,26.319000000000003,2631.9,1.32,124278.95811250003,34.7742,3474.108,3474.108,35.7729115250591,1.9043482407710293,0.0,1.0,0.0,2200.0,-16.138066071207874,1.084375,1084.375,1.04,124278.95811250003,1.126470528,1127.75,1127.75,110.20080524273999,-177.8427876107649,4.0,-112.0,-1084.3749999999943,-24505.600000000188,5.8140282951496784,60.27,3013.5,1.36,124278.95811250003,81.7019,4098.360000000001,4098.360000000001,30.324070631301304,17.630500467450315,1.0,7.0,-3013.500000000022,23887.5,9938218.774000002
2024-12-30,,0.99,990.0,249.25,124227.73467500003,246.756,246757.5,246757.5,0.5034405627995098,,,,,0.0,0.3304243535649445,26.181,2618.1,1.36,124227.73467500003,35.5898,3560.616,3560.616,34.88939404726599,1.1528305474340486,0.0,1.0,0.0,1380.0000000000182,-16.79378665655129,1.089688,1089.688,1.05,124227.73467500003,1.144211783,1144.1724000000002,1144.1724000000002,108.57431509010357,-182.33738840043767,-3.0,-115.0,-1089.6879999999953,61099.50000000019,5.672077624463962,59.5875,2979.375,1.37,124227.73467500003,81.676,4081.74375,4081.74375,30.434966593628037,17.262949301702577,-1.0,6.0,-2979.374999999982,20475.0,9934149.711000003
2024-12-31,,0.97,970.0,255.42,124176.87138750004,247.756,247757.4,247757.4,0.5012034812582794,,,,,0.0,13.999139696204494,26.181,2618.1,1.42,124176.87138750004,37.0825,3717.7019999999998,3717.7019999999998,33.40151292048154,46.75924454384004,30.0,31.0,-2618.100000000004,0.0,-14.35591109169521,1.089688,1089.688,1.03,124176.87138750004,1.126340457,1122.3786400000001,1122.3786400000001,110.63723681297073,-158.82983351178362,15.0,-100.0,-1089.6879999999953,0.0,5.19323175913643,59.3575,2967.875,1.4,124176.87138750004,83.3469,4155.025,4155.025,29.885950478637326,15.520466717763796,0.0,6.0,0.0,6900.0,9930441.923000002
2025-01-01,,0.97,970.0,256.45,124130.52403750003,248.756,248756.5,248756.5,0.4990041427560688,,,,,0.0,13.976983036727027,26.41,2641.0,1.45,124130.52403750003,38.1649,3829.45,3829.45,32.41471334982831,45.30598986309194,-1.0,30.0,-2640.9999999999854,-68700.00000000028,-13.36765697122883,1.0875000000000001,1087.5000000000002,0.99,124130.52403750003,1.076181232,1076.6250000000002,1076.6250000000002,115.29597031231859,-154.12369813000578,3.0,-97.0,-1087.5000000000057,-21223.600000000162,,,,,124130.52403750003,,,,,,,,,0.0,9926713.423000002
2025-01-02,,0.98,980.0,254.85,124083.91778750003,249.756,249753.0,249753.0,0.49682653576733826,,,,,0.0,13.95002867780802,26.69,2669.0,1.44,124083.91778750003,38.3083,3843.3599999999997,3843.3599999999997,32.28527064534679,45.038045137338116,0.0,30.0,0.0,-84000.0,-12.89353699703302,1.088125,1088.125,0.94,124083.91778750003,1.020596168,1022.8375,1022.8375,121.31342250113046,-156.41591012550236,-2.0,-99.0,-1088.125000000005,6187.5,4.775566934548283,59.165,2958.25,1.45,124083.91778750003,85.7576,4289.4625,4289.4625,28.927614540866145,13.814575949671845,5.0,5.0,-2958.249999999998,0.0,9922667.048000002
2025-01-03,,0.97,970.0,258.51,124033.33810000004,250.756,250754.69999999998,250754.69999999998,0.49464013276720253,,,,,0.0,14.174277161682037,26.546999999999997,2654.7,1.45,124033.33810000004,38.3928,3849.3149999999996,3849.3149999999996,32.222184492565574,45.672617375247725,1.0,31.0,-2654.7000000000025,44330.00000000057,-12.241913255491305,1.086406,1086.406,0.84,124033.33810000004,0.911584457,912.5810399999999,912.5810399999999,135.9148751326239,-166.3858111504514,-6.0,-105.0,-1086.4059999999968,-18049.49999999934,4.301698718118338,59.895,2994.75,1.46,124033.33810000004,87.2343,4372.335,4372.335,28.367757296730474,12.202954519923761,0.0,5.0,0.0,-18250.0,9918925.942000002
2025-01-05,20.0,0.9400000000000001,940.0000000000001,268.89,123986.57427500002,252.756,252756.6,252756.6,0.4905374351253341,0.9810748702506682,0.0,0.0,0.0,0.0,,,,,123986.57427500002,,,,,,,,,0.0,,,,,123986.57427500002,,,,,,,,,0.0,,,,,123986.57427500002,,,,,,,,,0.0,9918925.942000002
2025-01-06,20.0,0.96,960.0,264.33,123986.57427500002,253.756,253756.8,253756.8,0.4886039478547965,0.977207895709593,0.0,0.0,0.0,0.0,14.241395341601764,26.474,2647.4,1.43,123986.57427500002,37.8158,3785.782,3785.782,32.75058476029523,46.64140252400023,31.0,31.0,-2647.400000000016,0.0,-12.471961277748528,1.085313,1085.3129999999999,0.75,123986.57427500002,0.809019878,813.9847499999998,813.9847499999998,152.32051248503126,-189.97355335201212,-120.0,-120.0,-1085.3129999999992,0.0,4.11614341469587,60.205,3010.25,1.42,123986.57427500002,85.5497,4274.554999999999,4274.554999999999,29.005726742315876,11.939173111885136,4.0,4.0,-3010.2499999999964,0.0,9912182.979000002
2025-01-07,20.0,0.9400000000000001,940.0000000000001,271.02,123902.28723750003,254.756,254758.80000000002,254758.80000000002,0.4863513536627587,0.9727027073255174,0.0,0.0,0.0,0.0,14.234920606172873,26.654,2665.4,1.3,123902.28723750003,34.7656,3465.0200000000004,3465.0200000000004,35.75802945942593,50.90127103881188,3.0,34.0,-2665.3999999999996,-61200.0,-12.937644923267042,1.0817189999999999,1081.7189999999998,0.64,123902.28723750003,0.69633241,692.3001599999999,692.3001599999999,178.97191766863097,-231.54751220329302,-26.0,-146.0,-1081.7190000000069,-52472.40000000116,4.223515674267702,59.542500000000004,2977.125,1.39,123902.28723750003,82.8724,4138.20375,4138.20375,29.941079444795353,12.645661833958767,1.0,5.0,-2977.1250000000236,16562.5,9905458.735000001
2025-01-08,20.0,0.98,980.0,260.98,123818.23418750003,255.756,255760.40000000002,255760.40000000002,0.48411808156188374,0.9682361631237676,0.0,0.0,0.0,0.0,14.395251865581494,26.724,2672.4,0.91,123818.23418750003,24.394,2431.884,2431.884,50.91453136231006,73.29275025785014,15.0,49.0,-2672.400000000016,-34300.0,-13.973150294913388,1.081406,1081.4060000000002,0.56,123818.23418750003,0.607668709,605.5873600000001,605.5873600000001,204.4597400241313,-285.6946676616105,-35.0,-181.0,-1081.4060000000013,-5665.299999997728,3.863922174249897,59.5925,2979.625,1.38,123818.23418750003,82.3515,4111.8825,4111.8825,30.112298731177273,11.63515787850329,-1.0,4.0,-2979.6249999999873,-1000.0,9898725.304000001
2025-01-09,20.0,0.9400000000000001,940.0000000000001,273.14,123734.06630000002,256.756,256751.6,256751.6,0.48192130565106517,0.9638426113021303,0.0,0.0,0.0,0.0,14.605996898854716,26.908,2690.8,0.76,123734.06630000002,20.3806,2045.0080000000003,2045.0080000000003,60.50541919640413,88.37419651465834,10.0,59.0,-2690.79999999999,-108560.00000000054,-15.67781537613412,1.0821880000000001,1082.188,0.49,123734.06630000002,0.527457506,530.2721200000001,530.2721200000001,233.34069741399944,-365.82723737950596,-50.0,-231.0,-1082.1880000000021,18064.199999998935,3.681937743338332,59.5925,2979.625,1.38,123734.06630000002,82.0622,4111.8825,4111.8825,30.091829302028945,11.079624207323473,0.0,4.0,0.0,0.0,9894952.316000002
2025-01-10,20.0,0.9400000000000001,940.0000000000001,274.21,123686.90395000002,257.756,257757.40000000002,257757.40000000002,0.4798578196009116,0.9597156392018233,0.0,0.0,0.0,0.0,14.963461126909856,27.150000000000002,2715.0,0.8,123686.90395000002,21.8292,2172.0,2172.0,56.94608837476981,85.21105797254413,-2.0,57.0,-2715.000000000009,-137939.99999999895,-15.514286611938635,1.073906,1073.906,0.45,123686.90395000002,0.480304112,483.2577,483.2577,255.94399002850864,-397.07884179054474,-20.0,-251.0,-1073.9060000000081,-207878.19999999885,3.5168688412250813,58.6625,2933.125,1.35,123686.90395000002,78.9321,3959.7187500000005,3959.7187500000005,31.23628514020093,10.985391792519467,0.0,4.0,0.0,18600.0,9891163.410000002
2025-01-11,20.0,0.98,980.0,264.04,123639.54262500003,258.756,258759.2,258759.2,0.477816992110812,0.9556339842216242,0.0,0.0,0.0,0.0,,,,,123639.54262500003,,,,,,,,,0.0,,,,,123639.54262500003,,,,,,,,,0.0,,,,,123639.54262500003,,,,,,,,,0.0,9891163.410000002
2025-01-12,20.0,0.9500000000000001,950.0000000000001,273.43,123639.54262500003,259.756,259758.50000000003,259758.50000000003,0.47597881349407245,0.9519576269881449,0.0,0.0,0.0,0.0,,,,,123639.54262500003,,,,,,,,,0.0,,,,,123639.54262500003,,,,,,,,,0.0,,,,,123639.54262500003,,,,,,,,,0.0,9891163.410000002
2025-01-13,20.0,0.98,980.0,266.08,123639.54262500003,260.756,260758.4,260758.4,0.4741536327305277,0.9483072654610554,0.0,0.0,0.0,0.0,15.497031184439768,26.786,2678.6000000000004,0.99,123639.54262500003,26.421,2651.8140000000003,2651.8140000000003,46.62451537890667,72.25415687863082,48.0,48.0,-2678.600000000006,0.0,-16.05657848781172,1.072344,1072.344,0.46,123639.54262500003,0.495794672,493.27824000000004,493.27824000000004,250.6486858714871,-402.4560297562397,-255.0,-255.0,-1072.344000000001,0.0,2.6566129119266577,58.745000000000005,2937.25,1.39,123639.54262500003,81.6103,4082.7774999999997,4082.7774999999997,30.283193885779973,8.04507238913415,3.0,3.0,-2937.2499999999945,0.0,9884475.216000002
2025-01-14,20.0,0.99,990.0,264.4,123555.94020000003,261.756,261755.99999999997,261755.99999999997,0.4720271558245085,0.944054311649017,0.0,0.0,0.0,0.0,15.551139107152464,26.823000000000004,2682.3,1.01,123555.94020000003,27.1267,2709.123,2709.123,45.6073571410379,70.92463552098637,-1.0,47.0,-2682.2999999999865,-17390.00000000128,-18.067212108761105,1.073594,1073.594,0.45,123555.94020000003,0.488097171,483.11730000000006,483.11730000000006,255.7472899438708,-462.06405336567394,-37.0,-292.0,-1073.594,36500.0,2.125992714485224,58.8225,2941.125,1.41,123555.94020000003,82.6526,4146.98625,4146.98625,29.79415236787921,6.334215086837388,-1.0,2.0,-2941.125000000011,-775.0,9877778.197000002
2025-01-15,20.0,0.98,980.0,268.12,123472.22746250004,262.756,262757.6,262757.6,0.46990925271999767,0.9398185054399952,0.0,0.0,0.0,0.0,15.701758052861022,27.178,2717.8,1.03,123472.22746250004,28.1062,2799.3340000000003,2799.3340000000003,44.10771542891989,69.25686759293453,-1.0,46.0,-2717.7999999999884,-163300.0,-18.811497256281704,1.0832810000000002,1083.2810000000002,0.49,123472.22746250004,0.532012787,530.8076900000001,530.8076900000001,232.61197942045644,-437.5779612646173,15.0,-277.0,-1083.2809999999995,268329.90000000346,1.68950291630916,59.89,2994.5,1.34,123472.22746250004,80.2399,4012.63,4012.63,30.770897755960565,5.198752149614636,0.0,2.0,0.0,-10675.0,9873977.116000002
2025-01-16,20.0,0.9400000000000001,940.0000000000001,280.59,123424.71395000003,263.756,263754.60000000003,263754.60000000003,0.4679528393059307,0.9359056786118615,0.0,0.0,0.0,0.0,16.07403463412459,27.509,2750.9,1.09,123424.71395000003,29.8496,2998.481,2998.481,41.16241321855967,66.1646055699276,-2.0,44.0,-2750.9000000000015,-145639.9999999996,-13.178814479775012,1.086094,1086.0939999999998,0.49,123424.71395000003,0.529398033,532.1860599999999,532.1860599999999,231.92023096208132,-305.64336979558425,84.0,-193.0,-1086.0940000000028,54290.89999999758,1.7494690052315531,59.755,2987.75,1.29,123424.71395000003,77.282,3854.1975,3854.1975,32.02345337777839,5.6024039124900975,0.0,2.0,0.0,1350.0,9870140.122000001
2025-01-17,20.0,0.9500000000000001,950.0000000000001,278.69,123376.75152500003,264.756,264755.50000000006,264755.50000000006,0.4660026006069751,0.9320052012139503,0.0,0.0,0.0,0.0,16.68184156620195,27.509,2750.9,1.33,123376.75152500003,36.5214,3658.697,3658.697,33.72150017478901,56.25367232904815,-6.0,38.0,-2750.9000000000015,0.0,-10.35287464916839,1.086094,1086.0939999999998,0.47,123376.75152500003,0.513079396,510.4641799999999,510.4641799999999,241.6952185068109,-250.22403005043776,35.0,-158.0,-1086.0940000000028,0.0,1.8562840301729528,60.335,3016.75,1.24,123376.75152500003,74.735,3740.77,3740.77,32.98164589776972,6.12233025688492,0.0,2.0,0.0,-5800.0,9866303.128
2025-01-18,20.0,0.98,980.0,271.18,123328.78910000001,265.756,265756.4,265756.4,0.46406705200702597,0.9281341040140519,0.0,0.0,0.0,0.0,,,,,123328.78910000001,,,,,,,,,0.0,,,,,123328.78910000001,,,,,,,,,0.0,,,,,123328.78910000001,,,,,,,,,0.0,9866303.128
2025-01-19,20.0,0.9500000000000001,950.0000000000001,280.8,123328.78910000001,266.756,266760.00000000006,266760.00000000006,0.46232114672364666,0.9246422934472933,0.0,0.0,0.0,0.0,,,,,123328.78910000001,,,,,,,,,0.0,,,,,123328.78910000001,,,,,,,,,0.0,,,,,123328.78910000001,,,,,,,,,0.0,9866303.128
2025-01-20,20.0,0.9500000000000001,950.0000000000001,281.85,123328.78910000001,267.756,267757.50000000006,267757.50000000006,0.4605988220684761,0.9211976441369523,0.0,0.0,0.0,0.0,17.310113813512416,27.487,2748.7,1.48,123328.78910000001,40.6224,4068.0759999999996,4068.0759999999996,30.316245099649077,52.47776530732635,35.0,35.0,-2748.700000000008,0.0,-8.812029424192902,1.085469,1085.469,0.48,123328.78910000001,0.515839133,521.02512,521.02512,236.7041134216331,-208.58436122989252,-132.0,-132.0,-1085.4690000000032,0.0,,,,,123328.78910000001,,,,,,,,,0.0,9862468.959
2025-01-21,20.0,0.9400000000000001,940.0000000000001,285.91,123280.86198750001,268.756,268755.4000000001,268755.4000000001,0.4587102695890017,0.9174205391780033,0.0,0.0,0.0,0.0,17.853119027007637,27.592,2759.2,1.56,123280.86198750001,43.133,4304.352,4304.352,28.640980567458243,51.13308351210448,-1.0,34.0,-2759.20000000001,-35700.0,-8.291049675897376,1.0873439999999999,1087.3439999999998,0.48,123280.86198750001,0.517055305,521.9251199999999,521.9251199999999,236.2041167658304,-195.83800657569643,8.0,-124.0,-1087.3440000000016,23250.0,2.2193865271440933,60.8425,3042.125,1.2,123280.86198750001,73.0563,3650.5499999999997,3650.5499999999997,33.77048992275137,7.494977034960978,3.0,3.0,-3042.1249999999873,0.0,9855580.290000001
2025-01-22,20.0,0.98,980.0,275.26,123194.75362500001,269.756,269754.8,269754.8,0.4566916089166903,0.9133832178333806,0.0,0.0,0.0,0.0,18.423314172259843,27.709000000000003,2770.9000000000005,1.66,123194.75362500001,45.9381,4599.694,4599.694,26.78324984770726,49.34362264984414,-1.0,33.0,-2770.8999999999833,-38610.0000000009,-7.1014908530214695,1.085625,1085.625,0.48,123194.75362500001,0.52217896,521.1,521.1,236.41288356361545,-167.88839301634448,18.0,-106.0,-1085.6250000000073,-18221.399999999336,2.8162630540172984,61.205,3060.25,1.15,123194.75362500001,70.5686,3519.2875,3519.2875,35.00559520215385,9.85849644517111,1.0,4.0,-3060.2499999999964,-7250.0,9848663.515
2025-01-23,20.0,0.99,990.0,273.49,123108.29393750001,270.756,270755.10000000003,270755.10000000003,0.45468504171297236,0.9093700834259447,0.0,0.0,0.0,0.0,19.04166086231774,27.919,2791.9,1.78,123108.29393750001,49.5978,4969.582,4969.582,24.77236394077007,47.17069529180527,-1.0,32.0,-2791.899999999987,-67200.0,-6.525835317909465,1.08375,1083.75,0.48,123108.29393750001,0.519801672,520.1999999999999,520.1999999999999,236.65569768838913,-154.4376110159395,8.0,-98.0,-1083.749999999995,-18375.0,3.561242729555624,61.52,3076.0,1.24,123108.29393750001,76.5773,3814.24,3814.24,32.27596950834243,11.494256175094348,0.0,4.0,0.0,-6300.0,9844787.865
2025-01-24,20.0,0.99,990.0,274.5,123059.8483125,271.756,271755.0,271755.0,0.45283379629629633,0.9056675925925927,0.0,0.0,0.0,0.0,5.521712753125086,28.066,2806.6,1.89,123059.8483125,52.9112,5304.473999999999,5304.473999999999,23.199255630718525,12.809962567914743,-23.0,9.0,-2806.5999999999804,-13229.999999999836,-7.2577804744274,1.084688,1084.688,0.48,123059.8483125,0.519543518,520.65024,520.65024,236.3579978614818,-171.54344618538158,-10.0,-108.0,-1084.6879999999999,10130.40000000018,4.404195049801735,61.3325,3066.625,1.33,123059.8483125,81.7786,4078.6112500000004,4078.6112500000004,30.171997469114025,13.288336189610245,1.0,5.0,-3066.625000000022,4687.5,9837829.952
2025-01-25,20.0,0.96,960.0,284.12,122972.8744,272.756,272755.2,272755.2,0.450854371978976,0.901708743957952,0.0,0.0,0.0,0.0,,,,,122972.8744,,,,,,,,,0.0,,,,,122972.8744,,,,,,,,,0.0,,,,,122972.8744,,,,,,,,,0.0,9837829.952
2025-01-26,20.0,0.99,990.0,276.52,122972.8744,273.756,273754.8,273754.8,0.44920810301773706,0.8984162060354741,0.0,0.0,0.0,0.0,,,,,122972.8744,,,,,,,,,0.0,,,,,122972.8744,,,,,,,,,0.0,,,,,122972.8744,,,,,,,,,0.0,9837829.952
2025-01-27,20.0,0.97,970.0,283.25,122972.8744,274.756,274752.5,274752.5,0.44757690794442273,0.8951538158888454,0.0,0.0,0.0,0.0,6.305366155909471,27.662,2766.2,1.99,122972.8744,54.928,5504.737999999999,5504.737999999999,22.339460006997612,14.08584750694159,9.0,9.0,-2766.1999999999807,0.0,-7.19822835798579,1.091563,1091.563,0.46,122972.8744,0.499592552,502.1189800000001,502.1189800000001,244.90783917389456,-176.2902553034551,-111.0,-111.0,-1091.5630000000078,0.0,5.066298752249576,60.4675,3023.375,1.4,122972.8744,84.922,4232.724999999999,4232.724999999999,29.052885410698785,14.719059710547317,5.0,5.0,-3023.3749999999873,0.0,9830948.814
2025-01-28,20.0,0.97,970.0,284.28,122886.860175,275.756,275751.6,275751.6,0.4456433260042734,0.891286652008547,0.0,0.0,0.0,0.0,6.110848713235973,27.945999999999998,2794.6,1.86,122886.860175,52.0557,5197.956,5197.956,23.641381376641124,14.446890496456831,1.0,10.0,-2794.5999999999913,-28400.00000000009,-4.035488242411803,1.090313,1090.313,0.47,122886.860175,0.514344519,512.4471100000001,512.4471100000001,239.80398713732617,-96.7726170576151,50.0,-61.0,-1090.3129999999946,-7625.0,4.838056202992775,60.97,3048.5,1.4,122886.860175,85.5041,4267.9,4267.9,28.793284794629677,13.930353010519568,0.0,5.0,0.0,-12562.5,9827063.900999999
2025-01-29,20.0,0.9500000000000001,950.0000000000001,291.32,122838.2987625,276.756,276754.0,276754.0,0.4438537428998316,0.8877074857996632,0.0,0.0,0.0,0.0,6.419599684901749,27.935000000000002,2793.5,1.86,122838.2987625,51.8976,5195.91,5195.91,23.64134458882082,15.17679682730478,0.0,10.0,0.0,1099.999999999909,-3.0642715643526515,1.089531,1089.531,0.49,122838.2987625,0.5303133,533.87019,533.87019,230.09019994635776,-70.50588569318401,16.0,-45.0,-1089.5310000000081,-3518.999999999792,5.096012909057679,60.675000000000004,3033.75,1.46,122838.2987625,88.3364,4429.275,4429.275,27.7332743535906,14.132912411633594,0.0,5.0,0.0,7375.0,9825974.37
2025-01-30,20.0,0.98,980.0,283.42,122824.67962499999,277.756,277751.60000000003,277751.60000000003,0.44221052056945837,0.8844210411389166,0.0,0.0,0.0,0.0,6.895675919298973,28.451999999999998,2845.2,1.85,122824.67962499999,52.5819,5263.62,5263.62,23.334640347327504,16.090811752856848,1.0,11.0,-2845.2000000000226,-56869.999999999796,-2.707551299613533,1.092344,1092.344,0.49,122824.67962499999,0.537842082,535.24856,535.24856,229.47222805232767,-62.130782928829284,6.0,-39.0,-1092.343999999997,10970.69999999951,5.208103944034089,60.9925,3049.625,1.45,122824.67962499999,88.2284,4421.95625,4421.95625,27.776095619444444,14.466079314549656,0.0,5.0,0.0,-7937.5,9822036.826
2025-01-31,20.0,0.96,960.0,290.37,122775.460325,278.756,278755.2,278755.2,0.4404418655687858,0.8808837311375715,0.0,0.0,0.0,0.0,6.945829521814527,28.35,2835.0,1.96,122775.460325,55.6292,5556.599999999999,5556.599999999999,22.095428917863444,15.347108247485034,-1.0,10.0,-2834.999999999991,10199.999999999818,-1.1998836117380132,1.088438,1088.438,0.52,122775.460325,0.570588824,565.9877600000001,565.9877600000001,216.9224654699246,-26.028171133516757,23.0,-16.0,-1088.4379999999965,-6249.599999999873,5.480912027220588,60.6725,3033.625,1.45,122775.460325,87.8445,4398.756249999999,4398.756249999999,27.91140343932447,15.297994680719956,1.0,6.0,-3033.6249999999836,9600.0,9815079.763
2025-02-01,20.0,0.97,970.0,288.41,122688.49703750001,279.756,279757.7,279757.7,0.4385527084241113,0.8771054168482226,0.0,0.0,0.0,0.0,,,,,122688.49703750001,,,,,,,,,0.0,,,,,122688.49703750001,,,,,,,,,0.0,,,,,122688.49703750001,,,,,,,,,0.0,9815079.763
2025-02-02,20.0,0.9400000000000001,940.0000000000001,298.68,122688.49703750001,280.756,280759.2,280759.2,0.43698834103210155,0.873976682064203,0.0,0.0,0.0,0.0,,,,,122688.49703750001,,,,,,,,,0.0,,,,,122688.49703750001,,,,,,,,,0.0,,,,,122688.49703750001,,,,,,,,,0.0,9815079.763
2025-02-03,20.0,0.9400000000000001,940.0000000000001,299.74,122688.49703750001,281.756,281755.60000000003,281755.60000000003,0.43544297624430534,0.8708859524886107,0.0,0.0,0.0,0.0,7.577195615704148,28.570999999999998,2857.1,1.93,122688.49703750001,55.0414,5514.2029999999995,5514.2029999999995,22.249543050464414,16.858914005339965,11.0,11.0,-2857.0999999999913,0.0,-1.7384447784610615,1.089531,1089.531,0.53,122688.49703750001,0.578936094,577.45143,577.45143,212.46548309266464,-36.93595096856498,-23.0,-23.0,-1089.5310000000081,0.0,5.521987197733212,60.222500000000004,3011.125,1.47,122688.49703750001,88.3503,4426.35375,4426.35375,27.71773427225513,15.305697380156392,6.0,6.0,-3011.1249999999927,0.0,9808122.007000001
2025-02-04,20.0,0.9500000000000001,950.0000000000001,297.64,122601.52508750002,282.756,282758.0,282758.0,0.433591711242476,0.867183422484952,0.0,0.0,0.0,0.0,8.203720827406029,28.758000000000003,2875.8,1.96,122601.52508750002,56.3696,5636.568,5636.568,21.751094830666464,17.843990968122206,1.0,12.0,-2875.799999999981,-22440.000000000327,-1.3984571586647796,1.0920310000000002,1092.0310000000002,0.54,122601.52508750002,0.588048783,589.6967400000001,589.6967400000001,207.9060587777711,-29.074771622755446,5.0,-18.0,-1092.0310000000059,4500.0,5.225738156035376,60.63,3031.5,1.46,122601.52508750002,88.3516,4425.99,4425.99,27.7003619726886,14.47548384966702,-1.0,5.0,-3031.5000000000055,-10187.5,9801122.676
2025-02-05,20.0,0.96,960.0,295.58,122514.03345000002,283.756,283756.8,283756.8,0.4317571718105082,0.8635143436210164,0.0,0.0,0.0,0.0,8.949014086993529,28.93,2893.0,2.01,122514.03345000002,58.2235,5814.929999999999,5814.929999999999,21.06887502515078,18.85456593971805,1.0,13.0,-2892.9999999999836,-22359.999999999764,-0.5607352059526357,1.0975,1097.5,0.55,122514.03345000002,0.606173694,603.625,603.625,202.96381602816322,-11.380895718148498,11.0,-7.0,-1097.4999999999966,3828.299999999956,5.219622561789605,60.865,3043.25,1.44,122514.03345000002,87.359,4382.28,4382.28,27.956687717352615,14.592335796240004,0.0,5.0,0.0,-5875.0,9797132.176
2025-02-06,20.0,0.9500000000000001,950.0000000000001,299.74,122464.15220000001,284.756,284753.00000000006,284753.00000000006,0.43007150828964047,0.8601430165792809,0.0,0.0,0.0,0.0,9.766191474715017,28.767,2876.7,2.13,122464.15220000001,61.3292,6127.370999999999,6127.370999999999,19.98641051765921,19.519111200771793,0.0,13.0,0.0,21190.000000000236,2.0259440860658118,1.0957810000000001,1095.7810000000002,0.61,122464.15220000001,0.663477749,668.4264100000001,668.4264100000001,183.21261752658754,37.11785189706275,30.0,23.0,-1095.7810000000022,3953.6999999998557,5.4053195635491385,61.06,3053.0,1.42,122464.15220000001,86.84,4335.26,4335.26,28.248398527423962,15.269162119921742,1.0,6.0,-3053.00000000002,-5850.0,9792983.395000001
2025-02-07,20.0,0.97,970.0,294.59,122412.29243750003,285.756,285752.3,285752.3,0.42838602677038834,0.8567720535407768,0.0,0.0,0.0,0.0,10.322150500614615,28.876,2887.6,2.18,122412.29243750003,62.9055,6294.968,6294.968,19.446054759531744,20.072510387107982,0.0,13.0,0.0,-14170.000000000118,2.8143921694341225,1.092344,1092.344,0.58,122412.29243750003,0.631520418,633.55952,633.55952,193.2135633247213,54.37787396495596,11.0,34.0,-1092.343999999997,11685.800000000427,5.699978517277444,60.495000000000005,3024.75,1.43,122412.29243750003,86.4773,4325.3925,4325.3925,28.300851873558305,16.13142476999334,0.0,6.0,0.0,16950.0,9791891.051
2025-02-08,20.0,0.98,980.0,292.61,122398.63813750002,286.756,286757.8,286757.8,0.4268362992654429,0.853672598530886,0.0,0.0,0.0,0.0,,,,,122398.63813750002,,,,,,,,,0.0,,,,,122398.63813750002,,,,,,,,,0.0,,,,,122398.63813750002,,,,,,,,,0.0,9791891.051
2025-02-09,20.0,0.96,960.0,299.75,122398.63813750002,287.756,287760.0,287760.0,0.4253497294186128,0.8506994588372256,0.0,0.0,0.0,0.0,,,,,122398.63813750002,,,,,,,,,0.0,,,,,122398.63813750002,,,,,,,,,0.0,,,,,122398.63813750002,,,,,,,,,0.0,9791891.051
2025-02-10,20.0,0.9500000000000001,950.0000000000001,303.95,122398.63813750002,288.756,288752.5,288752.5,0.42388771746564974,0.8477754349312996,0.0,0.0,0.0,0.0,10.975604221509318,29.344,2934.4,2.07,122398.63813750002,60.7256,6074.208,6074.208,20.15055100804912,22.116447270968276,15.0,15.0,-2934.400000000005,0.0,1.7320832705284088,1.092188,1092.1879999999999,0.49,122398.63813750002,0.530045152,535.17212,535.17212,228.70892104300955,39.61428959591996,25.0,25.0,-1092.1880000000074,0.0,5.424662553997819,60.8875,3044.375,1.24,122398.63813750002,75.505,3775.025,3775.025,32.42326557771141,17.588527465773755,7.0,7.0,-3044.374999999991,0.0,9784820.088000001
2025-02-11,20.0,0.9500000000000001,950.0000000000001,305.01,122310.25110000002,289.756,289759.5,289759.5,0.42210954636517534,0.8442190927303507,0.0,0.0,0.0,0.0,10.91880325477812,29.326,2932.6,2.08,122310.25110000002,61.073,6099.808,6099.808,20.051491964993,21.893829573052294,0.0,15.0,0.0,2700.000000000273,1.2243040162949703,1.089531,1089.531,0.37,122310.25110000002,0.402097043,403.12647,403.12647,303.4041676796863,37.14589410508726,-2.0,23.0,-1089.5310000000081,6111.099999999894,5.511227723486102,60.9225,3046.125,1.03,122310.25110000002,62.7646,3137.50875,3137.50875,38.983238245949124,21.484550337233852,1.0,8.0,-3046.1249999999836,-1400.0,9780684.432000002
2025-02-12,20.0,0.9500000000000001,950.0000000000001,306.06,122258.55540000003,290.756,290757.00000000006,290757.00000000006,0.42048361827918157,0.8409672365583631,0.0,0.0,0.0,0.0,11.80600501618384,29.287,2928.7,2.13,122258.55540000003,62.2485,6238.130999999999,6238.130999999999,19.5985873653503,23.13810207454429,0.0,15.0,0.0,5850.000000000136,-0.039133601111434,1.082656,1082.656,0.35,122258.55540000003,0.37611532,378.92959999999994,378.92959999999994,322.6418717355415,-1.2626138310345132,-24.0,-1.0,-1082.656,-687.5,5.690307363918603,60.7275,3036.375,0.75,122258.55540000003,45.6451,2277.28125,2277.28125,53.68619067144211,30.549092611844525,3.0,11.0,-3036.374999999998,10725.0,9776565.401000002
2025-02-13,20.0,0.96,960.0,303.91,122207.06751250004,291.756,291753.60000000003,291753.60000000003,0.41887081260522585,0.8377416252104517,0.0,0.0,0.0,0.0,12.55944530682592,29.454,2945.4,2.17,122207.06751250004,63.8685,6391.518,6391.518,19.12019453164335,24.013903747604665,1.0,16.0,-2945.400000000018,-26720.000000000437,-2.905010198911716,1.089688,1089.688,0.37,122207.06751250004,0.400781818,403.18456000000003,403.18456000000003,303.10453235734036,-88.05217578344399,-55.0,-56.0,-1089.6879999999953,39379.19999999974,5.693094258222096,61.3525,3067.625,0.67,122207.06751250004,40.9553,2055.30875,2055.30875,59.45922602261098,33.85069782676563,2.0,13.0,-3067.624999999998,-40625.0,9769462.688000003
2025-02-14,20.0,0.99,990.0,295.71,122118.28360000004,292.756,292752.89999999997,292752.89999999997,0.41713774176105534,0.8342754835221108,0.0,0.0,0.0,0.0,13.227644619429508,29.454,2945.4,2.22,122118.28360000004,65.356,6538.7880000000005,6538.7880000000005,18.67598148158344,24.703924595743235,1.0,17.0,-2945.400000000018,0.0,-1.9248764649123724,1.089688,1089.688,0.36,122118.28360000004,0.39321414,392.28768,392.28768,311.2977792216162,-59.92097688031769,18.0,-38.0,-1089.6879999999953,0.0,5.875106310534178,61.32,3066.0,0.57,122118.28360000004,34.9826,1747.62,1747.62,69.87690893901423,41.053426866822456,2.0,15.0,-3065.9999999999854,2437.5,9762361.600000003
2025-02-15,20.0,0.98,980.0,299.75,122029.52000000005,293.756,293755.0,293755.0,0.4154125717009074,0.8308251434018148,0.0,0.0,0.0,0.0,,,,,122029.52000000005,,,,,,,,,0.0,,,,,122029.52000000005,,,,,,,,,0.0,,,,,122029.52000000005,,,,,,,,,0.0,9762361.600000003
2025-02-16,20.0,0.98,980.0,300.77,122029.52000000005,294.756,294754.6,294754.6,0.41400378484339195,0.828007569686784,0.0,0.0,0.0,0.0,,,,,122029.52000000005,,,,,,,,,0.0,,,,,122029.52000000005,,,,,,,,,0.0,,,,,122029.52000000005,,,,,,,,,0.0,9762361.600000003
2025-02-17,20.0,0.99,990.0,298.74,122029.52000000005,295.756,295752.60000000003,295752.60000000003,0.41260675307672706,0.8252135061534542,0.0,0.0,0.0,0.0,13.98056217268061,29.006999999999998,2900.7,2.24,122029.52000000005,64.9367,6497.568,6497.568,18.780799215952808,26.256613109125947,18.0,18.0,-2900.700000000006,0.0,-1.6747849163763395,1.0931250000000001,1093.1250000000002,0.35,122029.52000000005,0.380965841,382.59375000000006,382.59375000000006,318.9532500204199,-53.41780921634106,-34.0,-34.0,-1093.1250000000005,0.0,,,,,122029.52000000005,,,,,,,,,0.0,9758367.775000004
2025-02-18,20.0,0.99,990.0,299.75,121979.59718750005,296.756,296752.5,296752.5,0.41104825464823397,0.8220965092964679,0.0,0.0,0.0,0.0,12.876320226848716,29.490000000000002,2949.0,2.08,121979.59718750005,61.3897,6133.92,6133.92,19.8860756559427,25.605947820125884,-1.0,17.0,-2949.0000000000236,-82110.0000000003,-0.4546744924583697,1.088438,1088.438,0.35,121979.59718750005,0.384072836,380.9533,380.9533,320.1956701451334,-14.55848038106061,25.0,-9.0,-1088.4379999999965,-4218.299999999985,6.246058148620375,61.4675,3073.375,0.56,121979.59718750005,34.1957,1721.0900000000001,1721.0900000000001,70.873456465089,44.267973027466056,16.0,16.0,-3073.3749999999873,0.0,9751256.962000005
2025-02-19,20.0,0.96,960.0,310.16,121890.71202500007,297.756,297753.60000000003,297753.60000000003,0.4093677188957583,0.8187354377915167,0.0,0.0,0.0,0.0,12.24028151830933,29.361,2936.1,2.05,121890.71202500007,60.2656,6019.004999999999,6019.004999999999,20.250973711601848,24.787761924988818,0.0,17.0,0.0,21930.000000000153,-1.4320623459998325,1.089531,1089.531,0.34,121890.71202500007,0.371416936,370.44054,370.44054,329.04258271786364,-47.12094929407878,-21.0,-30.0,-1089.5310000000081,3279.0000000001382,6.665498583147939,61.63,3081.5,0.59,121890.71202500007,36.5077,1818.0849999999998,1818.0849999999998,67.04346167808441,44.687809882460485,1.0,17.0,-3081.5000000000055,-13812.5,9747085.931000005
2025-02-20,20.0,0.98,980.0,304.85,121838.57413750008,298.756,298753.0,298753.0,0.40782376792032243,0.8156475358406448,0.0,0.0,0.0,0.0,12.558297102965817,29.561,2956.1,1.99,121838.57413750008,58.7385,5882.639,5882.639,20.711550400679027,26.01018033947779,0.0,17.0,0.0,-34000.0,-1.2114862160896225,1.0917189999999999,1091.7189999999998,0.31,121838.57413750008,0.338137068,338.43288999999993,338.43288999999993,360.0080776354216,-43.6144823736236,2.0,-28.0,-1091.7189999999978,6126.399999999649,7.150077107067149,61.365,3068.25,0.64,121838.57413750008,39.432,1963.68,1963.68,62.04604321350733,44.36339931649978,0.0,17.0,0.0,22525.0,9745994.212000005
2025-02-21,20.0,0.9400000000000001,940.0000000000001,318.89,121824.92765000007,299.756,299756.60000000003,299756.60000000003,0.4064128284414757,0.8128256568829514,0.0,0.0,0.0,0.0,12.882022584200689,29.532,2953.2,1.98,121824.92765000007,58.4946,5847.335999999999,5847.335999999999,20.834261559452045,26.838742793400552,1.0,18.0,-2953.2000000000153,5220.000000000164,-0.5878129960456117,1.096875,1096.875,0.28,121824.92765000007,0.308534346,307.12500000000006,307.12500000000006,396.66236109076124,-23.31632908912866,13.0,-15.0,-1096.8749999999973,7734.000000000095,7.340088412993235,60.29,3014.5,0.64,121824.92765000007,38.3512,1929.28,1929.28,63.14528095973631,46.349194510776286,0.0,17.0,0.0,91375.0,9741944.137000006
2025-02-22,20.0,0.97,970.0,310.06,121774.30171250008,300.756,300758.2,300758.2,0.4048910444087645,0.809782088817529,0.0,0.0,0.0,0.0,,,,,121774.30171250008,,,,,,,,,0.0,,,,,121774.30171250008,,,,,,,,,0.0,,,,,121774.30171250008,,,,,,,,,0.0,9741944.137000006
2025-02-23,20.0,0.99,990.0,304.8,121774.30171250008,301.756,301752.0,301752.0,0.40355756287447997,0.8071151257489599,0.0,0.0,0.0,0.0,,,,,121774.30171250008,,,,,,,,,0.0,,,,,121774.30171250008,,,,,,,,,0.0,,,,,121774.30171250008,,,,,,,,,0.0,9741944.137000006
2025-02-24,20.0,0.97,970.0,312.12,121774.30171250008,302.756,302756.4,302756.4,0.40221875313783645,0.8044375062756728,0.0,0.0,0.0,0.0,13.326998950458144,29.631999999999998,2963.2,1.77,121774.30171250008,52.4598,5244.864,5244.864,23.21781874849378,30.942384609310402,21.0,21.0,-2963.200000000006,0.0,1.35304853618677,1.0989060000000002,1098.9060000000002,0.31,121774.30171250008,0.33810974,340.66086000000007,340.66086000000007,357.4649042819303,48.36673654768096,31.0,31.0,-1098.9059999999995,0.0,5.8597209284948,60.0075,3000.375,0.67,121774.30171250008,40.0007,2010.25125,2010.25125,60.57665762550829,35.4962308466455,13.0,13.0,-3000.3749999999854,0.0,9734881.656000005
2025-02-25,20.0,0.97,970.0,313.15,121686.02070000007,303.756,303755.5,303755.5,0.40060516007117586,0.8012103201423517,0.0,0.0,0.0,0.0,13.76058730139692,29.188000000000002,2918.8,1.65,121686.02070000007,48.2981,4816.02,4816.02,25.266925947151393,34.76877403337078,2.0,23.0,-2918.80000000001,102119.99999999916,3.142451267354056,1.105469,1105.469,0.35,121686.02070000007,0.381431754,386.91415,386.91415,314.5039298769509,98.83132730296555,32.0,63.0,-1105.4689999999994,-41346.89999999921,5.170441585698901,59.7,2985.0,0.74,121686.02070000007,43.9332,2208.9,2208.9,55.088967676218964,28.48342893863451,-2.0,11.0,-2984.999999999991,16912.5,9727872.387000006
2025-02-26,20.0,0.9400000000000001,940.0000000000001,324.21,121598.40483750007,304.756,304757.4,304757.4,0.39900066360160596,0.7980013272032119,0.0,0.0,0.0,0.0,12.62769308710501,29.306,2930.6,1.36,121598.40483750007,39.9582,3985.616,3985.616,30.50931269783644,38.52622370467943,3.0,26.0,-2930.600000000004,-30679.99999999929,5.8097357729577,1.1089060000000002,1108.9060000000002,0.44,121598.40483750007,0.493013623,487.9186400000001,487.9186400000001,249.2186091465988,144.78942688457582,29.0,92.0,-1108.9060000000045,-31620.400000001155,4.335189316779727,59.7075,2985.375,0.86,121598.40483750007,51.3769,2567.4225,2567.4225,47.36205468227379,20.532347347933054,-3.0,8.0,-2985.375000000022,-300.0,9720847.506000007
2025-02-27,20.0,0.99,990.0,308.84,121510.59382500009,305.756,305751.6,305751.6,0.3974160521972742,0.7948321043945484,0.0,0.0,0.0,0.0,12.665143828710365,28.959000000000003,2895.9000000000005,1.27,121510.59382500009,36.6559,3677.7930000000006,3677.7930000000006,33.038997525146215,41.84436556123826,2.0,28.0,-2895.8999999999833,97159.99999999949,8.445495878356166,1.106406,1106.406,0.56,121510.59382500009,0.621468426,619.58736,619.58736,196.1153530068788,165.62914055019593,13.0,105.0,-1106.4060000000068,26250.0,3.635338985357289,58.7625,2938.125,0.97,121510.59382500009,57.1952,2849.98125,2849.98125,42.63557657616172,15.499477369050675,-2.0,6.0,-2938.124999999991,28350.0,9713907.075000007
2025-02-28,20.0,0.98,980.0,313.02,121423.83843750009,306.756,306759.6,306759.6,0.39582734635688693,0.7916546927137739,0.0,0.0,0.0,0.0,26.04670887989284,28.485,2848.5,1.1,121423.83843750009,31.389,3133.3500000000004,3133.3500000000004,38.75208273493229,100.93642174863028,40.0,68.0,-2848.5000000000127,322320.00000000064,9.269616742837185,1.110938,1110.9379999999999,0.61,121423.83843750009,0.677826994,677.6721799999999,677.6721799999999,179.17784147122597,166.0909919247103,0.0,105.0,0.0,-47585.99999999951,2.0976729509027017,59.6325,2981.625,1.22,121423.83843750009,72.7751,3637.5825,3637.5825,33.38036688858606,7.002109271339515,-3.0,3.0,-2981.6249999999854,-13050.0,9708076.950000007
2025-03-01,20.0,0.9400000000000001,940.0000000000001,327.4,121350.9618750001,307.756,307756.0,307756.0,0.39430900412989545,0.7886180082597909,0.0,0.0,0.0,0.0,,,,,121350.9618750001,,,,,,,,,0.0,,,,,121350.9618750001,,,,,,,,,0.0,,,,,121350.9618750001,,,,,,,,,0.0,9708076.950000007
2025-03-02,20.0,0.9400000000000001,940.0000000000001,328.46,121350.9618750001,308.756,308752.4,308752.4,0.3930364974490889,0.7860729948981778,0.0,0.0,0.0,0.0,,,,,121350.9618750001,,,,,,,,,0.0,,,,,121350.9618750001,,,,,,,,,0.0,,,,,121350.9618750001,,,,,,,,,0.0,9708076.950000007
2025-03-03,20.0,0.99,990.0,312.88,121350.9618750001,309.756,309751.2,309751.2,0.3917691420565928,0.7835382841131856,0.0,0.0,0.0,0.0,24.437683742708096,29.011,2901.1,1.12,121350.9618750001,32.3926,3249.2320000000004,3249.2320000000004,37.34758302115702,91.26884224255699,61.0,61.0,-2901.0999999999967,0.0,10.736701120984383,1.114063,1114.063,0.69,121350.9618750001,0.767425406,768.70347,768.70347,157.86446479160566,169.49435760916322,107.0,107.0,-1114.0630000000015,0.0,1.4861773623526076,58.6075,2930.375,1.3,121350.9618750001,76.311,3809.4875,3809.4875,31.85493110949966,4.734207749424023,2.0,2.0,-2930.3750000000036,0.0,9701131.412000006
2025-03-04,20.0,0.99,990.0,313.89,121264.14265000008,310.756,310751.1,310751.1,0.3902291662040781,0.7804583324081562,0.0,0.0,0.0,0.0,23.431036309379422,29.206,2920.6,1.06,121264.14265000008,30.983,3095.8360000000002,3095.8360000000002,39.17007963277127,91.7795558116747,0.0,61.0,0.0,-118950.0,12.512737677779995,1.1125,1112.5,0.79,121264.14265000008,0.873545007,878.875,878.875,137.9765525814252,172.6464408135792,2.0,109.0,-1112.4999999999973,17036.700000000183,0.3911591609878738,57.895,2894.75,1.53,121264.14265000008,88.5437,4428.9675,4428.9675,27.37977703606994,1.0709850613464171,-2.0,0.0,-2894.750000000022,0.0,9697124.162000006
2025-03-05,20.0,0.9500000000000001,950.0000000000001,328.16,121214.05202500008,311.756,311752.00000000006,311752.00000000006,0.38881563558533727,0.7776312711706745,0.0,0.0,0.0,0.0,23.40590486814182,29.26,2926.0,1.03,121214.05202500008,30.2406,3013.78,3013.78,40.21994041535881,94.13840991642209,2.0,63.0,-2926.000000000022,-34020.000000000575,13.126919280143694,1.1087500000000001,1108.7500000000002,0.85,121214.05202500008,0.947600942,942.4375000000001,942.4375000000001,128.61760278533066,168.83528897686205,-2.0,107.0,-1108.7500000000005,40125.0,-0.8570723418752234,58.5125,2925.625,1.82,121214.05202500008,106.6335,5324.6375,5324.6375,22.76475197137835,-1.951103928431785,-1.0,-1.0,-2925.624999999991,3087.5,9690163.787000006
2025-03-06,20.0,0.9500000000000001,950.0000000000001,329.22,121127.04733750009,312.756,312759.00000000006,312759.00000000006,0.38728556920024704,0.7745711384004941,0.0,0.0,0.0,0.0,23.52059635072404,29.266,2926.6,0.96,121127.04733750009,28.1491,2809.5359999999996,2809.5359999999996,43.11282978310301,101.40394668658394,5.0,68.0,-2926.6000000000076,-4079.9999999993815,11.945121310064176,1.107969,1107.969,0.89,121127.04733750009,0.982111491,986.0924100000001,986.0924100000001,122.83539160138153,146.72836538477407,-14.0,93.0,-1107.968999999997,7263.300000000583,-1.5633120915886534,57.4625,2873.125,1.98,121127.04733750009,113.7695,5688.7875,5688.7875,21.29224326581017,-3.328642135448812,0.0,-1.0,0.0,-5250.0,9686129.218000006
2025-03-07,20.0,0.9500000000000001,950.0000000000001,330.27,121076.61522500007,313.756,313756.5,313756.5,0.38589356786233936,0.7717871357246787,0.0,0.0,0.0,0.0,23.64186438191001,29.141,2914.1,0.91,121076.61522500007,26.6572,2651.831,2651.831,45.65774184893384,107.9434140776751,4.0,72.0,-2914.1000000000076,90000.0,11.079015774708049,1.1057810000000001,1105.7810000000002,0.9,121076.61522500007,0.997546258,995.2029000000002,995.2029000000002,121.66023152163247,134.78756241827995,-8.0,85.0,-1105.7810000000075,18597.999999998934,-2.598508497767,57.76,2888.0,2.22,121076.61522500007,128.1858,6411.360000000001,6411.360000000001,18.88470078501286,-4.907205546764305,-1.0,-2.0,-2888.000000000011,2975.0,9679221.337000007
2025-03-08,20.0,0.97,970.0,324.49,120990.26671250009,314.756,314755.3,314755.3,0.38439469236101853,0.7687893847220371,0.0,0.0,0.0,0.0,,,,,120990.26671250009,,,,,,,,,0.0,,,,,120990.26671250009,,,,,,,,,0.0,,,,,120990.26671250009,,,,,,,,,0.0,9679221.337000007
2025-03-09,20.0,0.9500000000000001,950.0000000000001,332.37,120990.26671250009,315.756,315751.50000000006,315751.50000000006,0.38318192221573,0.76636384443146,0.0,0.0,0.0,0.0,,,,,120990.26671250009,,,,,,,,,0.0,,,,,120990.26671250009,,,,,,,,,0.0,,,,,120990.26671250009,,,,,,,,,0.0,9679221.337000007
2025-03-10,20.0,0.98,980.0,323.22,120990.26671250009,316.756,316755.60000000003,316755.60000000003,0.38196725397277925,0.7639345079455585,0.0,0.0,0.0,0.0,23.5863310444594,28.994,2899.4,0.92,120990.26671250009,26.7506,2667.4480000000003,2667.4480000000003,45.35806010557659,106.98302211846165,72.0,72.0,-2899.400000000014,0.0,9.65034084047435,1.1132810000000002,1113.2810000000002,0.89,120990.26671250009,0.9961759,990.8200900000002,990.8200900000002,122.11123687701979,117.84150563151415,75.0,75.0,-1113.2810000000006,0.0,-3.464516042963993,56.2075,2810.375,2.45,120990.26671250009,137.7805,6885.418750000001,6885.418750000001,17.571954750391917,-6.0878319138970145,-2.0,-2.0,-2810.375000000022,0.0,9672398.281000007
2025-03-11,20.0,0.96,960.0,331.0,120904.97851250009,317.756,317760.0,317760.0,0.3804914983399424,0.7609829966798848,0.0,0.0,0.0,0.0,23.356002349326925,29.209000000000003,2920.9000000000005,0.94,120904.97851250009,27.3676,2745.646,2745.646,44.035166409835824,102.84854501211275,-3.0,69.0,-2920.8999999999833,-148350.0,9.971688879691127,1.108438,1108.438,0.91,120904.97851250009,1.012699791,1008.6785800000001,1008.6785800000001,119.86472292541404,119.52537246626093,1.0,76.0,-1108.4380000000067,36806.80000000035,-4.363881277282347,55.77,2788.5,2.85,120904.97851250009,159.2213,7947.225,7947.225,15.21348376477325,-6.638983696333294,0.0,-2.0,0.0,-4375.0,9668368.943000007
2025-03-12,20.0,0.9500000000000001,950.0000000000001,335.53,120854.6117875001,318.756,318753.5,318753.5,0.3791475600660074,0.7582951201320148,0.0,0.0,0.0,0.0,23.23665176157735,29.468000000000004,2946.8,0.93,120854.6117875001,27.3545,2740.5240000000003,2740.5240000000003,44.09908900177487,102.47151741370483,0.0,69.0,0.0,-178710.00000000064,8.906173452886355,1.106406,1106.406,0.84,120854.6117875001,0.925426584,929.3810399999999,929.3810399999999,130.03774187980002,115.81386846031633,-3.0,73.0,-1106.4060000000068,14833.599999999664,-5.786938116894361,56.0475,2802.375,3.19,120854.6117875001,178.9779,8939.57625,8939.57625,13.51905374569629,-7.823392742531334,-1.0,-3.0,-2802.3749999999836,4162.5,9664460.162000008
2025-03-13,20.0,0.9500000000000001,950.0000000000001,336.59,120805.75202500011,319.756,319760.5,319760.5,0.37780073531596337,0.7556014706319267,0.0,0.0,0.0,0.0,23.25165331977777,29.913000000000004,2991.3,0.92,120805.75202500011,27.4178,2751.996,2751.996,43.89750276708255,102.06895159441888,-1.0,68.0,-2991.300000000001,-302600.0,7.765408517107615,1.109375,1109.375,0.79,120805.75202500011,0.878861266,876.40625,876.40625,137.84218451773947,107.04008736707735,-5.0,68.0,-1109.375,-20189.199999999575,-6.945899663929108,55.275,2763.75,3.46,120805.75202500011,191.1597,9562.575,9562.575,12.633182173734596,-8.774881581489833,0.0,-3.0,0.0,-11587.5,9660359.487000007
2025-03-14,20.0,0.97,970.0,330.68,120754.4935875001,320.756,320759.60000000003,320759.60000000003,0.3764641606595721,0.7529283213191442,0.0,0.0,0.0,0.0,23.181962020445173,30.011,3001.1,1.04,120754.4935875001,31.186,3121.1440000000002,3121.1440000000002,38.68917729765114,89.68910387164183,-8.0,60.0,-3001.0999999999967,-58799.99999999836,7.776603471577835,1.106406,1106.406,0.75,120754.4935875001,0.827632365,829.8045,829.8045,145.5216181492148,113.16639208888077,4.0,72.0,-1106.4060000000068,21376.799999999548,-8.098065955576898,56.4,2820.0,3.59,120754.4935875001,202.4445,10123.8,10123.8,11.927783400254855,-9.65919766790991,-1.0,-4.0,-2819.999999999982,22500.0,9653431.981000008
2025-03-15,20.0,0.99,990.0,325.01,120667.8997625001,321.756,321759.89999999997,321759.89999999997,0.3750246682774955,0.750049336554991,0.0,0.0,0.0,0.0,,,,,120667.8997625001,,,,,,,,,0.0,,,,,120667.8997625001,,,,,,,,,0.0,,,,,120667.8997625001,,,,,,,,,0.0,9653431.981000008
2025-03-16,20.0,0.98,980.0,329.34,120667.8997625001,322.756,322753.19999999995,322753.19999999995,0.37387049845671594,0.7477409969134319,0.0,0.0,0.0,0.0,,,,,120667.8997625001,,,,,,,,,0.0,,,,,120667.8997625001,,,,,,,,,0.0,,,,,120667.8997625001,,,,,,,,,0.0,9653431.981000008
2025-03-17,20.0,0.96,960.0,337.25,120667.8997625001,323.756,323760.0,323760.0,0.3727078692936129,0.7454157385872258,0.0,0.0,0.0,0.0,23.77634108377356,30.061,3006.1,1.16,120667.8997625001,34.8997,3487.0759999999996,3487.0759999999996,34.60432171897031,82.27641561628715,55.0,55.0,-3006.100000000015,0.0,6.77943238118235,1.106094,1106.0939999999998,0.71,120667.8997625001,0.785270916,785.3267399999999,785.3267399999999,153.65311483281485,104.16809021671149,66.0,66.0,-1106.0939999999987,0.0,-8.167882667216483,56.8025,2840.125,3.52,120667.8997625001,200.0282,9997.24,9997.24,12.070121329737018,-9.858733480035896,-4.0,-4.0,-2840.124999999989,0.0,9646479.662000008
2025-03-18,20.0,0.9500000000000001,950.0000000000001,341.85,120580.9957750001,324.756,324757.50000000006,324757.50000000006,0.37129549209795026,0.7425909841959005,0.0,0.0,0.0,0.0,24.356582371651125,30.408,3040.8,1.27,120580.9957750001,38.7344,3861.8160000000003,3861.8160000000003,31.223910143569785,76.05077393768906,-4.0,51.0,-3040.79999999999,-176970.0000000014,6.076088218517731,1.107969,1107.969,0.61,120580.9957750001,0.67883131,675.86109,675.86109,178.41091543678021,108.40404613403834,3.0,69.0,-1107.968999999997,-12937.5,-8.485520180024883,56.18,2809.0,3.39,120580.9957750001,190.6734,9522.51,9522.51,12.66273238620911,-10.744987119743204,0.0,-4.0,0.0,-12450.0,9642330.893000009
2025-03-19,20.0,0.98,980.0,332.4,120529.13616250012,325.756,325752.0,325752.0,0.3700027510575533,0.7400055021151066,0.0,0.0,0.0,0.0,24.69708851937999,30.412,3041.2,1.51,120529.13616250012,45.7752,4592.2119999999995,4592.2119999999995,26.24642245665055,64.82102187289414,-8.0,43.0,-3041.1999999999807,-1719.9999999984357,6.122268487235327,1.11,1110.0,0.5,120529.13616250012,0.555890613,555.0,555.0,217.16961470720742,132.95706885069734,15.0,84.0,-1109.9999999999995,-17060.400000000525,-8.93506886926456,56.785000000000004,2839.25,3.14,120529.13616250012,178.5141,8915.245,8915.245,13.519441828295252,-12.079714380983406,0.0,-4.0,0.0,12100.0,9638179.69300001
2025-03-20,20.0,0.9500000000000001,950.0000000000001,343.95,120477.24616250012,326.756,326752.5,326752.5,0.3687110157152588,0.7374220314305177,0.0,0.0,0.0,0.0,25.439496131269543,30.438000000000002,3043.8,1.68,120477.24616250012,51.2661,5113.584,5113.584,23.560236061928407,59.93605341492249,-3.0,40.0,-3043.80000000001,-10400.000000001455,6.716739615843677,1.111719,1111.7189999999998,0.38,120477.24616250012,0.426298611,422.45321999999993,422.45321999999993,285.1848215584678,191.55121887990703,37.0,121.0,-1111.7190000000078,-20799.89999999924,-9.016947429991372,56.625,2831.25,2.84,120477.24616250012,160.8928,8040.75,8040.75,14.983334410658225,-13.510393870688597,-1.0,-5.0,-2831.25,-4000.0,9631192.92400001
2025-03-21,20.0,0.96,960.0,341.41,120389.91155000014,327.756,327753.60000000003,327753.60000000003,0.3673183499738832,0.7346366999477664,0.0,0.0,0.0,0.0,26.1291194366185,30.484,3048.4,1.84,120389.91155000014,56.102,5609.0560000000005,5609.0560000000005,21.46348896320524,56.08220666461326,-2.0,38.0,-3048.3999999999924,-17479.999999999654,7.582397751843551,1.110938,1110.9379999999999,0.31,120389.91155000014,0.347412757,344.39077999999995,344.39077999999995,349.5735616092863,265.06057876501956,47.0,168.0,-1110.9380000000044,13120.799999998668,-9.32658540727348,56.178000000000004,2808.9,2.68,120389.91155000014,150.77,7527.852000000001,7527.852000000001,15.99259809438338,-14.915633201146571,-1.0,-6.0,-2808.899999999994,-13409.999999999945,9624224.68600001
2025-03-22,20.0,0.9500000000000001,950.0000000000001,346.06,120302.80857500013,328.756,328757.00000000006,328757.00000000006,0.36593231041468355,0.7318646208293671,0.0,0.0,0.0,0.0,,,,,120302.80857500013,,,,,,,,,0.0,,,,,120302.80857500013,,,,,,,,,0.0,,,,,120302.80857500013,,,,,,,,,0.0,9624224.68600001
2025-03-23,20.0,0.9500000000000001,950.0000000000001,347.11,120302.80857500013,329.756,329754.50000000006,329754.50000000006,0.3648253733459289,0.7296507466918578,0.0,0.0,0.0,0.0,,,,,120302.80857500013,,,,,,,,,0.0,,,,,120302.80857500013,,,,,,,,,0.0,,,,,120302.80857500013,,,,,,,,,0.0,9624224.68600001
2025-03-24,20.0,0.9500000000000001,950.0000000000001,348.16,120302.80857500013,330.756,330752.00000000006,330752.00000000006,0.3637251130000729,0.7274502260001457,0.0,0.0,0.0,0.0,12.638850942345638,30.44,3044.0,1.99,120302.80857500013,60.5065,6057.56,6057.56,19.859945023243704,25.100688487195622,17.0,17.0,-3044.0000000000055,0.0,9.248146484972905,1.105469,1105.469,0.24,120302.80857500013,0.264807908,265.31256,265.31256,453.438045206002,419.3461463924873,265.0,265.0,-1105.4689999999994,0.0,,,,,120302.80857500013,,,,,,,,,0.0,9620075.21700001
2025-03-25,20.0,0.9400000000000001,940.0000000000001,352.93,120250.94021250012,331.756,331754.20000000007,331754.20000000007,0.36246998594893476,0.7249399718978695,0.0,0.0,0.0,0.0,13.181552504419772,30.543000000000003,3054.3,2.07,120250.94021250012,63.2399,6322.401,6322.401,19.019821775382503,25.071077935691093,0.0,17.0,0.0,-17510.00000000031,,,,,120250.94021250012,,,,,,,,,0.0,,,,,120250.94021250012,,,,,,,,,0.0,9620075.21700001
2025-03-26,20.0,0.96,960.0,346.62,120250.94021250012,332.756,332755.2,332755.2,0.3613795974112504,0.7227591948225008,0.0,0.0,0.0,0.0,,,,,120250.94021250012,,,,,,,,,0.0,,,,,120250.94021250012,,,,,,,,,0.0,,,,,120250.94021250012,,,,,,,,,0.0,9620075.21700001
2025-03-27,20.0,0.99,990.0,337.13,120250.94021250012,333.756,333758.7,333758.7,0.3602930506755333,0.7205861013510666,0.0,0.0,0.0,0.0,,,,,120250.94021250012,,,,,,,,,0.0,,,,,120250.94021250012,,,,,,,,,0.0,,,,,120250.94021250012,,,,,,,,,0.0,9620075.21700001
2025-03-28,20.0,0.9400000000000001,940.0000000000001,356.12,120250.94021250012,334.756,334752.80000000005,334752.80000000005,0.3592231049673075,0.718446209934615,0.0,0.0,0.0,0.0,,,,,120250.94021250012,,,,,,,,,0.0,,,,,120250.94021250012,,,,,,,,,0.0,,,,,120250.94021250012,,,,,,,,,0.0,9620075.21700001
2025-03-29,20.0,0.9500000000000001,950.0000000000001,353.43,120250.94021250012,335.756,335758.50000000006,335758.50000000006,0.3581471212567965,0.716294242513593,0.0,0.0,0.0,0.0,,,,,120250.94021250012,,,,,,,,,0.0,,,,,120250.94021250012,,,,,,,,,0.0,,,,,120250.94021250012,,,,,,,,,0.0,9620075.21700001
2025-03-30,20.0,0.9500000000000001,950.0000000000001,354.48,120250.94021250012,336.756,336756.00000000006,336756.00000000006,0.35708625893079887,0.7141725178615977,0.0,0.0,0.0,0.0,,,,,120250.94021250012,,,,,,,,,0.0,,,,,120250.94021250012,,,,,,,,,0.0,,,,,120250.94021250012,,,,,,,,,0.0,9620075.21700001
2025-03-31,20.0,0.9400000000000001,940.0000000000001,359.31,120250.94021250012,337.756,337751.4,337751.4,0.35603387643248885,0.7120677528649777,0.0,0.0,0.0,0.0,,,,,120250.94021250012,,,,,,,,,0.0,,,,,120250.94021250012,,,,,,,,,0.0,,,,,120250.94021250012,,,,,,,,,0.0,9620075.21700001
2025-04-01,20.0,0.96,960.0,352.87,120250.94021250012,338.756,338755.2,338755.2,0.35497887622832097,0.7099577524566419,0.0,0.0,0.0,0.0,,,,,120250.94021250012,,,,,,,,,0.0,,,,,120250.94021250012,,,,,,,,,0.0,,,,,120250.94021250012,,,,,,,,,0.0,9620075.21700001
2025-04-02,20.0,0.9400000000000001,940.0000000000001,361.44,120250.94021250012,339.756,339753.60000000003,339753.60000000003,0.35393573522841293,0.7078714704568259,0.0,0.0,0.0,0.0,,,,,120250.94021250012,,,,,,,,,0.0,,,,,120250.94021250012,,,,,,,,,0.0,,,,,120250.94021250012,,,,,,,,,0.0,9620075.21700001
2025-04-03,20.0,0.99,990.0,344.2,120250.94021250012,340.756,340758.0,340758.0,0.35289249324300564,0.7057849864860113,0.0,0.0,0.0,0.0,,,,,120250.94021250012,,,,,,,,,0.0,,,,,120250.94021250012,,,,,,,,,0.0,,,,,120250.94021250012,,,,,,,,,0.0,9620075.21700001
2025-04-04,20.0,0.9500000000000001,950.0000000000001,359.74,120250.94021250012,341.756,341753.00000000006,341753.00000000006,0.3518650610601812,0.7037301221203623,0.0,0.0,0.0,0.0,,,,,120250.94021250012,,,,,,,,,0.0,,,,,120250.94021250012,,,,,,,,,0.0,,,,,120250.94021250012,,,,,,,,,0.0,9620075.21700001
2025-04-05,20.0,0.99,990.0,346.22,120250.94021250012,342.756,342757.80000000005,342757.80000000005,0.35083356297799817,0.7016671259559963,0.0,0.0,0.0,0.0,,,,,120250.94021250012,,,,,,,,,0.0,,,,,120250.94021250012,,,,,,,,,0.0,,,,,120250.94021250012,,,,,,,,,0.0,9620075.21700001
2025-04-06,20.0,0.96,960.0,358.08,120250.94021250012,343.756,343756.8,343756.8,0.34981399702493193,0.6996279940498639,0.0,0.0,0.0,0.0,,,,,120250.94021250012,,,,,,,,,0.0,,,,,120250.94021250012,,,,,,,,,0.0,,,,,120250.94021250012,,,,,,,,,0.0,9620075.21700001
2025-04-07,20.0,0.9400000000000001,940.0000000000001,366.76,120250.94021250012,344.756,344754.4,344754.4,0.3488017563010077,0.6976035126020154,0.0,0.0,0.0,0.0,,,,,120250.94021250012,,,,,,,,,0.0,,,,,120250.94021250012,,,,,,,,,0.0,,,,,120250.94021250012,,,,,,,,,0.0,9620075.21700001
2025-04-08,20.0,0.97,970.0,356.45,120250.94021250012,345.756,345756.5,345756.5,0.34779083028807883,0.6955816605761577,0.0,0.0,0.0,0.0,,,,,120250.94021250012,,,,,,,,,0.0,,,,,120250.94021250012,,,,,,,,,0.0,,,,,120250.94021250012,,,,,,,,,0.0,9620075.21700001
2025-04-09,20.0,0.99,990.0,350.26,120250.94021250012,346.756,346757.39999999997,346757.39999999997,0.346786947336957,0.693573894673914,0.0,0.0,0.0,0.0,,,,,120250.94021250012,,,,,,,,,0.0,,,,,120250.94021250012,,,,,,,,,0.0,,,,,120250.94021250012,,,,,,,,,0.0,9620075.21700001
2025-04-10,20.0,0.99,990.0,351.27,120250.94021250012,347.756,347757.3,347757.3,0.3457898373736515,0.691579674747303,0.0,0.0,0.0,0.0,,,,,120250.94021250012,,,,,,,,,0.0,,,,,120250.94021250012,,,,,,,,,0.0,,,,,120250.94021250012,,,,,,,,,0.0,9620075.21700001
2025-04-11,20.0,0.97,970.0,359.54,120250.94021250012,348.756,348753.80000000005,348753.80000000005,0.34480180635307806,0.6896036127061561,0.0,0.0,0.0,0.0,,,,,120250.94021250012,,,,,,,,,0.0,,,,,120250.94021250012,,,,,,,,,0.0,,,,,120250.94021250012,,,,,,,,,0.0,9620075.21700001
2025-04-12,20.0,0.98,980.0,356.89,120250.94021250012,349.756,349752.2,349752.2,0.34381753770955586,0.6876350754191117,0.0,0.0,0.0,0.0,,,,,120250.94021250012,,,,,,,,,0.0,,,,,120250.94021250012,,,,,,,,,0.0,,,,,120250.94021250012,,,,,,,,,0.0,9620075.21700001
2025-04-13,20.0,0.9400000000000001,940.0000000000001,373.14,120250.94021250012,350.756,350751.60000000003,350751.60000000003,0.34283789500176226,0.6856757900035245,0.0,0.0,0.0,0.0,,,,,120250.94021250012,,,,,,,,,0.0,,,,,120250.94021250012,,,,,,,,,0.0,,,,,120250.94021250012,,,,,,,,,0.0,9620075.21700001
2025-04-14,20.0,0.97,970.0,362.64,120250.94021250012,351.756,351760.8,351760.8,0.34185429477218643,0.6837085895443729,0.0,0.0,0.0,0.0,,,,,120250.94021250012,,,,,,,,,0.0,,,,,120250.94021250012,,,,,,,,,0.0,,,,,120250.94021250012,,,,,,,,,0.0,9620075.21700001
2025-04-15,20.0,0.9500000000000001,950.0000000000001,371.32,120250.94021250012,352.756,352754.00000000006,352754.00000000006,0.34089178354462346,0.6817835670892469,0.0,0.0,0.0,0.0,,,,,120250.94021250012,,,,,,,,,0.0,,,,,120250.94021250012,,,,,,,,,0.0,,,,,120250.94021250012,,,,,,,,,0.0,9620075.21700001
