date,roll_corr_to_basket_26w,roll_corr_to_basket_52w
2008-11-29,,
2008-12-06,,
2008-12-13,,
2008-12-20,,
2008-12-27,,
2009-01-03,,
2009-01-10,,
2009-01-17,,
2009-01-24,,
2009-01-31,,
2009-02-07,,
2009-02-14,,
2009-02-21,,
2009-02-28,,
2009-03-07,,
2009-03-14,,
2009-03-21,,
2009-03-28,,
2009-04-04,,
2009-04-11,,
2009-04-18,,
2009-04-25,,
2009-05-02,,
2009-05-09,,
2009-05-16,,
2009-05-23,-0.4175056820772522,
2009-05-30,-0.5245784787170316,
2009-06-06,-0.5352332386626868,
2009-06-13,-0.5276874234020132,
2009-06-20,-0.5782982870460028,
2009-06-27,-0.5867902086847423,
2009-07-04,-0.18517313515495992,
2009-07-11,-0.21705702239300942,
2009-07-18,-0.21104146395528356,
2009-07-25,-0.1680252358594019,
2009-08-01,-0.170743688034514,
2009-08-08,-0.13041841085167838,
2009-08-15,-0.18368410703717106,
2009-08-22,-0.16392279701996,
2009-08-29,0.21229433043032508,
2009-09-05,0.2362544716617246,
2009-09-12,0.32050680384076485,
2009-09-19,0.30572121725993606,
2009-09-26,0.3709891845767019,
2009-10-03,0.3641182613432047,
2009-10-10,0.36375422229159665,
2009-10-17,0.2350257494318248,
2009-10-24,0.284111942452102,
2009-10-31,0.2937002847403491,
2009-11-07,0.31990059192965964,
2009-11-14,0.3665716282963746,
2009-11-21,0.4193844245318941,-0.08915102613740819
2009-11-28,0.41845321968678406,-0.12254406184597158
2009-12-05,0.42249729426163635,-0.12230498767384829
2009-12-12,0.43395400770441106,-0.09886602163363828
2009-12-19,0.4157052181689632,-0.10196959357586889
2009-12-26,0.402653739806751,-0.1110374443976944
2010-01-02,0.17088707576031087,-0.07846720787258658
2010-01-09,0.4972361904646485,-0.04851313118842952
2010-01-16,0.5203876220217848,-0.033603762142282716
2010-01-23,0.46111533228295876,-0.011074129337389021
2010-01-30,0.4340480177887534,-0.01865792425943766
2010-02-06,0.39001812972249233,-0.00613982533069119
2010-02-13,0.3767409946559997,-0.044770548455760374
2010-02-20,0.17713293417379627,-0.07697693958084321
2010-02-27,0.11242140838769285,0.14380169467146464
2010-03-06,0.0890681762506474,0.15825096030301486
2010-03-13,0.10079590567986157,0.21981053444144127
2010-03-20,0.05570937562550605,0.19074455460145545
2010-03-27,-0.09695813161390117,0.1951144953615148
2010-04-03,-0.09710127229578902,0.18788717146846962
2010-04-10,-0.09980230051589685,0.18693831242338224
2010-04-17,0.18282492199510833,0.22003723498832867
2010-04-24,-0.3046115374975107,0.04537531528681655
2010-05-01,-0.3354105591383871,0.048114138947085945
2010-05-08,-0.31772872127649054,0.06443606535578023
2010-05-15,-0.2989468987958665,0.08662432353931353
2010-05-22,-0.32884161515872384,0.10787492623085053
2010-05-29,-0.311498910553613,0.10814527776169772
2010-06-05,-0.29032435738208473,0.11034133353804888
2010-06-12,-0.40373750606766,0.08492398818000027
2010-06-19,-0.36170361305297866,0.09093118335076435
2010-06-26,-0.1960053888290424,0.1323917640125743
2010-07-03,-0.21095586346473452,-0.034176690201270885
2010-07-10,-0.31763772385805306,0.027471645732273897
2010-07-17,-0.3610909339757029,0.0249021998856489
2010-07-24,-0.34656212050884055,0.010391128946536664
2010-07-31,-0.30774663810523,0.01916865132590227
2010-08-07,-0.25664843031556317,0.043072241945632
2010-08-14,-0.25423019829621885,0.03861901817997161
2010-08-21,-0.2331713080649017,-0.023879108049514906
2010-08-28,-0.22473721465128832,-0.05948239149369171
2010-09-04,-0.22988274393884126,-0.07610255437304718
2010-09-11,-0.24239440093925324,-0.07819670894232644
2010-09-18,-0.23447380703394932,-0.09630386585785032
2010-09-25,-0.2454526597203593,-0.18133030952539847
2010-10-02,-0.2679447042122018,-0.1940072581376886
2010-10-09,-0.2584408726978944,-0.19075609867132173
2010-10-16,-0.3270550699070602,-0.12749950594881695
2010-10-23,0.11059614216521799,-0.12899400038684622
2010-10-30,0.019842657522036632,-0.18622976759282245
2010-11-06,-0.0012612153046477072,-0.18761571647542655
2010-11-13,-0.016446338587284202,-0.18819139364038975
2010-11-20,0.0017686159293899986,-0.19063894718745453
2010-11-27,-0.0178470011587971,-0.19263515415394927
2010-12-04,-0.0322271477467395,-0.1924485046267418
2010-12-11,0.08780823673292185,-0.23235661671354052
2010-12-18,0.04811991310587621,-0.2287352809878064
2010-12-25,-0.24698984738669424,-0.21446447379396238
2011-01-01,-0.25814471491046664,-0.23203418396455722
2011-01-08,-0.2667183297390613,-0.31161022918398174
2011-01-15,-0.2658439813828532,-0.3426416163476817
2011-01-22,-0.185001610480325,-0.30598566211109296
2011-01-29,-0.26266585819412824,-0.29858492922450275
2011-02-05,-0.3134825073106444,-0.270692072710193
2011-02-12,-0.19276102906142617,-0.2446886607987041
2011-02-19,0.06952722915506697,-0.17502253149099053
2011-02-26,0.02935005957674044,-0.17404969916924465
2011-03-05,-0.2060013166282299,-0.2213267537852949
2011-03-12,-0.0625862939835109,-0.18695965854525684
2011-03-19,-0.10274730837429046,-0.1904119067715307
2011-03-26,-0.06589269969013038,-0.18820316927385258
2011-04-02,0.02760456034544283,-0.18784370344010348
2011-04-09,0.053970410764628295,-0.17264766060536435
2011-04-16,0.017913581479526926,-0.2301675894504759
2011-04-23,-0.06297556526910987,0.04593233801467826
2011-04-30,0.027286850780624466,0.02183593622379205
2011-05-07,0.0742470944871941,0.021097057215535245
2011-05-14,0.05436438501170509,0.004703274065146222
2011-05-21,-0.00946272513380172,-0.009049573756289155
2011-05-28,-0.043718569753555564,-0.044380306211731314
2011-06-04,-0.04954007249383802,-0.051400938119357566
2011-06-11,-0.027674171222590187,0.009694986512545575
2011-06-18,0.11012205775301048,0.042946926923231564
2011-06-25,0.10885978916958979,-0.0876846988309666
2011-07-02,0.06475627491256274,-0.14326338191245835
2011-07-09,0.13744001305059303,-0.0798645144177153
2011-07-16,0.15778884350048916,-0.07452118295312075
2011-07-23,0.6112592995130488,0.3848939902146735
2011-07-30,0.6185785998309022,0.3931869706208124
2011-08-06,0.31888264259101695,0.16262393784354712
2011-08-13,0.2973299807963934,0.1635624443740745
2011-08-20,0.29561969135698163,0.23019592310745174
2011-08-27,0.24388361929163127,0.17706949495706203
2011-09-03,0.29457785723593277,0.19575614422255605
2011-09-10,0.298811392287188,0.22431582933218383
2011-09-17,0.32972572866544914,0.23372111849277666
2011-09-24,0.3393481832804738,0.2556867572578132
2011-10-01,0.3336783667342116,0.28017277495620996
2011-10-08,0.32658664181396513,0.27923652957438366
2011-10-15,0.2200217031839355,0.19075485923386867
2011-10-22,0.19641743287633998,0.1570618595004591
2011-10-29,0.18789103155762987,0.16054305797083834
2011-11-05,0.22402202457809092,0.20003098817724513
2011-11-12,0.15877827011316376,0.13834084166009525
2011-11-19,0.16759509546275606,0.1439880576942932
2011-11-26,0.1775346836235063,0.15048114811105018
2011-12-03,0.19986635039593884,0.17052960456225344
2011-12-10,0.20134361566776832,0.17509017154951137
2011-12-17,0.17795682638582075,0.1727189496989732
2011-12-24,0.16840903088100387,0.16387708191373643
2011-12-31,0.18949961472322535,0.1724519524560864
2012-01-07,0.19834431921136336,0.19163250553972538
2012-01-14,0.19838001689374893,0.18940586392883563
2012-01-21,-0.11537283468315428,0.18664608085822262
2012-01-28,-0.1473352509305976,0.18617704246002242
2012-02-04,0.055394590636044905,0.17535066946248043
2012-02-11,0.05658745255673763,0.1688650176629465
2012-02-18,0.05618107332962769,0.16973338920546185
2012-02-25,0.1536041353303644,0.17198355375983135
2012-03-03,0.14653972936719317,0.21429022977726583
2012-03-10,0.078628738048228,0.19855912091086825
2012-03-17,0.06405092842325481,0.20436744776774313
2012-03-24,0.05812591609529185,0.20807785413743318
2012-03-31,0.08306473897484956,0.22415657068663045
2012-04-07,0.08526061639929333,0.22055699952925759
2012-04-14,0.26383072656253687,0.22943840621295641
2012-04-21,0.39885515107629393,0.2508273280996816
2012-04-28,0.40668700169963146,0.24966811554749102
2012-05-05,0.42566215691737425,0.28031146493763665
2012-05-12,0.6908211555590581,0.2773703519774599
2012-05-19,0.7409807630681938,0.28459275519339955
2012-05-26,0.6132025904974691,0.2698681202321004
2012-06-02,0.5828885882889718,0.2664195435961561
2012-06-09,0.5754567977947395,0.26683707030617093
2012-06-16,0.5789274220721122,0.24914306083616863
2012-06-23,0.5966006784290107,0.24911512425844648
2012-06-30,0.5932689351649731,0.26913057880542846
2012-07-07,0.5442399061893165,0.2569459900769772
2012-07-14,0.5206455930292464,0.2557488771962268
2012-07-21,0.4726327993128389,0.04360497429899121
2012-07-28,0.48867846423953176,0.031619021946899355
2012-08-04,0.49342317515431333,0.2040361466218109
2012-08-11,0.4702009562072498,0.1973059041209418
2012-08-18,0.46282685110517596,0.19674610583459815
2012-08-25,0.5148643743466885,0.28547760254408383
2012-09-01,0.4911218964620258,0.272492115491043
2012-09-08,0.5390595419239266,0.25915895731006733
2012-09-15,0.5382139477692528,0.2553009553422865
2012-09-22,0.5521463675957222,0.2480678458001861
2012-09-29,0.4486049979362486,0.21508227458062654
2012-10-06,0.45039601168284765,0.2172674699741692
2012-10-13,0.39742439996198875,0.31514856305870204
2012-10-20,0.291638279144459,0.3605711898266461
2012-10-27,0.3104836334660118,0.3715827414943041
2012-11-03,0.09747638969492191,0.3283372495279005
2012-11-10,-0.15595732127756493,0.3515113793565888
2012-11-17,-0.21011086731823841,0.3343328431919876
2012-11-24,-0.12614127063428904,0.3349796189994809
2012-12-01,-0.11589844618148311,0.30447680195709487
2012-12-08,-0.1115987001385608,0.2978339270842889
2012-12-15,-0.09210950779167663,0.30478545434465615
2012-12-22,-0.1332766649756873,0.28794703556291706
2012-12-29,-0.1341239321816643,0.28499294138798126
2013-01-05,-0.13505251456280915,0.23700264091772727
2013-01-12,-0.12342652857453375,0.2339789618229452
2013-01-19,-0.10340605437317452,0.2171443028362098
2013-01-26,-0.1405061857955913,0.20882832416004923
2013-02-02,-0.11731803113318516,0.2230524684787461
2013-02-09,-0.10525270348626914,0.2223514609718983
2013-02-16,-0.10446754255228002,0.21815046538565697
2013-02-23,-0.08808541941005929,0.2652432353188636
2013-03-02,-0.15486021809186074,0.22748191028481324
2013-03-09,-0.16518720054329983,0.24147982527218917
2013-03-16,-0.2295460970384146,0.2395883035445435
2013-03-23,-0.23618178192776057,0.24465123266151018
2013-03-30,-0.21966559730438664,0.18812448987251315
2013-04-06,-0.31936714602836486,0.1331837861848017
2013-04-13,-0.10324586417339233,0.17578668734134145
2013-04-20,-0.002444526453127631,0.14446227165542108
2013-04-27,-0.06060273465424033,0.1356173729133814
2013-05-04,-0.0914016719723365,6.794705492621952e-05
2013-05-11,0.2762166072781499,0.01310015280057773
2013-05-18,0.29220581753929487,-0.014635454869854547
2013-05-25,0.29811816418847,0.05322997270387365
2013-06-01,0.3372775707783657,0.08409768857086919
2013-06-08,0.4382363555607493,0.1538414637643946
2013-06-15,0.37192151244760596,0.13373763677010092
2013-06-22,0.47864159270896733,0.13412249830830136
2013-06-29,0.2885966893935988,0.06811502412913469
2013-07-06,0.2879301585088694,0.06802177453623527
2013-07-13,0.30183405357078835,0.0801512406111857
2013-07-20,0.3291447327160749,0.11269725075348809
2013-07-27,0.34573607681193697,0.10506207352683242
2013-08-03,0.35432787663766213,0.124148092005401
2013-08-10,0.3546272225285938,0.13214671320651875
2013-08-17,0.20246920777985333,0.06274809947521166
2013-08-24,0.14331430908486453,0.03204911713297928
2013-08-31,0.15171139485612956,0.014338093923831468
2013-09-07,0.14247486868507317,0.005313826279899925
2013-09-14,0.1447539797945043,-0.019364960775081135
2013-09-21,0.10814767675085081,-0.036586650625815245
2013-09-28,0.14459532541942058,-0.01330161964621562
2013-10-05,0.30369453503388016,0.02436955116373717
2013-10-12,0.20940404343789124,0.04326661604303545
2013-10-19,0.11666940391592244,0.04597252563565876
2013-10-26,0.14087308684515715,0.020447336232396196
2013-11-02,0.1121133978479149,-0.004485079748596949
2013-11-09,0.09771590452350888,0.18858691025282276
2013-11-16,0.11789625519140673,0.20294125192338341
2013-11-23,0.15727421679693282,0.22419296815918777
2013-11-30,0.13492305359730225,0.23529715362756592
2013-12-07,-0.16997725388181567,0.1817061145885426
2013-12-14,-0.10980826445379956,0.17780617224400436
2013-12-21,-0.10091059576592115,0.22656738115846725
2013-12-28,0.10017311229040003,0.22694166539111146
2014-01-04,0.10691788806588143,0.22946413256821582
2014-01-11,0.2533718175930372,0.28426816514413744
2014-01-18,0.22358689864342296,0.28627329911771476
2014-01-25,0.21360310418011005,0.29234353508177485
2014-02-01,0.3012110113016384,0.33346176767034097
2014-02-08,0.3031323094590524,0.3336162152076293
2014-02-15,0.5574143351349995,0.32993997740894926
2014-02-22,0.5417213487529571,0.28921017056766934
2014-03-01,0.6142454013499435,0.33357706455983027
2014-03-08,0.6654324516975545,0.3474969225144085
2014-03-15,0.6658349319284278,0.3489503347843721
2014-03-22,0.6653561387504907,0.332241078386721
2014-03-29,0.5810128628231925,0.3331254285019265
2014-04-05,0.5018374525102025,0.38805594796867116
2014-04-12,0.49684657632023665,0.3378428210630844
2014-04-19,0.5055959681139892,0.2990632070887321
2014-04-26,0.5060888354519795,0.31546794470303924
2014-05-03,0.5352856039812586,0.31019306987789275
2014-05-10,0.5515665749187327,0.3178207474136748
2014-05-17,0.5543742710709844,0.32711425601204147
2014-05-24,0.5347430467508001,0.3275227991756483
2014-05-31,0.5153422511234109,0.3056721992847666
2014-06-07,0.7040243987866353,0.22056759754909683
2014-06-14,0.6980708545110964,0.25915551726420416
2014-06-21,0.7008558882283047,0.26015663847609644
2014-06-28,0.628161575420378,0.37352787880391825
2014-07-05,0.6240868598299268,0.37603431794383324
2014-07-12,0.5506026336404691,0.37683049173922395
2014-07-19,0.6239128752082141,0.4108650539146791
2014-07-26,0.6143995414765789,0.4046563099242399
2014-08-02,0.4778997468915814,0.3819221785198523
2014-08-09,0.4715020743083492,0.3762535314531411
2014-08-16,0.4837724497459247,0.5232923805492513
2014-08-23,0.4688839791473382,0.5027031635979398
2014-08-30,0.2726629434036014,0.47662029656766447
2014-09-06,0.20883111432077284,0.49354968860446385
2014-09-13,0.29778318201618087,0.5148352016545932
2014-09-20,0.2427496205476237,0.4872641471712932
2014-09-27,0.10304285039220872,0.389101411142101
2014-10-04,0.13679809024280473,0.33979279197174467
2014-10-11,-0.018144811134381215,0.2646416692492938
2014-10-18,-0.12422407052083184,0.21609583767671486
2014-10-25,-0.12459222525915978,0.21604235269829206
2014-11-01,-0.12599253304623415,0.22902634320294976
2014-11-08,-0.0342272839712664,0.27367956481685857
2014-11-15,-0.09005307355576268,0.2508817733973874
2014-11-22,-0.100302190716197,0.23192420309301726
2014-11-29,-0.10639434635174905,0.1997503132240673
2014-12-06,0.01966882584543529,0.3058804615255038
2014-12-13,-0.003399656306017638,0.2846101120918176
2014-12-20,-0.033546123012225586,0.2668418916139145
2014-12-27,-0.017511263323164918,0.25738658561636585
2015-01-03,0.04201553772052316,0.2768460212713083
2015-01-10,0.145588854003303,0.2810228434448325
2015-01-17,0.08932866980189416,0.29986477221234836
2015-01-24,0.12346815732743462,0.3172216917138705
2015-01-31,0.17919515441972145,0.2938881370273187
2015-02-07,0.19022667773591398,0.2956437024826344
2015-02-14,0.21147531053330815,0.3115779224081905
2015-02-21,0.22576120661836094,0.30580057213884143
2015-02-28,0.2372386552968643,0.24734795412926236
2015-03-07,0.15620850085822893,0.17313402109215678
2015-03-14,0.1723942430714907,0.2131435142469199
2015-03-21,0.1878488125311673,0.21386143653560832
2015-03-28,0.3190882950893056,0.2644468949834905
2015-04-04,0.39171942299745305,0.31839345574669603
2015-04-11,0.49656956379783107,0.33533520444470427
2015-04-18,0.5973595363519206,0.3472642188620176
2015-04-25,0.5883543305604341,0.3429609501779954
2015-05-02,0.5941647609648332,0.346210194701365
2015-05-09,0.581051941642104,0.3495821388991563
2015-05-16,0.541744450771753,0.30309531180918003
2015-05-23,0.5247281396828918,0.28987932948663736
2015-05-30,0.5685139748301875,0.29082543406576133
2015-06-06,0.5413290298899991,0.2939122732633533
2015-06-13,0.5771489064618859,0.3053035819475327
2015-06-20,0.6068924545847877,0.3172538515455808
2015-06-27,0.6107308529382539,0.32893465098027097
2015-07-04,0.5974070427147826,0.34448065497705344
2015-07-11,0.4741882384715535,0.3039945108990609
2015-07-18,0.4417431905621834,0.2611759523547236
2015-07-25,0.4179055996618458,0.2597221877861795
2015-08-01,0.3004466131213009,0.23316122179087742
2015-08-08,-0.2650363106649005,-0.10386915037449129
2015-08-15,-0.2927447536461064,-0.10597726374941081
2015-08-22,-0.2647054505758038,-0.08853181402566766
2015-08-29,-0.2565906258233844,-0.08521480218736308
2015-09-05,-0.20032525604088305,-0.08019870793232647
2015-09-12,-0.25945406537874366,-0.10804998107526294
2015-09-19,-0.25870716517756986,-0.1074418438024567
2015-09-26,-0.177605843083212,-0.027817165838417732
2015-10-03,-0.2678496739939765,-0.03043203673216219
2015-10-10,-0.15690944914408347,0.06895058864061057
2015-10-17,-0.1955948546371534,0.09902722853448713
2015-10-24,-0.19763179212442963,0.09287286562148134
2015-10-31,-0.2672697756504117,0.03681093461321657
2015-11-07,-0.3666580874241562,-0.05164114365068875
2015-11-14,-0.36175407178565444,-0.044566438450144276
2015-11-21,-0.33214874819051743,-0.030732332718665618
2015-11-28,-0.36190864253918986,-0.07729399428827283
2015-12-05,-0.36861270327446727,-0.101800890546162
2015-12-12,-0.3984546248621912,-0.10112307239991704
2015-12-19,-0.43730523228616913,-0.10045549721978476
2015-12-26,-0.5295677904851904,-0.22209421609440377
2016-01-02,-0.504733950237419,-0.20541053430811107
2016-01-09,-0.4864817796501212,-0.2270257587560385
2016-01-16,-0.4852752271118198,-0.2459860657218432
2016-01-23,-0.3268977339385883,-0.15941952872166468
2016-01-30,-0.30653638067442307,-0.16572274686579616
2016-02-06,-0.0875435907242551,-0.1629751444265837
2016-02-13,-0.10299274605935865,-0.18296376502007072
2016-02-20,-0.11137840175223923,-0.17944917490871948
2016-02-27,-0.11390933627372515,-0.17816312630723394
2016-03-05,-0.11439323594941352,-0.1577391567361568
2016-03-12,-0.10793686916369259,-0.18043999773195457
2016-03-19,-0.11075424380171475,-0.18239539830796392
2016-03-26,-0.22399039055329598,-0.20982241819013486
2016-04-02,-0.24933311651773118,-0.2610262580401633
2016-04-09,-0.3918294099660059,-0.2742692746754162
2016-04-16,-0.4011159716839504,-0.29064141103135654
2016-04-23,-0.3901648698648393,-0.2792977133186714
2016-04-30,-0.33744227791759457,-0.28337928382345495
2016-05-07,-0.24749607765207635,-0.2951939952618954
2016-05-14,-0.10973708951347957,-0.2357672668210896
2016-05-21,-0.111656566773087,-0.22468055091267425
2016-05-28,-0.005816482402151573,-0.20618298234663537
2016-06-04,0.020111012072656226,-0.191592449560732
2016-06-11,0.048366381074805544,-0.19670096654183353
2016-06-18,0.049157900332438574,-0.20958874488776683
2016-06-25,0.5567541921964584,-0.2085378118581473
2016-07-02,0.5265683161183589,-0.225760090806394
2016-07-09,0.5115831260433363,-0.21529833500781195
2016-07-16,0.5125426756140458,-0.21324696795790213
2016-07-23,0.3375478019832148,-0.21361367625094158
2016-07-30,0.28404351094766667,-0.2118759356044242
2016-08-06,0.3003902926902351,-0.00745359815569448
2016-08-13,0.3602603840863852,-0.003945787333229684
2016-08-20,0.34990484096990027,-0.01055856582628858
2016-08-27,0.38132082046206256,0.0005773409544534041
2016-09-03,0.39145726341215087,0.007295777568778913
2016-09-10,0.2982838860597387,-0.0077767863624048856
2016-09-17,0.296003417661967,-0.007795231215309245
2016-09-24,0.3377182178031673,-0.08178856451269712
2016-10-01,0.4484499628978018,-0.07954195218139447
2016-10-08,0.44298529281293714,-0.17423171075628996
2016-10-15,0.5695373032796789,-0.1747729462917587
2016-10-22,0.6365991556727334,-0.12148917803111209
2016-10-29,0.6901776932376231,0.0008521967416238433
2016-11-05,0.6896178023991494,0.07950064072237426
2016-11-12,0.6054449050753924,0.07547011678760918
2016-11-19,0.5310537640908055,0.06109025790582455
2016-11-26,0.019491702455432414,-0.01421049493428949
2016-12-03,-0.007265828891305338,-0.009519159107758607
2016-12-10,-0.059713255313133776,-0.010253188604888193
2016-12-17,-0.04657489024947252,-0.006715472996714193
2016-12-24,-0.013537231252133025,0.2875682407744052
2016-12-31,-0.03624393495232555,0.2677692201969464
2017-01-07,-0.04487637486355508,0.2527966960988056
2017-01-14,-0.03179833163777524,0.2571907439038408
2017-01-21,-0.03350699607246732,0.1414179225051555
2017-01-28,-0.009717759679091914,0.1362803291829832
2017-02-04,-0.04296805976849022,0.11608033359850288
2017-02-11,-0.04329273632904511,0.1358647422400785
2017-02-18,-0.012489117323347057,0.13864973768964822
2017-02-25,-0.05690661011046379,0.13703784917307515
2017-03-04,-0.06841199779362246,0.13937902868095442
2017-03-11,0.013397927065403168,0.1547292719579028
2017-03-18,0.03678434332307315,0.16713392409924896
2017-03-25,0.04356178395182361,0.18761327237221362
2017-04-01,0.059632638587262345,0.23794988753723778
2017-04-08,0.05028105670770463,0.22976135857717989
2017-04-15,0.1263775951402604,0.3139428057968825
2017-04-22,-0.06294425037824286,0.3055763856572503
2017-04-29,-0.24428480730730143,0.3047776865394752
2017-05-06,-0.2100694149085527,0.3120516289587292
2017-05-13,-0.1970055450682238,0.23599499758201903
2017-05-20,-0.17129313948394942,0.22321909553550692
2017-05-27,0.7806742265694439,0.19721259136436844
2017-06-03,0.7871890904165953,0.17643383706011814
2017-06-10,0.7790720155531723,0.1492413284467678
2017-06-17,0.6892702093210159,0.14431558006371453
2017-06-24,0.6653399296135337,0.14179719940168398
2017-07-01,0.3806746987494211,0.0869328800419192
2017-07-08,0.3956529612781988,0.08915607210523756
2017-07-15,0.3698513505185363,0.08298770249087724
2017-07-22,0.3723632048626235,0.08434640856730694
2017-07-29,0.37783138723508514,0.10857956410660186
2017-08-05,0.4328659523101966,0.09437211495664893
2017-08-12,0.4324159723990069,0.09408815071245104
2017-08-19,0.34732820176876905,0.08521081143295943
2017-08-26,0.3354462644669961,0.054998781998379424
2017-09-02,0.38150683510299827,0.06964307297903806
2017-09-09,0.3637071216331421,0.1238217101634278
2017-09-16,0.3336903860433346,0.1279902536771403
2017-09-23,0.3414476548340982,0.13346940739419347
2017-09-30,0.3131743686956002,0.13191148668755728
2017-10-07,0.31196615463192084,0.12536905112592256
2017-10-14,0.09493789757990186,0.12074934049756982
2017-10-21,0.14504164489418525,0.01060275167715285
2017-10-28,0.22841532742189447,-0.0706127633073016
2017-11-04,0.21619894972252757,-0.06024390531410892
2017-11-11,0.2127521711160076,-0.047910525162753514
2017-11-18,0.20493230546793945,-0.0242465633514935
2017-11-25,0.21893357505833888,0.4927837455163674
2017-12-02,0.19871723081486864,0.4874969587489157
2017-12-09,0.2069862725523895,0.48844749661990433
2017-12-16,0.28019423579579267,0.4977318518321923
2017-12-23,0.45555419973963074,0.5454625982194921
2017-12-30,0.7549365214271522,0.5469360886902582
2018-01-06,0.7476990103202005,0.5501325773634842
2018-01-13,0.7410210671200747,0.5424783109081158
2018-01-20,0.165663097273166,0.24744484611111814
2018-01-27,-0.4329857244641389,-0.17687939926078125
2018-02-03,-0.304873883674715,-0.08125518116929072
2018-02-10,-0.3075347658989615,-0.08154142253097221
2018-02-17,-0.19310014451433558,-0.05111044711799468
2018-02-24,-0.21713909000889803,-0.06444884854949297
2018-03-03,-0.23301730527385842,-0.06572981426527467
2018-03-10,0.02436903556457723,0.08699889507343116
2018-03-17,0.02940401436377923,0.08169301784993395
2018-03-24,0.026514025948526164,0.0799796427346667
2018-03-31,0.019623691582803002,0.06761495441146467
2018-04-07,0.011591447186956793,0.062382784898551695
2018-04-14,0.025579497489533372,0.025515520454343753
2018-04-21,0.002554195489139332,0.019846348889913875
2018-04-28,-0.0032739040405058042,0.03863112776090788
2018-05-05,-0.009517094406987194,0.03118562183858216
2018-05-12,-0.006373793001415423,0.029847792841554064
2018-05-19,-0.005357963789666137,0.0333664669998644
2018-05-26,-0.013696369443491114,0.02701414465906131
2018-06-02,-0.00718484928427529,0.02739758113295823
2018-06-09,-0.031097792347835575,0.006422157081893033
2018-06-16,-0.009511938486058486,0.02889937627482295
2018-06-23,-0.07778466330909557,0.029487707875554908
2018-06-30,-0.09468157804526786,0.06066854639526776
2018-07-07,-0.10260510564910505,0.0535023650450924
2018-07-14,-0.092138092497368,0.05874873765143759
2018-07-21,0.015218624281864943,0.05964335257150866
2018-07-28,0.6400544920322558,0.05213831098505231
2018-08-04,0.5589967107744929,0.0521958257462175
2018-08-11,0.5685906664730684,0.05929510679229779
2018-08-18,0.533128881622922,0.06518431300963873
2018-08-25,0.6130855821560127,0.0947853546109477
2018-09-01,0.6249265391845158,0.08291413031072885
2018-09-08,0.2902106093955002,0.06425412374243518
2018-09-15,0.25457365576941904,0.06307255591499142
2018-09-22,0.2582414159600028,0.06480521807103005
2018-09-29,0.369160582154108,0.11114298202631993
2018-10-06,0.3889380257673264,0.11091034729057632
2018-10-13,0.14665139015022768,0.0689271726366899
2018-10-20,0.035014688682594095,0.018662375224792877
2018-10-27,-0.0481546810195733,0.0009667797896087645
2018-11-03,-0.029489692748715855,0.007064533002672892
2018-11-10,0.1251419605809534,0.06399179380737413
2018-11-17,0.023467049559817345,0.02357689234447606
2018-11-24,-0.18744784032107684,-0.06415959887755765
2018-12-01,-0.22219737256376534,-0.06589526085101563
2018-12-08,-0.2815098032461006,-0.10104225842381215
2018-12-15,-0.2752898194705922,-0.0986229286372169
2018-12-22,-0.2916964675639303,-0.151087653160363
2018-12-29,-0.2958798050188411,-0.1650561321986499
2019-01-05,-0.19215386950603466,-0.13556462181478687
2019-01-12,-0.21345121149099835,-0.13629116585364087
2019-01-19,-0.21807468512485179,-0.08631581511929882
2019-01-26,-0.22075625026344953,0.11838611963690324
2019-02-02,-0.217055815906267,0.051035984980198304
2019-02-09,-0.24432637140822325,0.04825196368369939
2019-02-16,-0.23348624383854719,0.028463588081999634
2019-02-23,-0.24494736957975358,0.0446983355324472
2019-03-02,-0.11806727519946424,0.11487418527349275
2019-03-09,-0.07214837899865881,0.010251231497675909
2019-03-16,-0.054362602582538264,0.01028281605311006
2019-03-23,-0.04728923413668973,0.018853600342742968
2019-03-30,-0.1233950776620115,0.01752803586997791
2019-04-06,-0.12166413030170393,0.023385798102686556
2019-04-13,-0.030158914919047937,0.030094628109356092
2019-04-20,0.02448575227125132,0.03770621352584286
2019-04-27,0.15847376234958613,0.09753784879450328
2019-05-04,0.14740037142621748,0.0982787063963777
2019-05-11,0.03113154674951868,0.09316015007247888
2019-05-18,0.15826063183449132,0.11285974661355574
2019-05-25,0.4987970540649074,0.19122885625874694
2019-06-01,0.49793914999817607,0.18494088389365113
2019-06-08,0.6111496831855907,0.16621621382640878
2019-06-15,0.6069039753207235,0.15103487787284506
2019-06-22,0.6279725884651968,0.16464443426083572
2019-06-29,0.667649739451522,0.17506656321729652
2019-07-06,0.6533780721371693,0.18019535380899196
2019-07-13,0.6380501738380389,0.1682210826343649
2019-07-20,0.5356616432745388,0.14459986856409446
2019-07-27,0.5524174353421506,0.14945488279725866
2019-08-03,0.5826344962514078,0.1511591673560167
2019-08-10,0.5784605427001346,0.1402493537395416
2019-08-17,0.5292318066202613,0.12929113188105246
2019-08-24,0.47933029137758837,0.102191798580623
2019-08-31,0.41451032022193757,0.09897443892220555
2019-09-07,0.39060674340254603,0.11254204958553989
2019-09-14,0.3495942649417866,0.10452041116059543
2019-09-21,0.3376074892496077,0.10036675709409881
2019-09-28,0.3932319745684928,0.09794827497220071
2019-10-05,0.3913591330936437,0.09775103342791383
2019-10-12,0.36053931535458816,0.14639414114108762
2019-10-19,0.35351053057688536,0.17996986478433105
2019-10-26,0.24496517280690489,0.19290413010620122
2019-11-02,0.24149935534541955,0.1843973199941881
2019-11-09,0.25151117793293665,0.12083199605288715
2019-11-16,0.17888713666084635,0.16109743200240603
2019-11-23,-0.06739577833803506,0.31041665517918965
2019-11-30,-0.07615304681776197,0.3042497836605992
2019-12-07,0.07577274968623758,0.42719356672475706
2019-12-14,0.07509604746457683,0.42293820011504835
2019-12-21,0.008093190692744848,0.4327610380926938
2019-12-28,0.04537535473116421,0.46049418901447253
2020-01-04,0.03600336275575855,0.44089064741089296
2020-01-11,0.07565982295964961,0.4443939964340482
2020-01-18,0.4440497760963029,0.5024767023949983
2020-01-25,0.5346995981751416,0.5460497025220526
2020-02-01,0.5519087435568774,0.5711013712851679
2020-02-08,0.5894428583075725,0.5787602634184587
2020-02-15,0.852888956405328,0.7309422057329983
2020-02-22,0.8692039430996438,0.7225840369617881
2020-02-29,0.08400762037559563,0.14426010662028058
2020-03-07,-0.22826744677243999,-0.14886620239258677
2020-03-14,-0.3717234268550335,-0.2757652596349641
2020-03-21,-0.3727930167727909,-0.28091344856775047
2020-03-28,-0.5115330219358246,-0.39665281045040923
2020-04-04,-0.5027336009021438,-0.39118590353068305
2020-04-11,-0.5017653549115285,-0.3940454650610154
2020-04-18,-0.4974041052792019,-0.3916921798383738
2020-04-25,-0.50360775343127,-0.4191905676041127
2020-05-02,-0.49817493706937443,-0.41446608432431903
2020-05-09,-0.45011732645941066,-0.37772718877338846
2020-05-16,-0.4332215587649913,-0.37524864516285994
2020-05-23,-0.3194656665319662,-0.30298308829606696
2020-05-30,-0.2873559519285622,-0.27630401724901094
2020-06-06,-0.2833132518830947,-0.263758845492807
2020-06-13,-0.27262193304460564,-0.2542681242139077
2020-06-20,-0.24077992843086693,-0.22858474688171854
2020-06-27,-0.24867683890194897,-0.2335794589755195
2020-07-04,-0.24977768675676731,-0.2353178456297205
2020-07-11,-0.24698993562906074,-0.2303663020863972
2020-07-18,-0.271375824053656,-0.2281955852060889
2020-07-25,-0.2954834415684853,-0.23525918792374861
2020-08-01,-0.298853550955026,-0.23466139472348685
2020-08-08,-0.3034637272135465,-0.2343050652235677
2020-08-15,-0.536754673854207,-0.22432740476708732
2020-08-22,-0.5392654064504423,-0.22505786816151824
2020-08-29,-0.40894789378006985,-0.2225177517753368
2020-09-05,-0.14755216072601243,-0.21971835989948463
2020-09-12,0.03335121113880785,-0.2237509890620966
2020-09-19,0.04950545885348751,-0.21620554554850094
2020-09-26,0.6307511700966615,-0.23056163718069012
2020-10-03,0.6346049706223559,-0.2303067432665673
2020-10-10,0.639750005187501,-0.22811593493934154
2020-10-17,0.5359249159127087,-0.23275263206393224
2020-10-24,0.3416868541752105,-0.2605927326637751
2020-10-31,0.27504220043314537,-0.26998619671706253
2020-11-07,0.23141949230718792,-0.26991884186240334
2020-11-14,0.20787840136934088,-0.2706079265330157
2020-11-21,-0.05908547164473908,-0.27134683396381865
2020-11-28,-0.1474077937200533,-0.26729936857361164
2020-12-05,-0.13147274090078004,-0.26035756082240646
2020-12-12,-0.18089008805789636,-0.2599625761066533
2020-12-19,-0.36847989797421493,-0.2608462744732227
2020-12-26,-0.3435052439589458,-0.2621224296217694
2021-01-02,-0.3472122570785229,-0.2628667099078527
2021-01-09,-0.33761484727115265,-0.259478690869152
2021-01-16,-0.2195850043380905,-0.2637551717598228
2021-01-23,-0.2782771811692062,-0.2929045691140007
2021-01-30,-0.2885005213563061,-0.29754660364606583
2021-02-06,-0.28975762341836214,-0.30083077042622386
2021-02-13,-0.39881492599937834,-0.4947891256794896
2021-02-20,-0.3780547909878284,-0.4947331954678587
2021-02-27,-0.4205598420481171,-0.39943648025149014
2021-03-06,-0.43827052012797807,-0.22728091235334663
2021-03-13,-0.40762024406511,-0.1016844335150905
2021-03-20,-0.46818216026036974,-0.09556386699819794
2021-03-27,-0.46380012810850163,0.17398817834938438
2021-04-03,-0.442215026961212,0.17186740387939664
2021-04-10,-0.4301756364977169,0.17963323150506436
2021-04-17,-0.3589260937483927,0.18258447333768618
2021-04-24,-0.22544577350413073,0.18145432285885518
2021-05-01,-0.17343298468482363,0.17115034225872425
2021-05-08,-0.17426017519031625,0.1283547660891582
2021-05-15,-0.1656906591282835,0.11193903545584828
2021-05-22,-0.16653145093942542,-0.0945011691667939
2021-05-29,-0.1949649401592896,-0.16273126653854383
2021-06-05,-0.3208611365841254,-0.18926821895073115
2021-06-12,-0.3407031091436545,-0.2288363980023871
2021-06-19,-0.34515085875147594,-0.3546632961817799
2021-06-26,-0.37916522642075695,-0.3465765321779725
2021-07-03,-0.35378159192521297,-0.34246271291974073
2021-07-10,-0.3416853676123343,-0.32622020815998104
2021-07-17,-0.5519456585588667,-0.32553697695531625
2021-07-24,-0.47377904260700965,-0.31921957691172287
2021-07-31,-0.44806526453378337,-0.321966239159493
2021-08-07,-0.42107002305666763,-0.3157948331684883
2021-08-14,-0.17963111111748029,-0.3488950237557874
2021-08-21,-0.1809359366891858,-0.329735598635443
2021-08-28,0.05710764233549956,-0.3197286233296138
2021-09-04,0.06334375780707122,-0.3286716738212265
2021-09-11,0.08071769001732307,-0.30027005242257715
2021-09-18,0.1865997326533304,-0.301331833728313
2021-09-25,0.35472856163610816,-0.2877882174345396
2021-10-02,0.09433689968141883,-0.30631361092315756
2021-10-09,0.08204106975199763,-0.3015247317147108
2021-10-16,0.1330645388152189,-0.2246479842353706
2021-10-23,-0.02689053760482222,-0.14951317977153114
2021-10-30,0.02596163112607638,-0.09396417643177579
2021-11-06,0.037435689359622486,-0.09124296488383177
2021-11-13,0.22062300122997042,0.012408018721342045
2021-11-20,0.22708249824161256,0.018954871704045258
2021-11-27,0.1768527752267847,-0.0097314058075117
2021-12-04,0.1366769283621773,-0.09009987238990534
2021-12-11,0.10740696981720875,-0.11654578829938574
2021-12-18,0.12047494739609096,-0.11582355654189
2021-12-25,0.12092617025485027,-0.12846685402739041
2022-01-01,0.10028551018060589,-0.12709439169684664
2022-01-08,-0.1758537368259177,-0.25131857878302716
2022-01-15,-0.2538784974773312,-0.3730899657348364
2022-01-22,-0.22056185225395034,-0.30862294086597586
2022-01-29,-0.2442892206888883,-0.3086504239437648
2022-02-05,-0.31403197500286945,-0.3490963336670462
2022-02-12,-0.35224427627432037,-0.30389877602184795
2022-02-19,-0.541471219593366,-0.465471470810945
2022-02-26,-0.539246447615598,-0.4307572023317506
2022-03-05,-0.6656019631569338,-0.548482396194312
2022-03-12,-0.6672155585529546,-0.5472215038430213
2022-03-19,-0.7262409234043635,-0.5598204607166898
2022-03-26,-0.7325359728227743,-0.5598121756932942
2022-04-02,-0.7221103530219725,-0.57930539228634
2022-04-09,-0.7213559569095458,-0.5849095418546305
2022-04-16,-0.7515915565064066,-0.5998748028624373
2022-04-23,-0.7489157979764016,-0.6210448272532063
2022-04-30,-0.74355051008905,-0.6157462089134139
2022-05-07,-0.7481701891393459,-0.617387866019321
2022-05-14,-0.9053610795100469,-0.6507656753383652
2022-05-21,-0.9214396897079739,-0.6465215967175455
2022-05-28,-0.9286611550614862,-0.6574965345924267
2022-06-04,-0.8700089429261361,-0.6419076998469059
2022-06-11,-0.8728489204844837,-0.6488266163768218
2022-06-18,-0.8735731460889694,-0.6480567247983555
2022-06-25,-0.8905523159001979,-0.6592568697473273
2022-07-02,-0.8869809680859553,-0.6632198542391512
2022-07-09,-0.8900620006902624,-0.7078550351155556
2022-07-16,-0.8655112183576885,-0.6947674140973862
2022-07-23,-0.8733227602337863,-0.6892048824701695
2022-07-30,-0.8616057898960797,-0.6885542543044266
2022-08-06,-0.8469972574677831,-0.6863441862710222
2022-08-13,-0.8462881745776024,-0.6983757265220787
2022-08-20,-0.8274782412961884,-0.7137139899842052
2022-08-27,-0.7847999561054971,-0.6889675781812219
2022-09-03,-0.6912763047694518,-0.6783972617729486
2022-09-10,-0.6866698405119683,-0.6786054441740845
2022-09-17,-0.6873813241924049,-0.7102860324910412
2022-09-24,-0.6892788460487315,-0.7097382493398076
2022-10-01,-0.6894278307703338,-0.7026505353067862
2022-10-08,-0.7130625215736325,-0.71297447806478
2022-10-15,-0.7228730308778386,-0.7328996651271291
2022-10-22,-0.7023916363572256,-0.7231424604439817
2022-10-29,-0.761297534809374,-0.757753530175722
2022-11-05,-0.7588769927020746,-0.7604702010411059
2022-11-12,-0.7317263078548959,-0.8094417753655291
2022-11-19,-0.73245881860133,-0.8150453550302116
2022-11-26,-0.6682573848932915,-0.7878880815611088
2022-12-03,-0.6862792987211617,-0.7881849125971445
2022-12-10,-0.6746929973473222,-0.7840748541050235
2022-12-17,-0.6706912411634962,-0.7856998428480576
2022-12-24,-0.6183173863937642,-0.7715905200555431
2022-12-31,-0.6458141165191587,-0.7801406384339828
2023-01-07,-0.628455628150545,-0.7742918747814344
2023-01-14,-0.6716215065059117,-0.7778929146005403
2023-01-21,-0.6869486538242561,-0.7884983570149169
2023-01-28,-0.6897521003906114,-0.7805936427171813
2023-02-04,-0.6916975894696407,-0.7748327367792409
2023-02-11,-0.6511514553851326,-0.7561580098075079
2023-02-18,-0.6136028132130712,-0.7343584266354106
2023-02-25,-0.6415321585945958,-0.7134382252370107
2023-03-04,-0.642702137163816,-0.6776329524158542
2023-03-11,-0.5683413983782987,-0.658691766305715
2023-03-18,-0.48062946276187873,-0.6376618639718514
2023-03-25,-0.49420628013112033,-0.6329076531934812
2023-04-01,-0.46642417619632043,-0.6226187733622909
2023-04-08,-0.44473814646351106,-0.6209583540598388
2023-04-15,-0.4208761759689893,-0.613106183587268
2023-04-22,-0.42704946158795215,-0.5945815425642614
2023-04-29,-0.15201341006351224,-0.5959977053979899
2023-05-06,-0.09702943846694596,-0.5699623923673052
2023-05-13,-0.09147341580416703,-0.5414959310749317
2023-05-20,-0.056883944902767804,-0.5270743461600071
2023-05-27,-0.13501810597247352,-0.5065063194936085
2023-06-03,-0.11748329754757844,-0.5103358278215309
2023-06-10,-0.028086056890386294,-0.4672322926601546
2023-06-17,0.027365241239569307,-0.43846218659939684
2023-06-24,-0.010678991639592756,-0.4165745953832906
2023-07-01,0.0974377740775876,-0.4206314999942176
2023-07-08,0.12021352580188456,-0.39994273906982436
2023-07-15,0.27824059715267,-0.4075247493307436
2023-07-22,0.3815300089764879,-0.3859562666630464
2023-07-29,0.3730241936009485,-0.3917095234846976
2023-08-05,0.30259744516721576,-0.4025532259729266
2023-08-12,0.269560050814847,-0.3901613275439016
2023-08-19,0.4133433376477859,-0.30308925164727196
2023-08-26,0.35183531645295446,-0.33652095619568745
2023-09-02,0.3510109796808323,-0.33276938776310055
2023-09-09,0.42074538984365545,-0.24814993701584542
2023-09-16,0.41871452366471446,-0.22525875774435145
2023-09-23,0.42080033573178005,-0.22757476036082258
2023-09-30,0.408311545640865,-0.22164696777907641
2023-10-07,0.4738557686871962,-0.1454379346683573
2023-10-14,0.438276536957997,-0.1258097637041871
2023-10-21,0.011876579432376381,-0.23079438848269027
2023-10-28,0.021261748496899314,-0.05320263397562599
2023-11-04,0.010324277618697059,-0.03316095675926424
2023-11-11,0.006119114600229137,-0.03741021299159401
2023-11-18,-0.014593858493907862,-0.03175522297108049
2023-11-25,0.013025048164916304,-0.049559856093189074
2023-12-02,0.11152366257772642,0.001696196181045507
2023-12-09,0.058583534551809625,0.006971844099307372
2023-12-16,0.01819065320031921,0.01063503847187204
2023-12-23,0.03605209223378645,0.005696289883902078
2023-12-30,0.07796496052925134,0.07896587927118569
2024-01-06,0.0786571270699498,0.08846023963889811
2024-01-13,0.15394346975980053,0.19793416383726994
2024-01-20,0.1108443108148663,0.22778000196913784
2024-01-27,0.112856622147397,0.22477912055759186
2024-02-03,0.15198778725567003,0.2227964930900214
2024-02-10,0.17718491268067002,0.2171565417153916
2024-02-17,0.1604852049513159,0.2665063780621222
2024-02-24,0.15105878965885583,0.2300873992174838
2024-03-02,0.1504229652339462,0.22906236560203605
2024-03-09,0.054448606554839823,0.23615389209997584
2024-03-16,0.04550436697496874,0.23766875965378792
2024-03-23,0.08395008457778763,0.2507205522194121
2024-03-30,0.07696218480774092,0.24115978805163008
2024-04-06,-0.04396093160702937,0.24339280456096285
2024-04-13,-0.045436923873446396,0.23994741290954094
2024-04-20,0.6446359969685407,0.23332276665092225
2024-04-27,0.6676981384317463,0.26036082498848845
2024-05-04,0.7431671052926788,0.2460288982282174
2024-05-11,0.7523512211833979,0.23579039799052004
2024-05-18,0.7556621377948476,0.22455281570388388
2024-05-25,0.6490994222669286,0.20977013804273215
2024-06-01,0.6424458854303743,0.27698558840681253
2024-06-08,0.6423861094520164,0.24358404947147477
2024-06-15,0.6432672451958332,0.22755781629001298
2024-06-22,0.6192621532952146,0.23492768416713003
2024-06-29,0.6538071599494225,0.28021830325198077
2024-07-06,0.7567193094894933,0.35987256950330027
2024-07-13,0.7332297642560841,0.361650746059685
2024-07-20,0.7752779851727398,0.378870415880696
2024-07-27,0.7716764223174096,0.3746879236178033
2024-08-03,0.3253638533792112,0.23669477661118546
2024-08-10,0.30708491912314884,0.24016335845303877
2024-08-17,0.2906484026673681,0.22440848384409387
2024-08-24,0.049271063895344136,0.09524085163933242
2024-08-31,-0.041959377521994246,0.046296307270604874
2024-09-07,-0.08343129354926604,-0.00672737315102508
2024-09-14,-0.11425151085392023,-0.02445196614918119
2024-09-21,-0.1370758312747795,-0.025084777874523786
2024-09-28,-0.11377791846060331,-0.019297729348719147
2024-10-05,-0.12891666004445626,-0.08085403063063583
2024-10-12,-0.12779124791418506,-0.0707716880251554
2024-10-19,-0.13607071225661374,0.10838428793480867
2024-10-26,-0.2343722640666593,0.08940829057995982
2024-11-02,-0.2341277025362594,0.09544858839626033
2024-11-09,-0.23451511433295844,0.09582431328522245
2024-11-16,-0.2356718682093643,0.08645669737593027
2024-11-23,-0.21317862732336337,0.06702893869064308
2024-11-30,-0.21081666504664587,0.05780001291066014
2024-12-07,-0.1976683291371415,0.07244655010177944
2024-12-14,-0.19251351194296482,0.0731401745486091
2024-12-21,-0.27096608110772014,0.04058313518322681
2024-12-28,-0.28615974762950575,0.04163564503817034
2025-01-04,-0.48357918238732833,0.04408675441532869
2025-01-11,-0.3893515635806205,0.027819995895300775
2025-01-18,-0.5558735821268022,0.02664764192992507
2025-01-25,-0.5571295141141368,0.01830280111181602
2025-02-01,-0.25146956997641634,0.07407586905688689
2025-02-08,-0.254086997021152,0.056884801690724754
2025-02-15,-0.25021036778066014,0.04396618067139305
2025-02-22,0.0958417428797347,0.06092420055875157
2025-03-01,0.33598935046404593,0.07140037740241031
2025-03-08,0.3302198274214182,0.04502532687814867
2025-03-15,0.463723156635397,0.05267113928740936
2025-03-22,0.5703927920590576,0.10458256714742817
2025-03-29,-0.14918784463366694,-0.13768192968594964
2025-04-05,-0.044513327672844855,-0.09900067773358372
2025-04-12,-0.1383230050443136,-0.1372586632584336
2025-04-19,-0.09852659440115284,-0.11550728973464165
2025-04-26,-0.07574146929347102,-0.14585579098417503
2025-05-03,-0.04708843212369585,-0.11665777021712467
2025-05-10,0.0008297184932522726,-0.09251855180319819
2025-05-17,-0.005435825159044474,-0.09778859524465014
2025-05-24,0.014708509260780753,-0.08445649063247102
2025-05-31,0.044990801030360385,-0.06741528814592347
2025-06-07,0.023897381565416913,-0.06968853965024743
2025-06-14,0.0019961834486001595,-0.07594124709347237
2025-06-21,0.005185699465745721,-0.09617003594188332
2025-06-28,0.0068912406555775374,-0.09825530172103243
2025-07-05,0.007572985365597177,-0.1796718393244967
2025-07-12,-0.02776562797132913,-0.18027339391949113
2025-07-19,0.034225290370874184,-0.18850485246550946
2025-07-26,0.08694521780909291,-0.14744739266615703
2025-08-02,0.03182223217043719,-0.061531582106790605
2025-08-09,0.029103701390011092,-0.06595385574389238
2025-08-16,0.02485878270079989,-0.06871245170373289
2025-08-23,0.002947874398914526,0.024855453618534813
2025-08-30,-0.01024640205890886,0.08186625385167168
2025-09-06,-0.018955856420531037,0.07324386622048622
