date,base_corr_26w,combo_corr_26w,base_corr_52w,combo_corr_52w
2008-11-29,,,,
2008-12-06,,,,
2008-12-13,,,,
2008-12-20,,,,
2008-12-27,,,,
2009-01-03,,,,
2009-01-10,,,,
2009-01-17,,,,
2009-01-24,,,,
2009-01-31,,,,
2009-02-07,,,,
2009-02-14,,,,
2009-02-21,,,,
2009-02-28,,,,
2009-03-07,,,,
2009-03-14,,,,
2009-03-21,,,,
2009-03-28,,,,
2009-04-04,,,,
2009-04-11,,,,
2009-04-18,,,,
2009-04-25,,,,
2009-05-02,,,,
2009-05-09,,,,
2009-05-16,,,,
2009-05-23,-0.6160962478108785,-0.6160962478108785,,
2009-05-30,-0.6927575829698518,-0.6927575829698518,,
2009-06-06,-0.6982562431362984,-0.6982562431362984,,
2009-06-13,-0.7238958171168891,-0.7238958171168891,,
2009-06-20,-0.8341388980702655,-0.8341388980702655,,
2009-06-27,-0.8351496473899518,-0.8351496473899518,,
2009-07-04,-0.8720039198853082,-0.8720039198853082,,
2009-07-11,-0.8806382893849183,-0.8806382893849183,,
2009-07-18,-0.877955489657956,-0.877955489657956,,
2009-07-25,-0.8683417761035671,-0.8683417761035671,,
2009-08-01,-0.8515670493764769,-0.8515670493764769,,
2009-08-08,-0.8250357342805478,-0.8250357342805478,,
2009-08-15,-0.8110545239852032,-0.8110545239852032,,
2009-08-22,-0.7570059500700228,-0.7570059500700228,,
2009-08-29,-0.6245139919718713,-0.6245139919718713,,
2009-09-05,-0.6105445263954802,-0.6105445263954802,,
2009-09-12,-0.613607188278787,-0.613607188278787,,
2009-09-19,-0.5635463889892228,-0.5635463889892228,,
2009-09-26,-0.46034589485439625,-0.46034589485439625,,
2009-10-03,-0.44823987344926175,-0.44823987344926175,,
2009-10-10,-0.44812652549347076,-0.44812652549347076,,
2009-10-17,-0.2858059460456474,-0.2858059460456474,,
2009-10-24,-0.221186043858305,-0.221186043858305,,
2009-10-31,-0.10460579962384577,-0.10460579962384577,,
2009-11-07,-0.09343402996816173,-0.09343402996816173,,
2009-11-14,-0.06867063583993543,-0.06867063583993543,,
2009-11-21,-0.03260728509306202,-0.03260728509306202,-0.4293168860240995,-0.4293168860240995
2009-11-28,-0.029426536551263326,-0.029426536551263326,-0.4701452987503475,-0.4701452987503475
2009-12-05,-0.004399308928051934,-0.004399308928051934,-0.4699173820725043,-0.4699173820725043
2009-12-12,0.02814111112062621,0.02814111112062621,-0.470130616082182,-0.470130616082182
2009-12-19,0.06722018601152284,0.06722018601152284,-0.5244204209560137,-0.5244204209560137
2009-12-26,0.12068439109746959,0.12068439109746959,-0.5115898275739302,-0.5115898275739302
2010-01-02,0.7846770358038093,0.7846770358038093,-0.5158832830526053,-0.5158832830526053
2010-01-09,0.9060254645647823,0.9060254645647823,-0.5073255592309086,-0.5073255592309086
2010-01-16,0.9116642210797753,0.9116642210797753,-0.4908498075371808,-0.4908498075371808
2010-01-23,0.9117897491828509,0.9117897491828509,-0.4376121011794424,-0.4376121011794424
2010-01-30,0.904611862456735,0.904611862456735,-0.4029252300160355,-0.4029252300160355
2010-02-06,0.9033342512422636,0.9033342512422636,-0.33427307033688053,-0.33427307033688053
2010-02-13,0.894582655417313,0.894582655417313,-0.30770396686313206,-0.30770396686313206
2010-02-20,0.8429972884242637,0.8429972884242637,-0.24153839507966335,-0.24153839507966335
2010-02-27,0.8312571357408995,0.8312571357408995,-0.12360084655765814,-0.12360084655765814
2010-03-06,0.8278810001112428,0.8278810001112428,-0.11168595085412764,-0.11168595085412764
2010-03-13,0.8236691067483882,0.8236691067483882,-0.13537551186101343,-0.13537551186101343
2010-03-20,0.8166248456757539,0.8166248456757539,-0.12154829132377039,-0.12154829132377039
2010-03-27,0.7882779623390035,0.7882779623390035,-0.11532185831861204,-0.11532185831861204
2010-04-03,0.7837177891076736,0.7837177891076736,-0.09938030335639554,-0.09938030335639554
2010-04-10,0.7833200887033231,0.7833200887033231,-0.09820470013883949,-0.09820470013883949
2010-04-17,0.6182781009475549,0.6182781009475549,-0.10173594251677719,-0.10173594251677719
2010-04-24,0.6043566823629732,0.6043566823629732,-0.03202695570497506,-0.03202695570497506
2010-05-01,0.6141881592420356,0.6141881592420356,0.05587039923642405,0.05587039923642405
2010-05-08,0.601391773214272,0.601391773214272,0.06721537685813866,0.06721537685813866
2010-05-15,0.6009045115435817,0.6009045115435817,0.10008103125713795,0.10008103125713795
2010-05-22,0.6082941097962427,0.6082941097962427,0.1313062208811287,0.1313062208811287
2010-05-29,0.618884278224318,0.618884278224318,0.13795297770535267,0.13795297770535267
2010-06-05,0.6366603142578842,0.6366603142578842,0.16538581744481182,0.16538581744481182
2010-06-12,0.5255770762070443,0.5255770762070443,0.1410581768041352,0.1410581768041352
2010-06-19,0.5873994973296379,0.5873994973296379,0.201497503422097,0.201497503422097
2010-06-26,0.5880709486817791,0.5880709486817791,0.2346335080641489,0.2346335080641489
2010-07-03,0.5890264802004074,0.5890264802004074,0.6340927563459641,0.6340927563459641
2010-07-10,0.5789996072800907,0.5789996072800907,0.6929354397677666,0.6929354397677666
2010-07-17,0.5790144382147655,0.5790144382147655,0.6936767320450854,0.6936767320450854
2010-07-24,0.568803432885842,0.568803432885842,0.6965729807346294,0.6965729807346294
2010-07-31,0.6046283666492499,0.6046283666492499,0.7063220303159908,0.7063220303159908
2010-08-07,0.585176805555104,0.585176805555104,0.7044498811779756,0.7044498811779756
2010-08-14,0.5862956572391372,0.5862956572391372,0.7042342573741235,0.7042342573741235
2010-08-21,0.629537917752869,0.629537917752869,0.7011322792645607,0.7011322792645607
2010-08-28,0.6478207542517512,0.6478207542517512,0.6940053876682344,0.6940053876682344
2010-09-04,0.6493902669617845,0.6493902669617845,0.6926484332879134,0.6926484332879134
2010-09-11,0.6457518728213556,0.6457518728213556,0.6916731288306205,0.6916731288306205
2010-09-18,0.6422018775365492,0.6422018775365492,0.6932038949464966,0.6932038949464966
2010-09-25,0.6459835397359445,0.6459835397359445,0.677260209784265,0.677260209784265
2010-10-02,0.6563033579910094,0.6563033579910094,0.6822160147828101,0.6822160147828101
2010-10-09,0.6600191334929401,0.6600191334929401,0.6819644675734117,0.6819644675734117
2010-10-16,0.6915109607235893,0.6915109607235893,0.6554714615893963,0.6554714615893963
2010-10-23,0.6880180204066785,0.6880180204066785,0.6517362717394111,0.6517362717394111
2010-10-30,0.7171080754735965,0.7171080754735965,0.6642681157533713,0.6642681157533713
2010-11-06,0.7323043854129393,0.7323043854129393,0.6623717560403755,0.6623717560403755
2010-11-13,0.73925161860735,0.73925161860735,0.6639907246366963,0.6639907246366963
2010-11-20,0.7449657714239233,0.7449657714239233,0.6715690724752136,0.6715690724752136
2010-11-27,0.7053584426806776,0.7053584426806776,0.649852177332102,0.649852177332102
2010-12-04,0.6943481609396944,0.6943481609396944,0.6500280526401164,0.6500280526401164
2010-12-11,0.8128921854109992,0.8128921854109992,0.6302885426638601,0.6302885426638601
2010-12-18,0.6970333843254356,0.6970333843254356,0.6126786490149699,0.6126786490149699
2010-12-25,0.6766604643868427,0.6766604643868427,0.5854638281070196,0.5854638281070196
2011-01-01,0.5148493505479449,0.5148493505479449,0.512950361674864,0.512950361674864
2011-01-08,0.47502850502270616,0.47502850502270616,0.48752709768307667,0.48752709768307667
2011-01-15,0.4749540456936744,0.4749540456936744,0.4725245788816512,0.4725245788816512
2011-01-22,0.4067843162576092,0.4067843162576092,0.4363531045036567,0.4363531045036567
2011-01-29,0.2716480435764785,0.2716480435764785,0.44079802192498035,0.44079802192498035
2011-02-05,0.23590394778370344,0.23590394778370344,0.4240623613149923,0.4240623613149923
2011-02-12,0.3462668138553115,0.3462668138553115,0.44703072470641075,0.44703072470641075
2011-02-19,0.3220376578891623,0.3220376578891623,0.4654642781602816,0.4654642781602816
2011-02-26,0.13430637733364578,0.13430637733364578,0.41124919841712737,0.41124919841712737
2011-03-05,-0.09037332477433509,-0.09037332477433509,0.3141189529957113,0.3141189529957113
2011-03-12,-0.2575666256863333,-0.2575666256863333,0.21013257890199943,0.21013257890199943
2011-03-19,-0.315281505970653,-0.315281505970653,0.18931454398739067,0.18931454398739067
2011-03-26,-0.3423466204659235,-0.3423466204659235,0.18635477461018757,0.18635477461018757
2011-04-02,-0.401154832932326,-0.401154832932326,0.18797768794571515,0.18797768794571515
2011-04-09,-0.4381789554600106,-0.4381789554600106,0.16564278774697355,0.16564278774697355
2011-04-16,-0.46872863814832827,-0.46872863814832827,0.14733479602891442,0.14733479602891442
2011-04-23,-0.6323961272546584,-0.6323961272546584,0.09433239897139446,0.09433239897139446
2011-04-30,-0.6723359717905802,-0.6723359717905802,0.08015505442669031,0.08015505442669031
2011-05-07,-0.6935411692491085,-0.6935411692491085,0.06553600358451568,0.06553600358451568
2011-05-14,-0.7164183202206043,-0.7164183202206043,0.04844668269590702,0.04844668269590702
2011-05-21,-0.791710497384328,-0.791710497384328,0.02467573569842656,0.02467573569842656
2011-05-28,-0.8004841427258654,-0.8004841427258654,-0.014225915024763735,-0.014225915024763735
2011-06-04,-0.8010033538977258,-0.8010033538977258,-0.040462571299208494,-0.040462571299208494
2011-06-11,-0.7989310215300958,-0.7989310215300958,-0.006118983701187974,-0.006118983701187974
2011-06-18,-0.4846526429043312,-0.4846526429043312,-0.017240368131271656,-0.017240368131271656
2011-06-25,-0.47781889102868597,-0.47781889102868597,-0.050236872131539,-0.050236872131539
2011-07-02,-0.42577331374397803,-0.42577331374397803,-0.051960067025133894,-0.051960067025133894
2011-07-09,-0.46585596216505915,-0.46585596216505915,-0.11878295035149286,-0.11878295035149286
2011-07-16,-0.5252386576760523,-0.5252386576760523,-0.1919902611973431,-0.1919902611973431
2011-07-23,-0.6500136698264953,-0.6500136698264953,-0.3934676402990024,-0.3934676402990024
2011-07-30,-0.6534619380462012,-0.6534619380462012,-0.46015293987597317,-0.46015293987597317
2011-08-06,-0.7160711528951907,-0.7160711528951907,-0.5646205818666007,-0.5646205818666007
2011-08-13,-0.7811287761156565,-0.7811287761156565,-0.5877375219958564,-0.5877375219958564
2011-08-20,-0.7816691604430532,-0.7816691604430532,-0.609103568135153,-0.609103568135153
2011-08-27,-0.7814517782592814,-0.7814517782592814,-0.6171340815443275,-0.6171340815443275
2011-09-03,-0.7565024881342549,-0.7565024881342549,-0.6139046471105933,-0.6139046471105933
2011-09-10,-0.7397740154211012,-0.7397740154211012,-0.6282917398284353,-0.6282917398284353
2011-09-17,-0.7204016196212212,-0.7204016196212212,-0.6298067346763826,-0.6298067346763826
2011-09-24,-0.7117275489324756,-0.7117275489324756,-0.6315315735164115,-0.6315315735164115
2011-10-01,-0.7159218297852722,-0.7159218297852722,-0.6449669217141833,-0.6449669217141833
2011-10-08,-0.7140757088922339,-0.7140757088922339,-0.648831326691849,-0.648831326691849
2011-10-15,-0.7338910071349203,-0.7338910071349203,-0.668678815146971,-0.668678815146971
2011-10-22,-0.7435808501636666,-0.7435808501636666,-0.7149364500637541,-0.7149364500637541
2011-10-29,-0.74692233998481,-0.74692233998481,-0.7255698954939236,-0.7255698954939236
2011-11-05,-0.7552728391613678,-0.7552728391613678,-0.737030895793348,-0.737030895793348
2011-11-12,-0.7594624414780216,-0.7594624414780216,-0.7484259625182834,-0.7484259625182834
2011-11-19,-0.8048378793555283,-0.8048378793555283,-0.790998351510144,-0.790998351510144
2011-11-26,-0.8024021298881255,-0.8024021298881255,-0.7898840763528726,-0.7898840763528726
2011-12-03,-0.750417130396285,-0.750417130396285,-0.7520961455957662,-0.7520961455957662
2011-12-10,-0.749470460480726,-0.749470460480726,-0.7477251654340943,-0.7477251654340943
2011-12-17,-0.812555368352206,-0.812555368352206,-0.7471350760596409,-0.7471350760596409
2011-12-24,-0.804520658320138,-0.804520658320138,-0.739748938295934,-0.739748938295934
2011-12-31,-0.811527169013341,-0.811527169013341,-0.7361270355128438,-0.7361270355128438
2012-01-07,-0.765442296815118,-0.765442296815118,-0.7006955065404236,-0.7006955065404236
2012-01-14,-0.7593973780768261,-0.7593973780768261,-0.6997021475955575,-0.6997021475955575
2012-01-21,-0.6918675448286026,-0.6918675448286026,-0.6666607719512581,-0.6666607719512581
2012-01-28,-0.6912519961111482,-0.6912519961111482,-0.6652085696704889,-0.6652085696704889
2012-02-04,-0.6246324073111238,-0.6246324073111238,-0.6581559921351541,-0.6581559921351541
2012-02-11,-0.6196444159558883,-0.6196444159558883,-0.682639979577024,-0.682639979577024
2012-02-18,-0.6183676379072522,-0.6183676379072522,-0.6832534973442697,-0.6832534973442697
2012-02-25,-0.6026830227300948,-0.6026830227300948,-0.6780056686177158,-0.6780056686177158
2012-03-03,-0.5355152826098156,-0.5355152826098156,-0.6313679039359624,-0.6313679039359624
2012-03-10,-0.48717365470891744,-0.48717365470891744,-0.607058019257775,-0.607058019257775
2012-03-17,-0.48863861417384447,-0.48863861417384447,-0.6034780241243312,-0.6034780241243312
2012-03-24,-0.4692890909205516,-0.4692890909205516,-0.5941910276229837,-0.5941910276229837
2012-03-31,-0.4001542643119584,-0.4001542643119584,-0.5660201081566517,-0.5660201081566517
2012-04-07,-0.3988994014057217,-0.3988994014057217,-0.562258673651848,-0.562258673651848
2012-04-14,-0.32599782021278567,-0.32599782021278567,-0.5514564864081415,-0.5514564864081415
2012-04-21,-0.11237894293865842,-0.11237894293865842,-0.48977974973379906,-0.48977974973379906
2012-04-28,-0.10719226932588585,-0.10719226932588585,-0.48905198378354625,-0.48905198378354625
2012-05-05,0.17567689830638022,0.17567689830638022,-0.38776336851006515,-0.38776336851006515
2012-05-12,0.30361303670162176,0.30361303670162176,-0.3814122755754868,-0.3814122755754868
2012-05-19,0.9063933799487193,0.9063933799487193,-0.3279061579858228,-0.3279061579858228
2012-05-26,0.9119852916550686,0.9119852916550686,-0.29187661819172894,-0.29187661819172894
2012-06-02,0.9325294947902579,0.9325294947902579,-0.287460472729031,-0.287460472729031
2012-06-09,0.9745561825763972,0.9745561825763972,-0.2877729422395086,-0.2877729422395086
2012-06-16,0.9751365030967272,0.9751365030967272,-0.3050913934710457,-0.3050913934710457
2012-06-23,0.9763730415937021,0.9763730415937021,-0.3037863143515606,-0.3037863143515606
2012-06-30,0.9790851783158825,0.9790851783158825,-0.30568967100944233,-0.30568967100944233
2012-07-07,0.978379737030071,0.978379737030071,-0.29538456801130875,-0.29538456801130875
2012-07-14,0.9787130282042259,0.9787130282042259,-0.2727303587191675,-0.2727303587191675
2012-07-21,0.9782157531435857,0.9782157531435857,-0.18786850667896327,-0.18786850667896327
2012-07-28,0.9786023804768629,0.9786023804768629,-0.18179206646007123,-0.18179206646007123
2012-08-04,0.9789964718551777,0.9789964718551777,-0.07272543818952612,-0.07272543818952612
2012-08-11,0.980282387890448,0.980282387890448,-0.0365489191101619,-0.0365489191101619
2012-08-18,0.992846854832563,0.992846854832563,-0.03601289122353355,-0.03601289122353355
2012-08-25,0.9925202577136129,0.9925202577136129,0.0009128593076677212,0.0009128593076677212
2012-09-01,0.9920314399093574,0.9920314399093574,0.028590533051649988,0.028590533051649988
2012-09-08,0.9918793658155586,0.9918793658155586,0.07159877107685608,0.07159877107685608
2012-09-15,0.992652387586376,0.992652387586376,0.10208103307268383,0.10208103307268383
2012-09-22,0.9936174007869455,0.9936174007869455,0.10778500741866351,0.10778500741866351
2012-09-29,0.9962814944314701,0.9962814944314701,0.15288854410540895,0.15288854410540895
2012-10-06,0.9958453657316031,0.9958453657316031,0.15350952278707866,0.15350952278707866
2012-10-13,0.9959456752083848,0.9959456752083848,0.22924484328599365,0.22924484328599365
2012-10-20,0.9954204849106915,0.9954204849106915,0.32598398396305134,0.32598398396305134
2012-10-27,0.9954456365045892,0.9954456365045892,0.34774996573468636,0.34774996573468636
2012-11-03,0.9945266517881928,0.9945266517881928,0.45680284271654065,0.45680284271654065
2012-11-10,0.9948446007762943,0.9948446007762943,0.5726112063015283,0.5726112063015283
2012-11-17,0.9931696100557263,0.9931696100557263,0.9417741963181702,0.9417741963181702
2012-11-24,0.9934240028906884,0.9934240028906884,0.9418396782236192,0.9418396782236192
2012-12-01,0.9935241855070661,0.9935241855070661,0.9545949360224462,0.9545949360224462
2012-12-08,0.9934398379714634,0.9934398379714634,0.9816438317706413,0.9816438317706413
2012-12-15,0.9938343247559321,0.9938343247559321,0.9818996497710782,0.9818996497710782
2012-12-22,0.9932559089929406,0.9932559089929406,0.9832770577997472,0.9832770577997472
2012-12-29,0.9932525623871077,0.9932525623871077,0.9849415028211902,0.9849415028211902
2013-01-05,0.9932850049307943,0.9932850049307943,0.9847835955987454,0.9847835955987454
2013-01-12,0.9934154299050483,0.9934154299050483,0.9848035802969469,0.9848035802969469
2013-01-19,0.993603918549461,0.993603918549461,0.9844099658694676,0.9844099658694676
2013-01-26,0.9938458384455937,0.9938458384455937,0.9845375728835003,0.9845375728835003
2013-02-02,0.9940834490213905,0.9940834490213905,0.9845326220201488,0.9845326220201488
2013-02-09,0.9940428486633868,0.9940428486633868,0.9851075366358698,0.9851075366358698
2013-02-16,0.9940186224893505,0.9940186224893505,0.9919397017570771,0.9919397017570771
2013-02-23,0.9932671536799784,0.9932671536799784,0.9921469532931139,0.9921469532931139
2013-03-02,0.9930071377188514,0.9930071377188514,0.9918523166312255,0.9918523166312255
2013-03-09,0.9930638795442963,0.9930638795442963,0.9917869922129823,0.9917869922129823
2013-03-16,0.9922356802423763,0.9922356802423763,0.9919415712828208,0.9919415712828208
2013-03-23,0.993617937348398,0.993617937348398,0.9933731190559804,0.9933731190559804
2013-03-30,0.9936164590961067,0.9936164590961067,0.9950838203955968,0.9950838203955968
2013-04-06,0.9946005083656035,0.9946005083656035,0.9952412147775028,0.9952412147775028
2013-04-13,0.9947246948854828,0.9947246948854828,0.995405211253892,0.995405211253892
2013-04-20,0.9916655415166018,0.9916655415166018,0.9934576323703308,0.9934576323703308
2013-04-27,0.9909002857930467,0.9909002857930467,0.9934399294588399,0.9934399294588399
2013-05-04,0.9907389260549504,0.9907389260549504,0.9926601481717503,0.9926601481717503
2013-05-11,0.9904821232547899,0.9904821232547899,0.9927822728283441,0.9927822728283441
2013-05-18,0.9925633715331815,0.9925633715331815,0.9922369873731409,0.9922369873731409
2013-05-25,0.9927249615772721,0.9927249615772721,0.9921470412858924,0.9921470412858924
2013-06-01,0.9931279493352614,0.9931279493352614,0.9923075508934869,0.9923075508934869
2013-06-08,0.994125546808376,0.994125546808376,0.9929119580574436,0.9929119580574436
2013-06-15,0.9939170543010947,0.9939170543010947,0.9929155386489465,0.9929155386489465
2013-06-22,0.992674988270654,0.992674988270654,0.9926392458446007,0.9926392458446007
2013-06-29,0.9887504418193729,0.9887504418193729,0.9909606059663644,0.9909606059663644
2013-07-06,0.9845336854343282,0.9845336854343282,0.9887680767618401,0.9887680767618401
2013-07-13,0.9844203677385676,0.9844203677385676,0.9887875555084925,0.9887875555084925
2013-07-20,0.9848811434525994,0.9848811434525994,0.9889442692624862,0.9889442692624862
2013-07-27,0.9843795539011575,0.9843795539011575,0.9890040634600379,0.9890040634600379
2013-08-03,0.9844394670001755,0.9844394670001755,0.9891158551815213,0.9891158551815213
2013-08-10,0.9844448499326691,0.9844448499326691,0.9890401660681232,0.9890401660681232
2013-08-17,0.8620924294064386,0.8620924294064386,0.9258239831978187,0.9258239831978187
2013-08-24,0.7510104140725561,0.7510104140725561,0.8731824261499479,0.8731824261499479
2013-08-31,0.6624613131309806,0.6624613131309806,0.8198311155662127,0.8198311155662127
2013-09-07,0.6268647726934768,0.6268647726934768,0.8003452411430454,0.8003452411430454
2013-09-14,0.6248843543763204,0.6248843543763204,0.7886606888921688,0.7886606888921688
2013-09-21,0.6131667545090034,0.6131667545090034,0.7861927938650227,0.7861927938650227
2013-09-28,0.5981178279860571,0.5981178279860571,0.7772984843777094,0.7772984843777094
2013-10-05,0.567984256163466,0.567984256163466,0.7835812130969708,0.7835812130969708
2013-10-12,0.513702624724029,0.513702624724029,0.7794314939823755,0.7794314939823755
2013-10-19,0.4630745505513689,0.4630745505513689,0.7789789174835103,0.7789789174835103
2013-10-26,0.45243269642055567,0.45243269642055567,0.7662641161745745,0.7662641161745745
2013-11-02,0.4436097953056779,0.4436097953056779,0.7581758218362326,0.7581758218362326
2013-11-09,0.4165049321743361,0.4165049321743361,0.726190559250041,0.726190559250041
2013-11-16,0.42453889527914085,0.42453889527914085,0.7279479432152969,0.7279479432152969
2013-11-23,0.4491192688919907,0.4491192688919907,0.7348770756390602,0.7348770756390602
2013-11-30,0.453696218172673,0.453696218172673,0.7436108739957462,0.7436108739957462
2013-12-07,0.39352785463881723,0.39352785463881723,0.7577903061164692,0.7577903061164692
2013-12-14,0.3917929501557914,0.3917929501557914,0.7538986175211971,0.7538986175211971
2013-12-21,0.41585496479013956,0.41585496479013956,0.7357954320401684,0.7357954320401684
2013-12-28,0.30917556784793504,0.30917556784793504,0.7359695657409507,0.7359695657409507
2014-01-04,0.3115612835587568,0.3115612835587568,0.7348496906397649,0.7348496906397649
2014-01-11,0.4455310248655495,0.4455310248655495,0.7550633470546699,0.7550633470546699
2014-01-18,0.4242171578589802,0.4242171578589802,0.7560723690964607,0.7560723690964607
2014-01-25,0.42228752940949327,0.42228752940949327,0.7525654140981167,0.7525654140981167
2014-02-01,0.4783194421254173,0.4783194421254173,0.762825454248885,0.762825454248885
2014-02-08,0.4788413343013913,0.4788413343013913,0.7628112906463282,0.7628112906463282
2014-02-15,0.6469437057802171,0.6469437057802171,0.763038216532845,0.763038216532845
2014-02-22,0.7635268573686089,0.7635268573686089,0.752792958469158,0.752792958469158
2014-03-01,0.9231947384109125,0.9231947384109125,0.76543376040752,0.76543376040752
2014-03-08,0.9847148991714554,0.9847148991714554,0.7658792869907319,0.7658792869907319
2014-03-15,0.9831887769161963,0.9831887769161963,0.7646066549227597,0.7646066549227597
2014-03-22,0.9832764256991233,0.9832764256991233,0.760288882868896,0.760288882868896
2014-03-29,0.985645128306272,0.985645128306272,0.7724166926748456,0.7724166926748456
2014-04-05,0.9861940510585481,0.9861940510585481,0.7610370351616156,0.7610370351616156
2014-04-12,0.9862933664882207,0.9862933664882207,0.7451681826812545,0.7451681826812545
2014-04-19,0.9867427482221328,0.9867427482221328,0.7341030012320402,0.7341030012320402
2014-04-26,0.9867856248287329,0.9867856248287329,0.731903171265974,0.731903171265974
2014-05-03,0.987216650154485,0.987216650154485,0.7276041192779062,0.7276041192779062
2014-05-10,0.9866403667088507,0.9866403667088507,0.7257901118649728,0.7257901118649728
2014-05-17,0.9865579768534943,0.9865579768534943,0.728757399069352,0.728757399069352
2014-05-24,0.9854572907048629,0.9854572907048629,0.7294778999547197,0.7294778999547197
2014-05-31,0.9847432637620308,0.9847432637620308,0.7229473938932726,0.7229473938932726
2014-06-07,0.9819253611760302,0.9819253611760302,0.6894319048910144,0.6894319048910144
2014-06-14,0.9825056766379345,0.9825056766379345,0.6893395716801332,0.6893395716801332
2014-06-21,0.9817975969627875,0.9817975969627875,0.693883498203666,0.693883498203666
2014-06-28,0.9831783751430546,0.9831783751430546,0.6861445305212446,0.6861445305212446
2014-07-05,0.9884099834128889,0.9884099834128889,0.6880745910510561,0.6880745910510561
2014-07-12,0.9866953240756857,0.9866953240756857,0.688203262608736,0.688203262608736
2014-07-19,0.9885404008227424,0.9885404008227424,0.7136404019042742,0.7136404019042742
2014-07-26,0.9887247814659114,0.9887247814659114,0.7160363381895278,0.7160363381895278
2014-08-02,0.9875454468931704,0.9875454468931704,0.7185700767058081,0.7185700767058081
2014-08-09,0.9883450823280565,0.9883450823280565,0.7262045413686444,0.7262045413686444
2014-08-16,0.9883832797057654,0.9883832797057654,0.8153119689738002,0.8153119689738002
2014-08-23,0.9881509779771653,0.9881509779771653,0.8780835307933791,0.8780835307933791
2014-08-30,0.9871228365087551,0.9871228365087551,0.9534743563844427,0.9534743563844427
2014-09-06,0.99257154250464,0.99257154250464,0.9872827366991361,0.9872827366991361
2014-09-13,0.9960633245255713,0.9960633245255713,0.9878802191892114,0.9878802191892114
2014-09-20,0.9966755006859034,0.9966755006859034,0.9882999511207032,0.9882999511207032
2014-09-27,0.9983085110370316,0.9983085110370316,0.9895742602319874,0.9895742602319874
2014-10-04,0.9990375900401732,0.9990375900401732,0.9892815407236288,0.9892815407236288
2014-10-11,0.9991838041166254,0.9991838041166254,0.9900287235087185,0.9900287235087185
2014-10-18,0.9995767521008402,0.9995767521008402,0.9905620456292672,0.9905620456292672
2014-10-25,0.9995843292365314,0.9995843292365314,0.9905893882268939,0.9905893882268939
2014-11-01,0.9995841704541809,0.9995841704541809,0.9905794582175261,0.9905794582175261
2014-11-08,0.9996005852685987,0.9996005852685987,0.9907876272954006,0.9907876272954006
2014-11-15,0.9996017776060802,0.9996017776060802,0.9908154101543035,0.9908154101543035
2014-11-22,0.9996001417745057,0.9996001417745057,0.9906255236301224,0.9906255236301224
2014-11-29,0.9996676429660445,0.9996676429660445,0.9914708394439685,0.9914708394439685
2014-12-06,0.9996775624562271,0.9996775624562271,0.9915703703286626,0.9915703703286626
2014-12-13,0.9994980730904002,0.9994980730904002,0.9920800300111133,0.9920800300111133
2014-12-20,0.9995092611844866,0.9995092611844866,0.9922380457151228,0.9922380457151228
2014-12-27,0.9994972788291149,0.9994972788291149,0.9923501353727249,0.9923501353727249
2015-01-03,0.9995053758177475,0.9995053758177475,0.9945960883657262,0.9945960883657262
2015-01-10,0.9993177850756801,0.9993177850756801,0.9946448669981413,0.9946448669981413
2015-01-17,0.9992693782627035,0.9992693782627035,0.9947689497189044,0.9947689497189044
2015-01-24,0.9992543937082877,0.9992543937082877,0.9947953325843287,0.9947953325843287
2015-01-31,0.9992489763883599,0.9992489763883599,0.9949546778096275,0.9949546778096275
2015-02-07,0.9993490746230823,0.9993490746230823,0.9949516105021803,0.9949516105021803
2015-02-14,0.9993500174495665,0.9993500174495665,0.9949706762914462,0.9949706762914462
2015-02-21,0.9993509634498485,0.9993509634498485,0.9949257396079942,0.9949257396079942
2015-02-28,0.9993374696862778,0.9993374696862778,0.9949135599569767,0.9949135599569767
2015-03-07,0.9993469703360187,0.9993469703360187,0.9970611094989454,0.9970611094989454
2015-03-14,0.9993505128397123,0.9993505128397123,0.9981019423518646,0.9981019423518646
2015-03-21,0.9993161181804039,0.9993161181804039,0.9982579496337871,0.9982579496337871
2015-03-28,0.9991730080270572,0.9991730080270572,0.9988465331099724,0.9988465331099724
2015-04-04,0.9992638562388476,0.9992638562388476,0.9992122032679678,0.9992122032679678
2015-04-11,0.9992313389362627,0.9992313389362627,0.9992276801505398,0.9992276801505398
2015-04-18,0.9991628020064434,0.9991628020064434,0.9993527955000622,0.9993527955000622
2015-04-25,0.999156232248967,0.999156232248967,0.9993541918484126,0.9993541918484126
2015-05-02,0.9986914629788451,0.9986914629788451,0.999083715494326,0.999083715494326
2015-05-09,0.9986495635765048,0.9986495635765048,0.9990888909476252,0.9990888909476252
2015-05-16,0.99684072832607,0.99684072832607,0.9980365651395242,0.9980365651395242
2015-05-23,0.9968484983055959,0.9968484983055959,0.9979920915049155,0.9979920915049155
2015-05-30,0.9962623213243997,0.9962623213243997,0.9979886919835148,0.9979886919835148
2015-06-06,0.9953824198817667,0.9953824198817667,0.997640861954299,0.997640861954299
2015-06-13,0.9949519284810272,0.9949519284810272,0.9972923545518895,0.9972923545518895
2015-06-20,0.990600304062376,0.990600304062376,0.9947179092616997,0.9947179092616997
2015-06-27,0.9892115121807789,0.9892115121807789,0.9941161972586349,0.9941161972586349
2015-07-04,0.9769016178895651,0.9769016178895651,0.9880084384939178,0.9880084384939178
2015-07-11,0.9565493893659498,0.9565493893659498,0.9799012066104348,0.9799012066104348
2015-07-18,0.9556953963733711,0.9556953963733711,0.9788135345862934,0.9788135345862934
2015-07-25,0.9540186202252676,0.9540186202252676,0.9786435597514436,0.9786435597514436
2015-08-01,0.9533834501275193,0.9533834501275193,0.9779921460959352,0.9779921460959352
2015-08-08,0.9697274160373185,0.9697274160373185,0.9822595477673813,0.9822595477673813
2015-08-15,0.9693687779130068,0.9693687779130068,0.9819611827541829,0.9819611827541829
2015-08-22,0.9660700529885419,0.9660700529885419,0.9789274136460007,0.9789274136460007
2015-08-29,0.9668304749910321,0.9668304749910321,0.9790209897210037,0.9790209897210037
2015-09-05,0.9653923194110652,0.9653923194110652,0.9789618817341432,0.9789618817341432
2015-09-12,0.965383112457791,0.965383112457791,0.9789490509550953,0.9789490509550953
2015-09-19,0.9651617937054585,0.9651617937054585,0.9787795615771049,0.9787795615771049
2015-09-26,0.9684172879498115,0.9684172879498115,0.9791514283806262,0.9791514283806262
2015-10-03,0.9684655746387203,0.9684655746387203,0.9789155040091378,0.9789155040091378
2015-10-10,0.971772344033047,0.971772344033047,0.9796963451670689,0.9796963451670689
2015-10-17,0.9714432322189334,0.9714432322189334,0.9790580117548203,0.9790580117548203
2015-10-24,0.971607945514986,0.971607945514986,0.9791473893800956,0.9791473893800956
2015-10-31,0.9716879037296665,0.9716879037296665,0.9798082994383038,0.9798082994383038
2015-11-07,0.9731136043232144,0.9731136043232144,0.9801793746296965,0.9801793746296965
2015-11-14,0.9725468152703185,0.9725468152703185,0.9798141393286389,0.9798141393286389
2015-11-21,0.9724812715644945,0.9724812715644945,0.9800304164039175,0.9800304164039175
2015-11-28,0.9745299794976682,0.9745299794976682,0.9801060260478547,0.9801060260478547
2015-12-05,0.9748585915604847,0.9748585915604847,0.9797300188442831,0.9797300188442831
2015-12-12,0.9748663597064408,0.9748663597064408,0.9799347109109844,0.9799347109109844
2015-12-19,0.9755403961957467,0.9755403961957467,0.9798491854522979,0.9798491854522979
2015-12-26,0.9789083318902015,0.9789083318902015,0.9819079253576427,0.9819079253576427
2016-01-02,0.9832314409966784,0.9832314409966784,0.9819650394996415,0.9819650394996415
2016-01-09,0.9905658385924561,0.9905658385924561,0.9806355302606615,0.9806355302606615
2016-01-16,0.9903371627604394,0.9903371627604394,0.9803237712254375,0.9803237712254375
2016-01-23,0.986289783406539,0.986289783406539,0.9783683801519423,0.9783683801519423
2016-01-30,0.9871710193454443,0.9871710193454443,0.978322189549964,0.978322189549964
2016-02-06,0.9804890665517424,0.9804890665517424,0.9757667410305334,0.9757667410305334
2016-02-13,0.9796810260547095,0.9796810260547095,0.9751205742803275,0.9751205742803275
2016-02-20,0.98474573189597,0.98474573189597,0.9758208823517437,0.9758208823517437
2016-02-27,0.9845767061606763,0.9845767061606763,0.9758671034267032,0.9758671034267032
2016-03-05,0.9846328026303447,0.9846328026303447,0.9756539217156942,0.9756539217156942
2016-03-12,0.9844717140993017,0.9844717140993017,0.975570358469721,0.975570358469721
2016-03-19,0.9844163052459514,0.9844163052459514,0.9755927223785915,0.9755927223785915
2016-03-26,0.983303392119481,0.983303392119481,0.9753010691040317,0.9753010691040317
2016-04-02,0.9834846182870057,0.9834846182870057,0.9754938121173533,0.9754938121173533
2016-04-09,0.9819750446010057,0.9819750446010057,0.9754214139979508,0.9754214139979508
2016-04-16,0.9825243880416479,0.9825243880416479,0.9754592714400511,0.9754592714400511
2016-04-23,0.9826022314643025,0.9826022314643025,0.9754912788531743,0.9754912788531743
2016-04-30,0.981854119742407,0.981854119742407,0.9755589048957004,0.9755589048957004
2016-05-07,0.9806815559344311,0.9806815559344311,0.9753737890669621,0.9753737890669621
2016-05-14,0.9814258474846311,0.9814258474846311,0.9761313696044898,0.9761313696044898
2016-05-21,0.9811816773958567,0.9811816773958567,0.9760870546501316,0.9760870546501316
2016-05-28,0.9806197359359268,0.9806197359359268,0.9761957769379292,0.9761957769379292
2016-06-04,0.980407525651108,0.980407525651108,0.9765712296471972,0.9765712296471972
2016-06-11,0.9798053606401543,0.9798053606401543,0.9761148690829696,0.9761148690829696
2016-06-18,0.972474251506692,0.972474251506692,0.973621878300871,0.973621878300871
2016-06-25,0.9646068989726807,0.9646068989726807,0.9735787585874018,0.9735787585874018
2016-07-02,0.9551242465101669,0.9551242465101669,0.9720453934929767,0.9720453934929767
2016-07-09,0.9543019778456464,0.9543019778456464,0.9773454784709427,0.9773454784709427
2016-07-16,0.9544166586266127,0.9544166586266127,0.9773991594238131,0.9773991594238131
2016-07-23,0.9501499787201975,0.9501499787201975,0.977391237640153,0.977391237640153
2016-07-30,0.9456232938929299,0.9456232938929299,0.9779639001955219,0.9779639001955219
2016-08-06,0.9540752537417161,0.9540752537417161,0.97420315365845,0.97420315365845
2016-08-13,0.9562304945916827,0.9562304945916827,0.97405733690885,0.97405733690885
2016-08-20,0.9515569735733843,0.9515569735733843,0.9769926813274987,0.9769926813274987
2016-08-27,0.9541398662943666,0.9541398662943666,0.9770901799905021,0.9770901799905021
2016-09-03,0.9542967085569556,0.9542967085569556,0.977121307009642,0.977121307009642
2016-09-10,0.9555285651252949,0.9555285651252949,0.9771239511799837,0.9771239511799837
2016-09-17,0.9549314447775286,0.9549314447775286,0.9769264970405891,0.9769264970405891
2016-09-24,0.9532656477441004,0.9532656477441004,0.9755269023585782,0.9755269023585782
2016-10-01,0.9475470935358609,0.9475470935358609,0.9755186028993181,0.9755186028993181
2016-10-08,0.9471083554735054,0.9471083554735054,0.9737196672604653,0.9737196672604653
2016-10-15,0.9388683826507848,0.9388683826507848,0.973745681236007,0.973745681236007
2016-10-22,0.9484027046582083,0.9484027046582083,0.974683053836128,0.974683053836128
2016-10-29,0.9480600501925845,0.9480600501925845,0.9729259415191546,0.9729259415191546
2016-11-05,0.9482435866398223,0.9482435866398223,0.9718507354504317,0.9718507354504317
2016-11-12,0.9421912622310579,0.9421912622310579,0.9716704580266783,0.9716704580266783
2016-11-19,0.9214919800021817,0.9214919800021817,0.9659582935783535,0.9659582935783535
2016-11-26,0.8473342376225563,0.8473342376225563,0.9388230910301529,0.9388230910301529
2016-12-03,0.8161025790961548,0.8161025790961548,0.9339108477293979,0.9339108477293979
2016-12-10,0.8058849396333754,0.8058849396333754,0.9333938249115674,0.9333938249115674
2016-12-17,0.821491765811219,0.821491765811219,0.9310150160859062,0.9310150160859062
2016-12-24,0.8089626166376152,0.8089626166376152,0.9083760004171232,0.9083760004171232
2016-12-31,0.8016965184540323,0.8016965184540323,0.9029238173309909,0.9029238173309909
2017-01-07,0.8020814221047472,0.8020814221047472,0.9011214358450785,0.9011214358450785
2017-01-14,0.8046437771140578,0.8046437771140578,0.9013838216910586,0.9013838216910586
2017-01-21,0.8089293477997915,0.8089293477997915,0.8901370653236643,0.8901370653236643
2017-01-28,0.80814545576528,0.80814545576528,0.8848076469724935,0.8848076469724935
2017-02-04,0.8033148749461728,0.8033148749461728,0.8814583871482952,0.8814583871482952
2017-02-11,0.8028484978768753,0.8028484978768753,0.8807411319590972,0.8807411319590972
2017-02-18,0.8020065314026316,0.8020065314026316,0.8747527288352077,0.8747527288352077
2017-02-25,0.7847324880959463,0.7847324880959463,0.87477910308139,0.87477910308139
2017-03-04,0.7766379056484289,0.7766379056484289,0.8747053395361244,0.8747053395361244
2017-03-11,0.7694507062429206,0.7694507062429206,0.8736835194779725,0.8736835194779725
2017-03-18,0.7712199219434899,0.7712199219434899,0.8748128994391389,0.8748128994391389
2017-03-25,0.7720255191925126,0.7720255191925126,0.8718563353388623,0.8718563353388623
2017-04-01,0.7825638045546888,0.7825638045546888,0.8671412581739053,0.8671412581739053
2017-04-08,0.7802663341089348,0.7802663341089348,0.8659295982148973,0.8659295982148973
2017-04-15,0.7968615682942343,0.7968615682942343,0.8610366651805317,0.8610366651805317
2017-04-22,0.7229534768631363,0.7229534768631363,0.8579660544959238,0.8579660544959238
2017-04-29,0.6845800909524624,0.6845800909524624,0.857904756798395,0.857904756798395
2017-05-06,0.7019845046351515,0.7019845046351515,0.8601739709241043,0.8601739709241043
2017-05-13,0.6998020663014938,0.6998020663014938,0.8500484933519121,0.8500484933519121
2017-05-20,0.7128841565935298,0.7128841565935298,0.8473428915490738,0.8473428915490738
2017-05-27,0.8499290928763723,0.8499290928763723,0.8421232596062856,0.8421232596062856
2017-06-03,0.905969815831605,0.905969815831605,0.8355690035675342,0.8355690035675342
2017-06-10,0.9063754643697216,0.9063754643697216,0.8294422456675444,0.8294422456675444
2017-06-17,0.9433737492672342,0.9433737492672342,0.8584169812726862,0.8584169812726862
2017-06-24,0.9814666128778735,0.9814666128778735,0.8578009221453782,0.8578009221453782
2017-07-01,0.9882216142723297,0.9882216142723297,0.8641913300805314,0.8641913300805314
2017-07-08,0.9876795640934198,0.9876795640934198,0.8651980797144485,0.8651980797144485
2017-07-15,0.9872609149741951,0.9872609149741951,0.8652049814015605,0.8652049814015605
2017-07-22,0.9869327437395222,0.9869327437395222,0.8656791790707133,0.8656791790707133
2017-07-29,0.9874491599027962,0.9874491599027962,0.8713161600575265,0.8713161600575265
2017-08-05,0.9870108469927652,0.9870108469927652,0.8687648967839957,0.8687648967839957
2017-08-12,0.9869469669771772,0.9869469669771772,0.8685952825810214,0.8685952825810214
2017-08-19,0.9881229943909703,0.9881229943909703,0.8683273988942659,0.8683273988942659
2017-08-26,0.9878093894496577,0.9878093894496577,0.862129254827937,0.862129254827937
2017-09-02,0.9879867710301354,0.9879867710301354,0.862052662044011,0.862052662044011
2017-09-09,0.9876207597751804,0.9876207597751804,0.8561965107605225,0.8561965107605225
2017-09-16,0.9877326958892236,0.9877326958892236,0.8569362007193341,0.8569362007193341
2017-09-23,0.9871268704329853,0.9871268704329853,0.8561123479673292,0.8561123479673292
2017-09-30,0.9869943105752493,0.9869943105752493,0.855446598082457,0.855446598082457
2017-10-07,0.9869219024879413,0.9869219024879413,0.8543892043347321,0.8543892043347321
2017-10-14,0.9833939061734555,0.9833939061734555,0.8535111204135062,0.8535111204135062
2017-10-21,0.9896599624202278,0.9896599624202278,0.8253943563812023,0.8253943563812023
2017-10-28,0.9896309013868009,0.9896309013868009,0.8204925516693524,0.8204925516693524
2017-11-04,0.9893596266411436,0.9893596266411436,0.8231187775119497,0.8231187775119497
2017-11-11,0.9894905633094354,0.9894905633094354,0.824035660288694,0.824035660288694
2017-11-18,0.9908718288417487,0.9908718288417487,0.8378149990718698,0.8378149990718698
2017-11-25,0.9907460083472033,0.9907460083472033,0.9237697560282118,0.9237697560282118
2017-12-02,0.9905508634972215,0.9905508634972215,0.9491182535230531,0.9491182535230531
2017-12-09,0.9918418824025712,0.9918418824025712,0.9498499733121543,0.9498499733121543
2017-12-16,0.9893217323087322,0.9893217323087322,0.9585620250351224,0.9585620250351224
2017-12-23,0.9918562685918061,0.9918562685918061,0.9850578756077135,0.9850578756077135
2017-12-30,0.9920837883324308,0.9920837883324308,0.9880974179264236,0.9880974179264236
2018-01-06,0.9925412265400781,0.9925412265400781,0.9881035627581244,0.9881035627581244
2018-01-13,0.9923118858454442,0.9923118858454442,0.9880876849456968,0.9880876849456968
2018-01-20,0.9954759725083157,0.9954759725083157,0.9906296380381979,0.9906296380381979
2018-01-27,0.9937420059952768,0.9937420059952768,0.990817340505244,0.990817340505244
2018-02-03,0.9620169125590632,0.9620169125590632,0.9694337353092525,0.9694337353092525
2018-02-10,0.9463000902929863,0.9463000902929863,0.9585068415342377,0.9585068415342377
2018-02-17,0.9383978410527828,0.9383978410527828,0.95200735908852,0.95200735908852
2018-02-24,0.9196972988991122,0.9196972988991122,0.9367324935571377,0.9367324935571377
2018-03-03,0.9176383660946107,0.9176383660946107,0.9358547599756424,0.9358547599756424
2018-03-10,0.9164218252366513,0.9164218252366513,0.9304476814569592,0.9304476814569592
2018-03-17,0.9143947028056695,0.9143947028056695,0.928183953117635,0.928183953117635
2018-03-24,0.9136162973217276,0.9136162973217276,0.9274860419033262,0.9274860419033262
2018-03-31,0.9141119066422165,0.9141119066422165,0.9264312583167625,0.9264312583167625
2018-04-07,0.9137821571788183,0.9137821571788183,0.9256543089762188,0.9256543089762188
2018-04-14,0.9144327731572816,0.9144327731572816,0.9229012058454721,0.9229012058454721
2018-04-21,0.9157266456446368,0.9157266456446368,0.9226683472445912,0.9226683472445912
2018-04-28,0.9164193338794693,0.9164193338794693,0.9238359596769146,0.9238359596769146
2018-05-05,0.9159840430990335,0.9159840430990335,0.9233400265847336,0.9233400265847336
2018-05-12,0.9159927728148428,0.9159927728148428,0.9233482320169657,0.9233482320169657
2018-05-19,0.9145501158958713,0.9145501158958713,0.921872337312389,0.921872337312389
2018-05-26,0.9156734049626551,0.9156734049626551,0.9217068566706715,0.9217068566706715
2018-06-02,0.9157076240328217,0.9157076240328217,0.9215873011351415,0.9215873011351415
2018-06-09,0.9172369503003711,0.9172369503003711,0.9228107304384499,0.9228107304384499
2018-06-16,0.9187248964588989,0.9187248964588989,0.9220453402460295,0.9220453402460295
2018-06-23,0.9224970787311862,0.9224970787311862,0.9229336596451317,0.9229336596451317
2018-06-30,0.9225181265816799,0.9225181265816799,0.920455518020977,0.920455518020977
2018-07-07,0.9236292985452718,0.9236292985452718,0.9199969861562206,0.9199969861562206
2018-07-14,0.9212452674691481,0.9212452674691481,0.9194208266341748,0.9194208266341748
2018-07-21,0.9171816027790429,0.9171816027790429,0.91936367706005,0.91936367706005
2018-07-28,0.8953227652166899,0.8953227652166899,0.9172582863471899,0.9172582863471899
2018-08-04,0.8908934481792188,0.8908934481792188,0.9176881618883987,0.9176881618883987
2018-08-11,0.9166617056004267,0.9166617056004267,0.9184775628330972,0.9184775628330972
2018-08-18,0.911505649423317,0.911505649423317,0.9180360744347621,0.9180360744347621
2018-08-25,0.9266549693776636,0.9266549693776636,0.9208165550866318,0.9208165550866318
2018-09-01,0.9311098647822201,0.9311098647822201,0.9212898022548841,0.9212898022548841
2018-09-08,0.9435090428932722,0.9435090428932722,0.9207382220375216,0.9207382220375216
2018-09-15,0.9529010402823057,0.9529010402823057,0.9209899168763218,0.9209899168763218
2018-09-22,0.955988206612104,0.955988206612104,0.9220920647759391,0.9220920647759391
2018-09-29,0.9678926748802374,0.9678926748802374,0.9289359441410149,0.9289359441410149
2018-10-06,0.970135109992623,0.970135109992623,0.9290138355617626,0.9290138355617626
2018-10-13,0.8079729577178976,0.8079729577178976,0.8770740664407783,0.8770740664407783
2018-10-20,0.8017939930310688,0.8017939930310688,0.8757334947800961,0.8757334947800961
2018-10-27,0.7813492915321187,0.7813492915321187,0.8726918322734757,0.8726918322734757
2018-11-03,0.7789708206734848,0.7789708206734848,0.8710821070525356,0.8710821070525356
2018-11-10,0.7775402007006345,0.7775402007006345,0.8678134256652333,0.8678134256652333
2018-11-17,0.788424648156688,0.788424648156688,0.8666844201465747,0.8666844201465747
2018-11-24,0.45265032320215115,0.45265032320215115,0.7158565592101743,0.7158565592101743
2018-12-01,0.43429835738506967,0.43429835738506967,0.7154598904529849,0.7154598904529849
2018-12-08,0.4549820447159654,0.4549820447159654,0.7126565392078619,0.7126565392078619
2018-12-15,0.4517261065626098,0.4517261065626098,0.7135485837736716,0.7135485837736716
2018-12-22,0.4273213421558463,0.4273213421558463,0.6948372581889584,0.6948372581889584
2018-12-29,0.4040962420384844,0.4040962420384844,0.6854112359220474,0.6854112359220474
2019-01-05,0.420911850967234,0.420911850967234,0.6856982397702442,0.6856982397702442
2019-01-12,0.4101368623828105,0.4101368623828105,0.6839014812478577,0.6839014812478577
2019-01-19,0.4140355749870098,0.4140355749870098,0.6641775586902,0.6641775586902
2019-01-26,0.4139507024293433,0.4139507024293433,0.6118203217532374,0.6118203217532374
2019-02-02,0.45550917023867565,0.45550917023867565,0.6118408990024953,0.6118408990024953
2019-02-09,0.44182402424954714,0.44182402424954714,0.6204161066654132,0.6204161066654132
2019-02-16,0.4442705949684138,0.4442705949684138,0.6105146237463961,0.6105146237463961
2019-02-23,0.4183740646861218,0.4183740646861218,0.6076948695558013,0.6076948695558013
2019-03-02,0.45125183567154076,0.45125183567154076,0.6260604773172292,0.6260604773172292
2019-03-09,0.4557626116117742,0.4557626116117742,0.5808213291199199,0.5808213291199199
2019-03-16,0.46207826965174675,0.46207826965174675,0.5820095703477465,0.5820095703477465
2019-03-23,0.4807132655079643,0.4807132655079643,0.5990568683448185,0.5990568683448185
2019-03-30,0.36950458000661407,0.36950458000661407,0.5944509175488565,0.5944509175488565
2019-04-06,0.37239052052054106,0.37239052052054106,0.5971369215666125,0.5971369215666125
2019-04-13,0.43236013185458755,0.43236013185458755,0.5990227203138727,0.5990227203138727
2019-04-20,0.42533798072960394,0.42533798072960394,0.5967361074283671,0.5967361074283671
2019-04-27,0.5099015389932187,0.5099015389932187,0.6163213133378135,0.6163213133378135
2019-05-04,0.49843235887938075,0.49843235887938075,0.6164883429932334,0.6164883429932334
2019-05-11,0.4967001842177831,0.4967001842177831,0.6241641648284593,0.6241641648284593
2019-05-18,0.5168902310663629,0.5168902310663629,0.6372504563305494,0.6372504563305494
2019-05-25,0.8687820145758622,0.8687820145758622,0.6623192815154464,0.6623192815154464
2019-06-01,0.8687892546398117,0.8687892546398117,0.6592620684662249,0.6592620684662249
2019-06-08,0.9198969406700626,0.9198969406700626,0.6646905925293309,0.6646905925293309
2019-06-15,0.9194706234640777,0.9194706234640777,0.6582864855934658,0.6582864855934658
2019-06-22,0.9304027182144754,0.9304027182144754,0.6594197072352656,0.6594197072352656
2019-06-29,0.957402981183303,0.957402981183303,0.6594763928055308,0.6594763928055308
2019-07-06,0.9723184230173967,0.9723184230173967,0.6612929089233291,0.6612929089233291
2019-07-13,0.9709658783336023,0.9709658783336023,0.6642958587694752,0.6642958587694752
2019-07-20,0.9768719447158632,0.9768719447158632,0.6922481723142375,0.6922481723142375
2019-07-27,0.9770514227075345,0.9770514227075345,0.6928115020795883,0.6928115020795883
2019-08-03,0.9763985287503134,0.9763985287503134,0.692494012450769,0.692494012450769
2019-08-10,0.9789959266841809,0.9789959266841809,0.6902371809305613,0.6902371809305613
2019-08-17,0.980506772223739,0.980506772223739,0.7018793783566007,0.7018793783566007
2019-08-24,0.9795163095648799,0.9795163095648799,0.6959648758981964,0.6959648758981964
2019-08-31,0.9809327349791788,0.9809327349791788,0.6959950217954329,0.6959950217954329
2019-09-07,0.9815330108482324,0.9815330108482324,0.6959066773325754,0.6959066773325754
2019-09-14,0.9820041981091305,0.9820041981091305,0.6975580088798844,0.6975580088798844
2019-09-21,0.9859498796199248,0.9859498796199248,0.6959540028794777,0.6959540028794777
2019-09-28,0.9866015346861478,0.9866015346861478,0.6755292603756851,0.6755292603756851
2019-10-05,0.9864991613196658,0.9864991613196658,0.6755663968009288,0.6755663968009288
2019-10-12,0.986924219406738,0.986924219406738,0.7177520871085747,0.7177520871085747
2019-10-19,0.9869262520844511,0.9869262520844511,0.7184943318264241,0.7184943318264241
2019-10-26,0.9892472592105416,0.9892472592105416,0.7243033169041996,0.7243033169041996
2019-11-02,0.9891685444423574,0.9891685444423574,0.7219005728746795,0.7219005728746795
2019-11-09,0.9907311430151947,0.9907311430151947,0.7185170454895486,0.7185170454895486
2019-11-16,0.9898817398356928,0.9898817398356928,0.7195282095995855,0.7195282095995855
2019-11-23,0.9882516909521677,0.9882516909521677,0.9057217652370418,0.9057217652370418
2019-11-30,0.9883017851639916,0.9883017851639916,0.9051996440346827,0.9051996440346827
2019-12-07,0.9877963927655554,0.9877963927655554,0.9383828206678967,0.9383828206678967
2019-12-14,0.9876875255068431,0.9876875255068431,0.9387706056618165,0.9387706056618165
2019-12-21,0.9875901457916002,0.9875901457916002,0.9486572078399149,0.9486572078399149
2019-12-28,0.9879528345713975,0.9879528345713975,0.9657274312512717,0.9657274312512717
2020-01-04,0.9881372155759082,0.9881372155759082,0.9758114766381868,0.9758114766381868
2020-01-11,0.9883655661800089,0.9883655661800089,0.97594858958487,0.97594858958487
2020-01-18,0.9841173156715974,0.9841173156715974,0.9766098051128165,0.9766098051128165
2020-01-25,0.9618895217721004,0.9618895217721004,0.9711459510621386,0.9711459510621386
2020-02-01,0.9560154700201565,0.9560154700201565,0.969397415111109,0.969397415111109
2020-02-08,0.9557217629998077,0.9557217629998077,0.9708048395855292,0.9708048395855292
2020-02-15,0.9292896184420794,0.9292896184420794,0.9328118109672359,0.9328118109672359
2020-02-22,0.9267849838473521,0.9267849838473521,0.9327601222189084,0.9327601222189084
2020-02-29,0.8706837710549967,0.8706837710549967,0.8753936865633194,0.8753936865633194
2020-03-07,0.8806189042871188,0.8806189042871188,0.8980487047162953,0.8980487047162953
2020-03-14,0.45428665841760685,0.45428665841760685,0.5571219417654911,0.5571219417654911
2020-03-21,0.45137944464763907,0.45137944464763907,0.5492484946168544,0.5492484946168544
2020-03-28,0.5298843398847892,0.5298843398847892,0.602563771670263,0.602563771670263
2020-04-04,0.5330160488078849,0.5330160488078849,0.6030534710425348,0.6030534710425348
2020-04-11,0.531941204646602,0.531941204646602,0.6047522693452297,0.6047522693452297
2020-04-18,0.535941551974749,0.535941551974749,0.6076718484179634,0.6076718484179634
2020-04-25,0.5359955007083147,0.5359955007083147,0.6013788465051373,0.6013788465051373
2020-05-02,0.5341702706298855,0.5341702706298855,0.6017495058880693,0.6017495058880693
2020-05-09,0.5475381896906923,0.5475381896906923,0.606979849220705,0.606979849220705
2020-05-16,0.5521363364635182,0.5521363364635182,0.604747693561998,0.604747693561998
2020-05-23,0.5777520111845675,0.5777520111845675,0.612323408584281,0.612323408584281
2020-05-30,0.5871167516065632,0.5871167516065632,0.6221033828395396,0.6221033828395396
2020-06-06,0.5915489950109274,0.5915489950109274,0.6216515718297639,0.6216515718297639
2020-06-13,0.5903635937661258,0.5903635937661258,0.6218604391199569,0.6218604391199569
2020-06-20,0.5972151536953461,0.5972151536953461,0.6237923639099994,0.6237923639099994
2020-06-27,0.5985788060882377,0.5985788060882377,0.6245211788581907,0.6245211788581907
2020-07-04,0.5985976803037631,0.5985976803037631,0.6240376375007929,0.6240376375007929
2020-07-11,0.5979449075786255,0.5979449075786255,0.6231672953449524,0.6231672953449524
2020-07-18,0.5905946423072012,0.5905946423072012,0.6130232404109356,0.6130232404109356
2020-07-25,0.5798908773126122,0.5798908773126122,0.6093740197782139,0.6093740197782139
2020-08-01,0.5787570183765863,0.5787570183765863,0.6094411674508422,0.6094411674508422
2020-08-08,0.5788355573686873,0.5788355573686873,0.6092092379901479,0.6092092379901479
2020-08-15,0.5350256137946217,0.5350256137946217,0.6075509326902998,0.6075509326902998
2020-08-22,0.5355737809064525,0.5355737809064525,0.6078581621062578,0.6078581621062578
2020-08-29,0.5534635600636693,0.5534635600636693,0.607447951860542,0.607447951860542
2020-09-05,0.2918863608885008,0.2918863608885008,0.6073154346820375,0.6073154346820375
2020-09-12,0.9529115321720278,0.9529115321720278,0.6092688195151894,0.6092688195151894
2020-09-19,0.9573977109089914,0.9573977109089914,0.6092930765896358,0.6092930765896358
2020-09-26,0.9397151034338934,0.9397151034338934,0.6087969103453844,0.6087969103453844
2020-10-03,0.9395077136594906,0.9395077136594906,0.6086733488769035,0.6086733488769035
2020-10-10,0.9489707423217176,0.9489707423217176,0.6081383591847767,0.6081383591847767
2020-10-17,0.9586361511583191,0.9586361511583191,0.6262305234499279,0.6262305234499279
2020-10-24,0.9577834362443605,0.9577834362443605,0.6505751867110363,0.6505751867110363
2020-10-31,0.9194351925387513,0.9194351925387513,0.6424253350500739,0.6424253350500739
2020-11-07,0.9153867475296851,0.9153867475296851,0.6420935566365309,0.6420935566365309
2020-11-14,0.9167176818387541,0.9167176818387541,0.6435265799758481,0.6435265799758481
2020-11-21,0.9047768164592406,0.9047768164592406,0.6438356027428221,0.6438356027428221
2020-11-28,0.8930774576013786,0.8930774576013786,0.6446920945115411,0.6446920945115411
2020-12-05,0.8885694108289751,0.8885694108289751,0.6469291366253836,0.6469291366253836
2020-12-12,0.8911115342048802,0.8911115342048802,0.6470936683341878,0.6470936683341878
2020-12-19,0.8896063156792101,0.8896063156792101,0.6473732170171248,0.6473732170171248
2020-12-26,0.891014202537104,0.891014202537104,0.6488838149318965,0.6488838149318965
2021-01-02,0.895129494514488,0.895129494514488,0.6503994576307045,0.6503994576307045
2021-01-09,0.8960550147735898,0.8960550147735898,0.6513422615909545,0.6513422615909545
2021-01-16,0.9031129447668371,0.9031129447668371,0.6497665725422455,0.6497665725422455
2021-01-23,0.930106428718595,0.930106428718595,0.6534796481122221,0.6534796481122221
2021-01-30,0.9299138893137647,0.9299138893137647,0.6528676446857054,0.6528676446857054
2021-02-06,0.9300155566824759,0.9300155566824759,0.6523305393015489,0.6523305393015489
2021-02-13,0.932613040463996,0.932613040463996,0.6262012452135602,0.6262012452135602
2021-02-20,0.9313153947156676,0.9313153947156676,0.6247644941649046,0.6247644941649046
2021-02-27,0.9339846588188462,0.9339846588188462,0.6450013907468796,0.6450013907468796
2021-03-06,0.934745086570847,0.934745086570847,0.5202923349276608,0.5202923349276608
2021-03-13,0.931882334605069,0.931882334605069,0.9345842564210307,0.9345842564210307
2021-03-20,0.931842993496835,0.931842993496835,0.9371289644200694,0.9371289644200694
2021-03-27,0.9321849596771447,0.9321849596771447,0.9223900546106992,0.9223900546106992
2021-04-03,0.9322058835374154,0.9322058835374154,0.9226809656828324,0.9226809656828324
2021-04-10,0.932331557577736,0.932331557577736,0.9233778705392285,0.9233778705392285
2021-04-17,0.9110102363484365,0.9110102363484365,0.9243346608673728,0.9243346608673728
2021-04-24,0.8627749677838387,0.8627749677838387,0.9232090871906471,0.9232090871906471
2021-05-01,0.9820423585351468,0.9820423585351468,0.925649661643728,0.925649661643728
2021-05-08,0.9819586995403693,0.9819586995403693,0.9233097875285556,0.9233097875285556
2021-05-15,0.98613342212389,0.98613342212389,0.9254367351717235,0.9254367351717235
2021-05-22,0.9859446595552954,0.9859446595552954,0.9224606297131255,0.9224606297131255
2021-05-29,0.9851974549783753,0.9851974549783753,0.9154827913235877,0.9154827913235877
2021-06-05,0.9843910830045113,0.9843910830045113,0.9152513141319278,0.9152513141319278
2021-06-12,0.9785355034563189,0.9785355034563189,0.9138498737877947,0.9138498737877947
2021-06-19,0.9782418982490543,0.9782418982490543,0.9154740393629701,0.9154740393629701
2021-06-26,0.9783935537325028,0.9783935537325028,0.9158403430645181,0.9158403430645181
2021-07-03,0.9772461727584733,0.9772461727584733,0.9165950992247573,0.9165950992247573
2021-07-10,0.9746722322522918,0.9746722322522918,0.9153293974616069,0.9153293974616069
2021-07-17,0.9739999874605003,0.9739999874605003,0.915544002552026,0.915544002552026
2021-07-24,0.9678547028204116,0.9678547028204116,0.9296776536311746,0.9296776536311746
2021-07-31,0.9720125821980758,0.9720125821980758,0.9291632747678673,0.9291632747678673
2021-08-07,0.9733513942977198,0.9733513942977198,0.9296272937271449,0.9296272937271449
2021-08-14,0.9644249740861995,0.9644249740861995,0.9290253732602338,0.9290253732602338
2021-08-21,0.964299302445361,0.964299302445361,0.9276724551419991,0.9276724551419991
2021-08-28,0.966169610360842,0.966169610360842,0.9283482428306455,0.9283482428306455
2021-09-04,0.9679083247752862,0.9679083247752862,0.929230719127847,0.929230719127847
2021-09-11,0.9680200689643739,0.9680200689643739,0.9267901164157337,0.9267901164157337
2021-09-18,0.9891226547426619,0.9891226547426619,0.9285264352847469,0.9285264352847469
2021-09-25,0.9930249509711276,0.9930249509711276,0.9289581202772966,0.9289581202772966
2021-10-02,0.9922441593207098,0.9922441593207098,0.930075666728487,0.930075666728487
2021-10-09,0.9920868832141396,0.9920868832141396,0.9296626088141715,0.9296626088141715
2021-10-16,0.9899929970226821,0.9899929970226821,0.9163284721956328,0.9163284721956328
2021-10-23,0.9914423816168817,0.9914423816168817,0.8936022175074748,0.8936022175074748
2021-10-30,0.9911171376476887,0.9911171376476887,0.9691968607664345,0.9691968607664345
2021-11-06,0.9910949165164084,0.9910949165164084,0.9691577150998055,0.9691577150998055
2021-11-13,0.9895876734100305,0.9895876734100305,0.976503806255907,0.976503806255907
2021-11-20,0.988017990545661,0.988017990545661,0.9767417646340324,0.9767417646340324
2021-11-27,0.9725413394082046,0.9725413394082046,0.9727906229669444,0.9727906229669444
2021-12-04,0.9641316602465647,0.9641316602465647,0.9683291215171771,0.9683291215171771
2021-12-11,0.9611572845091965,0.9611572845091965,0.9673728864487205,0.9673728864487205
2021-12-18,0.9608303248881828,0.9608303248881828,0.9674030206801361,0.9674030206801361
2021-12-25,0.9603651321095718,0.9603651321095718,0.9674830744412374,0.9674830744412374
2022-01-01,0.9599554484749458,0.9599554484749458,0.9666261092903483,0.9666261092903483
2022-01-08,0.9493256730986755,0.9493256730986755,0.961397747712635,0.961397747712635
2022-01-15,0.9515443277123482,0.9515443277123482,0.9611361232143698,0.9611361232143698
2022-01-22,0.9479972018692777,0.9479972018692777,0.9548301606758517,0.9548301606758517
2022-01-29,0.9482231464898712,0.9482231464898712,0.9564937448760028,0.9564937448760028
2022-02-05,0.9473766599925117,0.9473766599925117,0.9547955881638737,0.9547955881638737
2022-02-12,0.9308925309728415,0.9308925309728415,0.9410698572094551,0.9410698572094551
2022-02-19,0.6820685907131563,0.6820685907131563,0.7650807211071176,0.7650807211071176
2022-02-26,0.6833694342642341,0.6833694342642341,0.7485840888324394,0.7485840888324394
2022-03-05,0.23401860946538136,0.23401860946538136,0.39514332181853784,0.39514332181853784
2022-03-12,0.23081034659498226,0.23081034659498226,0.3909108950555918,0.3909108950555918
2022-03-19,0.1684647043823982,0.1684647043823982,0.38247936936917554,0.38247936936917554
2022-03-26,0.15317972780747344,0.15317972780747344,0.3582437974957539,0.3582437974957539
2022-04-02,0.10290341369278043,0.10290341369278043,0.34513112620797126,0.34513112620797126
2022-04-09,0.08617633997722628,0.08617633997722628,0.33260784744562816,0.33260784744562816
2022-04-16,0.0031486682519208157,0.0031486682519208157,0.27649126401539553,0.27649126401539553
2022-04-23,-0.18528597295167404,-0.18528597295167404,0.16215762468086767,0.16215762468086767
2022-04-30,-0.1855661003328196,-0.1855661003328196,0.1514061167999136,0.1514061167999136
2022-05-07,-0.19849859472805512,-0.19849859472805512,0.13875331240003222,0.13875331240003222
2022-05-14,-0.4396741734230557,-0.4396741734230557,0.015546401590835974,0.015546401590835974
2022-05-21,-0.45997643674714966,-0.45997643674714966,0.008846753605169608,0.008846753605169608
2022-05-28,-0.5856689710601053,-0.5856689710601053,-0.05963256001254752,-0.05963256001254752
2022-06-04,-0.6806715194520225,-0.6806715194520225,-0.2367245819997918,-0.2367245819997918
2022-06-11,-0.7396430645891955,-0.7396430645891955,-0.2897409232911385,-0.2897409232911385
2022-06-18,-0.7457264967798921,-0.7457264967798921,-0.3033316538588778,-0.3033316538588778
2022-06-25,-0.7679764402573697,-0.7679764402573697,-0.32624674136848286,-0.32624674136848286
2022-07-02,-0.7677140804744552,-0.7677140804744552,-0.3321177690343592,-0.3321177690343592
2022-07-09,-0.8308272711494264,-0.8308272711494264,-0.38369771425908444,-0.38369771425908444
2022-07-16,-0.8717367614693098,-0.8717367614693098,-0.41803428142156107,-0.41803428142156107
2022-07-23,-0.8753260268804606,-0.8753260268804606,-0.43182692604751455,-0.43182692604751455
2022-07-30,-0.8832030576487753,-0.8832030576487753,-0.44787868372628176,-0.44787868372628176
2022-08-06,-0.9198306170887488,-0.9198306170887488,-0.45796771490401056,-0.45796771490401056
2022-08-13,-0.9212855102420784,-0.9212855102420784,-0.47653064651804755,-0.47653064651804755
2022-08-20,-0.9708568553346932,-0.9708568553346932,-0.4968681027968286,-0.4968681027968286
2022-08-27,-0.9730885889573673,-0.9730885889573673,-0.5115542696733522,-0.5115542696733522
2022-09-03,-0.9851711210647117,-0.9851711210647117,-0.536565903495062,-0.536565903495062
2022-09-10,-0.9768652668461455,-0.9768652668461455,-0.5490365005000201,-0.5490365005000201
2022-09-17,-0.9776669998682164,-0.9776669998682164,-0.5932486381418764,-0.5932486381418764
2022-09-24,-0.9826443568832239,-0.9826443568832239,-0.604294415769995,-0.604294415769995
2022-10-01,-0.982793421195941,-0.982793421195941,-0.6276086637276524,-0.6276086637276524
2022-10-08,-0.9839074453915043,-0.9839074453915043,-0.6436537307197944,-0.6436537307197944
2022-10-15,-0.9845322119752615,-0.9845322119752615,-0.6665998415718589,-0.6665998415718589
2022-10-22,-0.9843355450890956,-0.9843355450890956,-0.704525873846793,-0.704525873846793
2022-10-29,-0.9819855806549336,-0.9819855806549336,-0.7311792228146586,-0.7311792228146586
2022-11-05,-0.9819864908857152,-0.9819864908857152,-0.7339688161172715,-0.7339688161172715
2022-11-12,-0.9810450573557773,-0.9810450573557773,-0.7881214215245339,-0.7881214215245339
2022-11-19,-0.9807926876871595,-0.9807926876871595,-0.7952266093270621,-0.7952266093270621
2022-11-26,-0.9799505406129368,-0.9799505406129368,-0.833388471598868,-0.833388471598868
2022-12-03,-0.9783225708072015,-0.9783225708072015,-0.8408264621119396,-0.8408264621119396
2022-12-10,-0.9774854168716203,-0.9774854168716203,-0.8591440728364231,-0.8591440728364231
2022-12-17,-0.9779426711712214,-0.9779426711712214,-0.8616081719565287,-0.8616081719565287
2022-12-24,-0.9787306255272883,-0.9787306255272883,-0.8711961139739878,-0.8711961139739878
2022-12-31,-0.9796665329985059,-0.9796665329985059,-0.8757972705930467,-0.8757972705930467
2023-01-07,-0.978803240844152,-0.978803240844152,-0.9015729950794126,-0.9015729950794126
2023-01-14,-0.9580332496235158,-0.9580332496235158,-0.9099633124203794,-0.9099633124203794
2023-01-21,-0.9563614709331595,-0.9563614709331595,-0.9110076482532645,-0.9110076482532645
2023-01-28,-0.9539079488088336,-0.9539079488088336,-0.9129548902192761,-0.9129548902192761
2023-02-04,-0.9522855715106905,-0.9522855715106905,-0.9333687787901758,-0.9333687787901758
2023-02-11,-0.9516310912350348,-0.9516310912350348,-0.9335555715912768,-0.9335555715912768
2023-02-18,-0.9460473490781353,-0.9460473490781353,-0.9582490371868059,-0.9582490371868059
2023-02-25,-0.9475828910179219,-0.9475828910179219,-0.9602317022138445,-0.9602317022138445
2023-03-04,-0.9423880056909333,-0.9423880056909333,-0.961362738797355,-0.961362738797355
2023-03-11,-0.9415291392242111,-0.9415291392242111,-0.9617083061557705,-0.9617083061557705
2023-03-18,-0.9059152228716598,-0.9059152228716598,-0.9484569152479716,-0.9484569152479716
2023-03-25,-0.9072842765181615,-0.9072842765181615,-0.9508149827849788,-0.9508149827849788
2023-04-01,-0.9031149061420574,-0.9031149061420574,-0.9501288853425826,-0.9501288853425826
2023-04-08,-0.9016354608245207,-0.9016354608245207,-0.9499658762086712,-0.9499658762086712
2023-04-15,-0.904757271393356,-0.904757271393356,-0.94923201581527,-0.94923201581527
2023-04-22,-0.9041310674511356,-0.9041310674511356,-0.9476123180110434,-0.9476123180110434
2023-04-29,-0.8662050917769927,-0.8662050917769927,-0.9474130609371317,-0.9474130609371317
2023-05-06,-0.8687402494067564,-0.8687402494067564,-0.9475409854175724,-0.9475409854175724
2023-05-13,-0.8615323810055018,-0.8615323810055018,-0.9447654028207465,-0.9447654028207465
2023-05-20,-0.8477900360970199,-0.8477900360970199,-0.9395049464139303,-0.9395049464139303
2023-05-27,-0.836693424890135,-0.836693424890135,-0.9367162933243562,-0.9367162933243562
2023-06-03,-0.8239713466906438,-0.8239713466906438,-0.9285149572743575,-0.9285149572743575
2023-06-10,-0.8109708072284818,-0.8109708072284818,-0.9211614187093778,-0.9211614187093778
2023-06-17,-0.7921277780877047,-0.7921277780877047,-0.9122480079390629,-0.9122480079390629
2023-06-24,-0.7890927573212408,-0.7890927573212408,-0.9115573910039317,-0.9115573910039317
2023-07-01,-0.754080446961752,-0.754080446961752,-0.8982645555238944,-0.8982645555238944
2023-07-08,-0.7570574543798405,-0.7570574543798405,-0.897533709424675,-0.897533709424675
2023-07-15,-0.7675744251130892,-0.7675744251130892,-0.893541128206351,-0.893541128206351
2023-07-22,-0.734368833520526,-0.734368833520526,-0.8833625867063604,-0.8833625867063604
2023-07-29,-0.7282374743934434,-0.7282374743934434,-0.8806820865112838,-0.8806820865112838
2023-08-05,-0.7439248914411491,-0.7439248914411491,-0.8810485061559946,-0.8810485061559946
2023-08-12,-0.7244679616113575,-0.7244679616113575,-0.8781058390122705,-0.8781058390122705
2023-08-19,-0.7206741343071453,-0.7206741343071453,-0.870805778164292,-0.870805778164292
2023-08-26,-0.6899981974933238,-0.6899981974933238,-0.8700272379322792,-0.8700272379322792
2023-09-02,-0.6962727481513511,-0.6962727481513511,-0.8629036925147001,-0.8629036925147001
2023-09-09,-0.7313297478269541,-0.7313297478269541,-0.8597130477367657,-0.8597130477367657
2023-09-16,-0.7511918230481521,-0.7511918230481521,-0.8565425513651864,-0.8565425513651864
2023-09-23,-0.7513824859500942,-0.7513824859500942,-0.8564754557126265,-0.8564754557126265
2023-09-30,-0.7533366616103766,-0.7533366616103766,-0.8551539517308391,-0.8551539517308391
2023-10-07,-0.7718768279662391,-0.7718768279662391,-0.8575545711234467,-0.8575545711234467
2023-10-14,-0.7764981084991517,-0.7764981084991517,-0.8595644579316516,-0.8595644579316516
2023-10-21,-0.819807035582728,-0.819807035582728,-0.8643749120070173,-0.8643749120070173
2023-10-28,-0.8200093336829094,-0.8200093336829094,-0.8385871124669149,-0.8385871124669149
2023-11-04,-0.7871945887845873,-0.7871945887845873,-0.8250399755016246,-0.8250399755016246
2023-11-11,-0.793440951894122,-0.793440951894122,-0.8248338930288989,-0.8248338930288989
2023-11-18,-0.8016559327943081,-0.8016559327943081,-0.8235664713330297,-0.8235664713330297
2023-11-25,-0.8036053516263497,-0.8036053516263497,-0.8187927856873761,-0.8187927856873761
2023-12-02,-0.7880547026202899,-0.7880547026202899,-0.8073933034595288,-0.8073933034595288
2023-12-09,-0.8015438741678921,-0.8015438741678921,-0.8071137420931184,-0.8071137420931184
2023-12-16,-0.8144326640713581,-0.8144326640713581,-0.806745650890016,-0.806745650890016
2023-12-23,-0.7896088480936203,-0.7896088480936203,-0.7874089323364973,-0.7874089323364973
2023-12-30,-0.8040389981470524,-0.8040389981470524,-0.7692813251817098,-0.7692813251817098
2024-01-06,-0.8023100231300125,-0.8023100231300125,-0.7694667852542528,-0.7694667852542528
2024-01-13,-0.7247239305579771,-0.7247239305579771,-0.7335006368937147,-0.7335006368937147
2024-01-20,-0.7553085801332925,-0.7553085801332925,-0.7287415149366214,-0.7287415149366214
2024-01-27,-0.7576851037049914,-0.7576851037049914,-0.726900148089035,-0.726900148089035
2024-02-03,-0.7323913227462783,-0.7323913227462783,-0.7266720598245682,-0.7266720598245682
2024-02-10,-0.6974768814432888,-0.6974768814432888,-0.6976671690407958,-0.6976671690407958
2024-02-17,-0.6761525684009253,-0.6761525684009253,-0.6832740614326405,-0.6832740614326405
2024-02-24,-0.6695591277196705,-0.6695591277196705,-0.6586032505660182,-0.6586032505660182
2024-03-02,-0.6705720279245894,-0.6705720279245894,-0.6581527439107223,-0.6581527439107223
2024-03-09,-0.5989663987885775,-0.5989663987885775,-0.6301153344797125,-0.6301153344797125
2024-03-16,-0.6016939106778344,-0.6016939106778344,-0.6356471369837553,-0.6356471369837553
2024-03-23,-0.5469228630361211,-0.5469228630361211,-0.6105440030550174,-0.6105440030550174
2024-03-30,-0.5294073293717729,-0.5294073293717729,-0.6031437039082594,-0.6031437039082594
2024-04-06,-0.3736422028685312,-0.3736422028685312,-0.5741420513717023,-0.5741420513717023
2024-04-13,-0.30563083835509935,-0.30563083835509935,-0.5687690445443566,-0.5687690445443566
2024-04-20,0.3849888673395028,0.3849888673395028,-0.5666871724986265,-0.5666871724986265
2024-04-27,0.4624068870978237,0.4624068870978237,-0.5255276366885383,-0.5255276366885383
2024-05-04,0.5964551194239971,0.5964551194239971,-0.509362924757247,-0.509362924757247
2024-05-11,0.6067308494869521,0.6067308494869521,-0.5134915077207084,-0.5134915077207084
2024-05-18,0.6270511744771581,0.6270511744771581,-0.5052834660850328,-0.5052834660850328
2024-05-25,0.743542920446069,0.743542920446069,-0.4986500383345508,-0.4986500383345508
2024-06-01,0.7955205738975633,0.7955205738975633,-0.46923876146652976,-0.46923876146652976
2024-06-08,0.7974092015966007,0.7974092015966007,-0.4721252079307617,-0.4721252079307617
2024-06-15,0.7987007977050093,0.7987007977050093,-0.47328671757244356,-0.47328671757244356
2024-06-22,0.7607155554867367,0.7607155554867367,-0.4558916794460347,-0.4558916794460347
2024-06-29,0.7615971237873208,0.7615971237873208,-0.45630495035837126,-0.45630495035837126
2024-07-06,0.8315248800648035,0.8315248800648035,-0.3329967279613133,-0.3329967279613133
2024-07-13,0.8096791358062114,0.8096791358062114,-0.3335096958906654,-0.3335096958906654
2024-07-20,0.7488330155380053,0.7488330155380053,-0.32318126822084225,-0.32318126822084225
2024-07-27,0.7516266497428604,0.7516266497428604,-0.3244179640442815,-0.3244179640442815
2024-08-03,0.6527004642118672,0.6527004642118672,-0.27440301356616337,-0.27440301356616337
2024-08-10,0.6448050490236258,0.6448050490236258,-0.26804327601762407,-0.26804327601762407
2024-08-17,0.6379242705283507,0.6379242705283507,-0.25186144702507196,-0.25186144702507196
2024-08-24,0.7074796249242422,0.7074796249242422,-0.09513247493946027,-0.09513247493946027
2024-08-31,0.7316784350842995,0.7316784350842995,-0.06516761631323326,-0.06516761631323326
2024-09-07,0.7233817308160129,0.7233817308160129,-0.013698010410328297,-0.013698010410328297
2024-09-14,0.7364735289508381,0.7364735289508381,0.02418976193491793,0.02418976193491793
2024-09-21,0.7330425186113388,0.7330425186113388,0.030242459322483685,0.030242459322483685
2024-09-28,0.7299206094585077,0.7299206094585077,0.036163024278440224,0.036163024278440224
2024-10-05,0.7326694336257984,0.7326694336257984,0.12961816134759177,0.12961816134759177
2024-10-12,0.7541721807922045,0.7541721807922045,0.17952816702247043,0.17952816702247043
2024-10-19,0.7676871108627245,0.7676871108627245,0.6487468394811339,0.6487468394811339
2024-10-26,0.765628676645833,0.765628676645833,0.6624452030653991,0.6624452030653991
2024-11-02,0.7651507503308176,0.7651507503308176,0.7145570743851287,0.7145570743851287
2024-11-09,0.7649920215207526,0.7649920215207526,0.717994605513121,0.717994605513121
2024-11-16,0.7651752550026952,0.7651752550026952,0.7208703217213699,0.7208703217213699
2024-11-23,0.7795875027181923,0.7795875027181923,0.761473823410839,0.761473823410839
2024-11-30,0.7810564260543532,0.7810564260543532,0.7748858508144099,0.7748858508144099
2024-12-07,0.7969357975683975,0.7969357975683975,0.7863003406152901,0.7863003406152901
2024-12-14,0.7976580424812282,0.7976580424812282,0.7864442998762042,0.7864442998762042
2024-12-21,0.8102324442791466,0.8102324442791466,0.7897948381957599,0.7897948381957599
2024-12-28,0.8085648646232372,0.8085648646232372,0.7900285509659181,0.7900285509659181
2025-01-04,0.7679390418114971,0.7679390418114971,0.7857466630018709,0.7857466630018709
2025-01-11,0.7614482161858644,0.7614482161858644,0.771414234416599,0.771414234416599
2025-01-18,0.8147105425087525,0.8147105425087525,0.7716253076136543,0.7716253076136543
2025-01-25,0.815169212432839,0.815169212432839,0.7722487513104492,0.7722487513104492
2025-02-01,0.9163536912555369,0.9163536912555369,0.7818106800883644,0.7818106800883644
2025-02-08,0.9200432211942341,0.9200432211942341,0.7810436190620497,0.7810436190620497
2025-02-15,0.9229794255873742,0.9229794255873742,0.7829869909305348,0.7829869909305348
2025-02-22,0.8963221356163498,0.8963221356163498,0.786221297765741,0.786221297765741
2025-03-01,0.8973921498914433,0.8973921498914433,0.790850956527302,0.790850956527302
2025-03-08,0.8980597206624586,0.8980597206624586,0.7864428220371135,0.7864428220371135
2025-03-15,0.8916849833021668,0.8916849833021668,0.7899649085825803,0.7899649085825803
2025-03-22,0.8955096818561202,0.8955096818561202,0.7959516834989582,0.7959516834989582
2025-03-29,0.9371598731402969,0.9371598731402969,0.8393781325905543,0.8393781325905543
2025-04-05,0.9338361961798778,0.9338361961798778,0.8475768175951356,0.8475768175951356
2025-04-12,0.8910209721073695,0.8910209721073695,0.8367081792508495,0.8367081792508495
2025-04-19,0.894192414814177,0.894192414814177,0.8439834205662188,0.8439834205662188
2025-04-26,0.8925115760954886,0.8925115760954886,0.8431315278000784,0.8431315278000784
2025-05-03,0.9003080298270983,0.9003080298270983,0.8508996860565181,0.8508996860565181
2025-05-10,0.9045365658296305,0.9045365658296305,0.8543067792431861,0.8543067792431861
2025-05-17,0.9040095283466635,0.9040095283466635,0.8549418277581824,0.8549418277581824
2025-05-24,0.9053827416986806,0.9053827416986806,0.8554195362608895,0.8554195362608895
2025-05-31,0.907686703270016,0.907686703270016,0.8587181482992567,0.8587181482992567
2025-06-07,0.9038497375531671,0.9038497375531671,0.8588007224662381,0.8588007224662381
2025-06-14,0.8984210639611452,0.8984210639611452,0.8558460176612694,0.8558460176612694
2025-06-21,0.90362375524247,0.90362375524247,0.8615754711141824,0.8615754711141824
2025-06-28,0.9010298480118195,0.9010298480118195,0.8607620326890517,0.8607620326890517
2025-07-05,0.9050425789724501,0.9050425789724501,0.852251934887484,0.852251934887484
2025-07-12,0.9109496890716454,0.9109496890716454,0.8539140703839534,0.8539140703839534
2025-07-19,0.9142911703004505,0.9142911703004505,0.8807069851886363,0.8807069851886363
2025-07-26,0.9157259831157373,0.9157259831157373,0.8827971718093678,0.8827971718093678
2025-08-02,0.9125745949772003,0.9125745949772003,0.9131116784287764,0.9131116784287764
2025-08-09,0.9120451499392777,0.9120451499392777,0.9134661496214138,0.9134661496214138
2025-08-16,0.9110828937665707,0.9110828937665707,0.9138878153866176,0.9138878153866176
2025-08-23,0.9115536436705179,0.9115536436705179,0.9060253884321031,0.9060253884321031
2025-08-30,0.9081608802934816,0.9081608802934816,0.903071646492509,0.903071646492509
2025-09-06,0.9050149110674736,0.9050149110674736,0.9014379163005458,0.9014379163005458
