date,n_assets,port_ret,avg_p_up,avg_gross
2008-11-29,4,0.0034592279097621324,0.9527625335709998,0.0872857210195764
2008-12-06,4,-0.000255833218082222,0.44366533039984524,0.028235126282093344
2008-12-13,4,-0.002663690208778795,0.999999,0.12288924846989259
2008-12-20,4,0.0019440272336539687,0.5643475126171593,0.02905859305774052
2008-12-27,4,0.0025868876849506,0.42289883085684443,0.06690469574882012
2009-01-03,4,0.002492277736175546,0.4890498126417823,0.046990960133865806
2009-01-10,4,-0.0014808666620043875,0.5591135254686899,0.04849120888770074
2009-01-17,4,-0.0022255271960189933,0.011905511904761905,0.12865078099430297
2009-01-24,4,-0.011180752471945561,1e-06,0.1741431085174483
2009-01-31,4,0.006036551072715452,0.14583358333333332,0.13652314102663737
2009-02-07,4,0.0057591776308014075,0.38974358974358975,0.07421262047544952
2009-02-14,4,0.0031089377458717675,0.3342217484008529,0.0762724645975588
2009-02-21,4,0.0052277137843428,0.3564189189189189,0.07935315037477039
2009-02-28,4,-0.013712858620115644,0.29423076923076924,0.17691561267762765
2009-03-07,4,-0.0028940977843056825,0.09587399294009669,0.11415663959087335
2009-03-14,4,0.0016497828374449949,0.5703177948126106,0.04468514241892526
2009-03-21,4,-0.0029741064693756536,0.3893892916899052,0.06823495595159276
2009-03-28,4,-0.0028709118798982652,0.3996117186906661,0.12785337697751475
2009-04-04,4,-0.011368611409812556,0.33712121212121215,0.32895931115883126
2009-04-11,4,0.00014117888823431156,0.22110794671893164,0.4095797831069637
2009-04-18,4,-0.004564847750760777,0.27542407653199485,0.24589706520396032
2009-04-25,4,-0.009445067313260311,0.14536368257632945,0.31664057018264885
2009-05-02,4,0.011064768058300992,0.09654469595157972,0.2961959275277076
2009-05-09,4,-0.004562759387095729,0.20402970849751928,0.20627708902685007
2009-05-16,4,-0.005595807155798854,0.014706632352941177,0.21694626127265879
2009-05-23,4,-0.0051128667428892265,0.30068965517241375,0.17672929639331375
2009-05-30,4,-0.00015592296497391153,0.47933202801415764,0.07754434428578466
2009-06-06,4,0.0038639346644885526,0.43829787234042555,0.12024397773711293
2009-06-13,4,0.0008023065508703995,0.42857142857142855,0.09843526282285868
2009-06-20,4,0.004561852324211409,0.1935483870967742,0.26547930651900853
2009-06-27,4,0.0034995162363112052,0.42499999999999993,0.13151633493993822
2009-07-04,4,-0.021880483452704564,0.33783084004603,0.2731465462267106
2009-07-11,4,-0.003539041776692652,0.4192546583850932,0.07721558517016139
2009-07-18,4,0.0003600110235208225,0.5343412396644336,0.04906730942618776
2009-07-25,4,0.0006751447621739231,0.5715718259873013,0.02759248137750239
2009-08-01,4,-0.0012187426373610156,0.6256014910747831,0.0945803214781443
2009-08-08,4,0.0024248547901236897,0.6246008939974457,0.102789721312099
2009-08-15,4,0.0006745228973595399,0.6057493742177722,0.0876350527815368
2009-08-22,4,-0.0046625577947165915,0.9473679210526316,0.3210465500072191
2009-08-29,4,0.004967299145425602,0.6586174242424243,0.15411978871362042
2009-09-05,4,0.0016900487851828948,0.5905594405594405,0.0788865637511158
2009-09-12,4,-0.005749409438161905,0.7752808988764044,0.28460038238016533
2009-09-19,4,-0.00531032535933918,0.875,0.2584124147047929
2009-09-26,4,0.005492370993799056,0.6628890041493776,0.12779158728314388
2009-10-03,4,0.000791591455574219,0.6364010989010989,0.10318206939996383
2009-10-10,4,-2.275811767681362e-05,0.6931818181818181,0.16541964940587092
2009-10-17,4,-0.007548616490906646,0.6816513761467891,0.16110400816721246
2009-10-24,4,0.004662574544128959,0.7519461077844312,0.16426058371551172
2009-10-31,4,-0.0004217551304720647,0.508803013913238,0.07430899890750356
2009-11-07,4,-0.0008342111165077065,0.6321000521104742,0.08774316303070931
2009-11-14,4,6.753006353451131e-05,0.6203839638622247,0.07896119111638321
2009-11-21,4,-0.001129816083864803,0.5062216969008121,0.048649603336735674
2009-11-28,4,-0.0009154838602552799,0.6291585127201565,0.13162683044024517
2009-12-05,4,0.000899618046372456,0.6284403669724771,0.1518245313575301
2009-12-12,4,0.004262411955159469,0.6292682926829268,0.15944000555225896
2009-12-19,4,-0.0005647760418998862,0.6438356164383562,0.16996779351539487
2009-12-26,4,0.0026195003290190207,0.6287570621468926,0.14019201500092313
2010-01-02,4,0.0031736685246860985,0.46473029045643155,0.15018587997855337
2010-01-09,4,-0.0022435753114365227,0.5911987256073278,0.06019532913761244
2010-01-16,4,-0.0039516882852462885,0.7168033926585095,0.18306175583715947
2010-01-23,4,-0.0017643524105123139,0.5338624338624338,0.0808434102737143
2010-01-30,4,-0.0013118643203455039,0.5144974453573465,0.1658429732842399
2010-02-06,4,0.0034631698530866004,0.6146341463414633,0.09869454733768196
2010-02-13,4,0.0012678940416703509,0.42872165065651113,0.11707958910271685
2010-02-20,4,-0.000863332394583746,0.5201131363922061,0.12384551230749552
2010-02-27,4,-0.0017665612766184877,0.4205128205128205,0.14312580252120333
2010-03-06,4,0.0005743931007388173,0.6292808219178082,0.11544424077881078
2010-03-13,4,0.0014244360422822244,0.6221577164973391,0.11186318573345168
2010-03-20,4,0.0017236924930059791,0.6341876359117737,0.14840271979097938
2010-03-27,4,0.0015339008288243292,0.6121395348837209,0.1873594450413723
2010-04-03,4,0.001091388064235897,0.4483247422680412,0.22803593522145044
2010-04-10,4,-0.0013199556581404192,0.48114499210990436,0.12596523734085424
2010-04-17,4,0.005236028996303914,0.4369230769230769,0.2069612517899778
2010-04-24,4,0.0029461499259419164,0.5366817226365046,0.09578240879014871
2010-05-01,4,-0.000111759472764696,0.5545967939948789,0.07652544172247702
2010-05-08,4,0.0012688780063875404,0.4727130977130977,0.06838178397297098
2010-05-15,4,0.0018953053264592313,0.999999,0.14862008666372206
2010-05-22,4,0.0004319747901495312,0.5179768495444892,0.06977499780825966
2010-05-29,4,0.001886173446966549,0.6510067114093959,0.08912510114636436
2010-06-05,4,0.0031979646638407256,0.6395981652724133,0.10072252409670959
2010-06-12,4,0.005939397583326945,0.4169867549668874,0.19038856432347445
2010-06-19,4,-0.0046487988864322306,0.6419699950811608,0.09675313473818697
2010-06-26,4,0.001677413676973065,0.5686100058944886,0.05678959723503169
2010-07-03,4,0.0006693814358675792,0.4428725782414307,0.06415176772455088
2010-07-10,4,0.002829917059166683,0.6513805522208882,0.09162001200129598
2010-07-17,4,-3.644458066286366e-05,0.6550522648083623,0.09548355664205188
2010-07-24,4,0.0023120393944590966,0.6542617775619233,0.1291759178589443
2010-07-31,4,-0.004967496257544636,0.6472888425443171,0.16030626141322402
2010-08-07,4,-0.001493379734665121,0.6779011154011153,0.14671851299175273
2010-08-14,4,0.00015836525489405843,0.5101870997219834,0.06043101236487865
2010-08-21,4,0.00034066072269454777,0.528353955830548,0.04286722984877524
2010-08-28,4,0.0002312354026303309,0.5487322511072463,0.05101248676526263
2010-09-04,4,0.001251098097365762,0.6487068965517241,0.13476188397575967
2010-09-11,4,-0.000977007328063697,0.5025518341307814,0.03614870056556696
2010-09-18,4,-0.002027851171545979,0.6379420030762045,0.16054195119111705
2010-09-25,4,0.00188149560406709,0.6180387409200969,0.11775546774532622
2010-10-02,4,0.0022312096536976408,0.5879494069149241,0.09661688351188405
2010-10-09,4,0.0015968876266658526,0.6488549618320609,0.16344076455221523
2010-10-16,4,-7.648234742095529e-05,0.8462128041871921,0.32280606374113047
2010-10-23,4,0.004695862673781467,0.6494360902255639,0.19071400269569358
2010-10-30,4,-0.0006779776532750341,0.5797079130412462,0.07120144411042846
2010-11-06,4,0.0017887712087091357,0.7070754716981131,0.2454327353015274
2010-11-13,4,-0.0012761620743054875,0.6204315852027931,0.1310953984349726
2010-11-20,4,0.0008664845960743863,0.587029927578263,0.07754194778892919
2010-11-27,4,-0.003127275014443565,0.39248366013071895,0.25956657636234526
2010-12-04,4,0.0,0.532710470607393,0.0
2010-12-11,4,-0.0025977766981819138,0.41984841431532177,0.27949476891602076
2010-12-18,4,0.005526123128030105,0.37888198757763975,0.40702547680065937
2010-12-25,4,-0.003767326635434074,0.3924716042429363,0.29528510230897287
2011-01-01,4,-0.006491851389524993,0.38823529411764707,0.2969458512737934
2011-01-08,4,1.4963384927367323e-05,0.4841507177033493,0.09796931731784841
2011-01-15,4,-6.024832832172359e-05,0.6131687242798354,0.10158496724936693
2011-01-22,4,-0.004322413490370266,0.4435317053327621,0.20492515110330214
2011-01-29,4,-0.0004201188922317562,0.4870065646465525,0.1532019489202936
2011-02-05,4,-0.0005942611460569455,0.5525863084717805,0.04119334362365914
2011-02-12,4,0.0,0.5868534482758622,0.0
2011-02-19,4,3.2559185372512246e-05,0.3977790645546922,0.1995839750227254
2011-02-26,4,0.004819559433735074,0.39316239316239315,0.22210298359973052
2011-03-05,4,0.007080408740752404,0.39669421487603307,0.2174885439758273
2011-03-12,4,-0.008778421616430067,0.38524590163934425,0.22892004884226821
2011-03-19,4,-0.003035011675175429,0.38486516235553114,0.17554177589927278
2011-03-26,4,0.0001799391571275675,0.4465360051832654,0.1113869109720273
2011-04-02,4,0.0002696855534696669,0.5232748538011696,0.042189430100331035
2011-04-09,4,-0.005856905546753785,0.20930232558139536,0.35566925483409734
2011-04-16,4,-0.006678638276762171,0.37362637362637363,0.3079231916617436
2011-04-23,4,0.003139437550846544,0.39296875,0.27563002601886666
2011-04-30,4,0.0016374671806714384,0.41962221781916653,0.1966145118580964
2011-05-07,4,0.002507182987954721,0.40476190476190477,0.2129937850218756
2011-05-14,4,0.002088336188898685,0.3769230769230769,0.25778364514354457
2011-05-21,4,0.006705343269062,0.3675,0.5013257851163083
2011-05-28,4,0.006534042988702599,0.3880042737048269,0.45118595089762226
2011-06-04,4,-0.002940578028264869,0.3805309734513274,0.41897577594672974
2011-06-11,4,0.0006875648949402816,0.4381443298969072,0.17913219692797383
2011-06-18,4,0.000963834922907758,0.5578366715518646,0.09274177889438157
2011-06-25,4,0.0007037925944487426,0.5473970473970474,0.02364892790463216
2011-07-02,4,0.0018286751026393559,0.470917588431847,0.1257617258605834
2011-07-09,4,-0.004110239650437636,0.3590752398081535,0.17763209254682844
2011-07-16,4,0.007339869343769312,0.3116883116883117,0.23505643778421853
2011-07-23,4,0.015115789013847353,0.4155107389991621,0.14924066636078462
2011-07-30,4,0.0013698739505769622,0.42832167832167833,0.07505559078322423
2011-08-06,4,0.00984958292804774,0.1400005,0.15291585682944117
2011-08-13,4,-0.005955227701103698,1e-06,0.1727554479603126
2011-08-20,4,-0.00029074408415759545,0.36685936738144886,0.09774876176379396
2011-08-27,4,0.004065978236178731,0.3621106902356902,0.12166640372585116
2011-09-03,4,-0.0029763226544058277,0.46836969667501993,0.05013119249649447
2011-09-10,4,0.0052635603074087,0.4058609666004033,0.0942642050740095
2011-09-17,4,0.0005011280888557018,0.5660359685275383,0.006608738800132254
2011-09-24,4,0.0,0.553030303030303,0.0
2011-10-01,4,-0.002619720898791817,0.49686520376175547,0.08121074390828678
2011-10-08,4,0.00030093922654525213,0.3440285204991087,0.12256993427037752
2011-10-15,4,-0.007825971199251974,0.35692946990116803,0.16105804590065337
2011-10-22,4,0.011189799846799596,0.11538511538461539,0.25823868937120764
2011-10-29,4,-0.001033732167756454,0.35408738548273433,0.1239486728009541
2011-11-05,4,0.007657956999287108,0.1287883787878788,0.1895390391896536
2011-11-12,4,0.0055499334008333925,0.37823834196891193,0.11193839383425472
2011-11-19,4,-0.01193618796186876,0.37917507428503316,0.13567753427142876
2011-11-26,4,-0.00041759115036163556,0.2118476941747573,0.13584413765522785
2011-12-03,4,-0.0021421058683989006,0.6237373737373737,0.05136923175834515
2011-12-10,4,-0.0013874318286716005,0.4613970588235294,0.043200551066789356
2011-12-17,4,8.414301488295896e-05,0.5171668062915933,0.013791279925110669
2011-12-24,4,0.001737693609123643,0.6375841493268054,0.09781921482753392
2011-12-31,4,0.00034931867450232264,0.560555557479984,0.020400441340059968
2012-01-07,4,0.005224053026828901,0.6361323155216287,0.15450826493797776
2012-01-14,4,0.0012608614409079261,0.6368286445012789,0.15249423047192992
2012-01-21,4,0.003438199872908103,0.6055074257425742,0.1112346472314932
2012-01-28,4,-0.0008665936866769221,0.6456521739130435,0.18564784185070948
2012-02-04,4,0.002290683718794284,0.6417910447761193,0.13782591382999837
2012-02-11,4,-0.00024065802115624818,0.43378234267617466,0.12315169925494794
2012-02-18,4,-0.002276451810275299,0.401033307205156,0.20773306640280523
2012-02-25,4,-0.0006612116413358713,0.6482450845119007,0.20603652558055613
2012-03-03,4,0.006602428673909222,0.6454275452410554,0.2074534714498657
2012-03-10,4,-0.0021959345872245096,0.6510638297872341,0.18335535388611582
2012-03-17,4,-0.00014371856285416978,0.6317516342071569,0.1281626981204739
2012-03-24,4,-0.001355181538377937,0.6187269829917248,0.1121919052854626
2012-03-31,4,-0.00254216559787268,0.6202457687813336,0.09539129935340461
2012-04-07,4,0.002342314574157701,0.6384819146353653,0.1861829967725224
2012-04-14,4,0.0020716020143781468,0.6377412991404819,0.1306677685703304
2012-04-21,4,-0.007148052692550965,0.7107312884461212,0.2037070488019137
2012-04-28,4,-0.001103649505169106,0.7976190476190477,0.2648510954187404
2012-05-05,4,-0.012493944755651017,0.7685483870967742,0.2628295833842547
2012-05-12,4,0.003459102403432699,0.8977270227272727,0.2468667012129767
2012-05-19,4,-0.00947904823965421,0.88,0.26013800361876577
2012-05-26,4,0.0073608073412197335,0.9565209891304347,0.23491364130565875
2012-06-02,4,0.002811448915260136,0.8207388662790691,0.22066346541326523
2012-06-09,4,0.00046757201667670144,0.9596766693548386,0.2543691884902507
2012-06-16,4,0.006132276356554689,0.999999,0.27537393932916926
2012-06-23,4,-0.0019071823817695685,0.8235294117647058,0.518283260159993
2012-06-30,4,0.003653303571513191,0.8723483381644439,0.485248834907724
2012-07-07,4,0.003040318481993528,0.7858108108108108,0.44677530910746793
2012-07-14,4,0.006479845262943744,0.7900997150997151,0.4394802912147216
2012-07-21,4,0.0077444197877304145,0.7719512195121951,0.45214473772631797
2012-07-28,4,0.006200471819928291,0.746031746031746,0.4448777029536039
2012-08-04,4,0.007900701131844563,0.7526881720430108,0.5183338322386546
2012-08-11,4,-0.004427465126783207,0.7625,0.5918755855619616
2012-08-18,4,-0.0001599339747363916,0.6282494758909853,0.1480347815434638
2012-08-25,4,0.003924447482633031,0.6212962962962965,0.13699132448273957
2012-09-01,4,0.00284008460004017,0.636094674556213,0.14566215035969976
2012-09-08,4,-5.8330634387615836e-05,0.6591478696741854,0.1742465986528015
2012-09-15,4,-0.0044889269069053545,0.6392857142857142,0.16339417226875497
2012-09-22,4,0.001824859970511449,0.6314285714285712,0.10669754603898444
2012-09-29,4,-0.003187138930990262,0.6361708769570648,0.12421875926738132
2012-10-06,4,0.0008261764938273901,0.6253602305475503,0.10438086021598192
2012-10-13,4,-0.0027812074849066586,0.7115718277642934,0.2205487118561306
2012-10-20,4,0.001959856761879963,0.6711696562032885,0.1544866106833437
2012-10-27,4,-0.004023246282589619,0.649798682284041,0.15173518523159424
2012-11-03,4,-0.002133371301050427,0.6212017919750681,0.10347925412711394
2012-11-10,4,0.004382778112595578,0.6069057104913679,0.09778482490353496
2012-11-17,4,0.0005051466524242304,0.5995920380166772,0.04879982891596636
2012-11-24,4,0.00021369658080890432,0.712280701754386,0.17691767387040405
2012-12-01,4,0.0004928340130431065,0.7107441471571907,0.19284617605187437
2012-12-08,4,0.0027725141165604113,0.7468637992831542,0.29152710128046966
2012-12-15,4,-0.005927739315607499,0.7579744816586922,0.5754774827473362
2012-12-22,4,0.009872414044729858,0.705161972858602,0.26979689121021
2012-12-29,4,-0.0006215642103362631,0.6367745535714285,0.194222240538822
2013-01-05,4,0.00013330868586995537,0.7060628375061364,0.2632565163521098
2013-01-12,4,0.0012489244248559532,0.6091772151898734,0.10429246403294047
2013-01-19,4,-4.32652539132419e-05,0.6871069182389936,0.2519123225341134
2013-01-26,4,-0.005577135797633194,0.7402894491129786,0.4768218599286937
2013-02-02,4,-0.00047646865363125835,0.6120689655172414,0.13774465950442688
2013-02-09,4,-0.00011610175954874323,0.6110397946084727,0.13644174516904953
2013-02-16,4,0.00014280827722113474,0.6315067690324092,0.16680531703673168
2013-02-23,4,0.004985825665801113,0.6295516529161389,0.15909968691754822
2013-03-02,4,0.0009443549541936227,0.7188599798893917,0.30697464095407895
2013-03-09,4,-0.002565400275026296,0.686048900760222,0.27661690267170336
2013-03-16,4,-0.0009087759923818448,0.6527288868303227,0.1701751872629388
2013-03-23,4,-0.0016908683227562322,0.6162162162162163,0.11625649170695579
2013-03-30,4,0.004444856455479001,0.6466174248782944,0.20218136457775351
2013-04-06,4,-0.00873640691891922,0.7179245283018868,0.3139087014174534
2013-04-13,4,0.011821160991915082,0.8928571428571429,0.36567456711571233
2013-04-20,4,0.0030845101395129302,0.6447067957617831,0.08974205436861268
2013-04-27,4,0.0030224001867835853,0.8141025641025641,0.24557196973023981
2013-05-04,4,0.005287576740318216,0.9802624078947367,0.3235926388975715
2013-05-11,4,-0.007098980679720007,0.999999,0.5548667042715775
2013-05-18,4,-0.0009724029592453148,0.842741935483871,0.4002779360015265
2013-05-25,4,-0.0014316785213744818,0.7058823529411765,0.28984186971557546
2013-06-01,4,-0.0029568510900328413,0.6432931442445391,0.17923435047210196
2013-06-08,4,-0.004769373951662537,0.6105100463678517,0.1394987839386117
2013-06-15,4,0.0017978635479747405,0.6215921267835993,0.1124919468847598
2013-06-22,4,-0.000568561420635786,0.48663101604278075,0.07480158221584346
2013-06-29,4,0.0031638890052411023,0.6093979441997065,0.08473696962450686
2013-07-06,4,-0.0005919315699778249,0.4666683959327661,0.09816807811683187
2013-07-13,4,0.00013230481283070904,0.5927934868612835,0.04688969940396523
2013-07-20,4,0.0015610019486577398,0.6080892608089262,0.0683666141964177
2013-07-27,4,-0.00045460851095090686,0.6103351955307262,0.10638495746921178
2013-08-03,4,-0.00046658108442215957,0.6106870229007635,0.12563043313899255
2013-08-10,4,0.0,0.5714285714285714,0.0
2013-08-17,4,0.004998152683811096,0.4480254718709914,0.19798268894227844
2013-08-24,4,-0.0036871381799426406,0.43087686567164174,0.18495950945907544
2013-08-31,4,-0.004397993179396591,0.39553752535496955,0.2088765361979277
2013-09-07,4,-0.0027029300033872346,0.4350198412698413,0.16998852976692003
2013-09-14,4,-8.069992357433471e-05,0.5428397907685779,0.04740367234576481
2013-09-21,4,0.00011487484192752176,0.5959784494935226,0.03026764687005603
2013-09-28,4,0.0006751593679194042,0.6065808297567954,0.08242323284828333
2013-10-05,4,0.0010784989521256058,0.5871503680798356,0.029051913922135443
2013-10-12,4,0.0003007983084787074,0.5288006111535524,0.06983985770294687
2013-10-19,4,0.0003301320994895055,0.6107921928817451,0.136846817105504
2013-10-26,4,0.00030456614718117484,0.6107921928817454,0.13327566044535705
2013-11-02,4,0.001533634436835512,0.6290105820105819,0.16098018348594706
2013-11-09,4,0.0005409398060455089,0.5430039603605541,0.1364842297924799
2013-11-16,4,0.003922392678081441,0.6135857461024499,0.21769980352794122
2013-11-23,4,-0.0032053062757515204,0.6194444444444444,0.18713006114507286
2013-11-30,4,-0.0018859516825766353,0.6146288209606987,0.11304283481213727
2013-12-07,4,0.0024908317095236362,0.6099773242630389,0.07015548443824315
2013-12-14,4,0.0013101127258315593,0.6147902869757175,0.08412105591607846
2013-12-21,4,-0.00124076780836561,0.6419426048565121,0.11294990943062581
2013-12-28,4,0.0006017311098950746,0.6164383561643838,0.08612516188041466
2014-01-04,4,-0.00017128932398959075,0.5165118679050568,0.08174018350009618
2014-01-11,4,-0.0035377755777442977,0.6181818181818182,0.12539108315543632
2014-01-18,4,-0.000535502349481781,0.6224622483221478,0.09481835307248011
2014-01-25,4,0.0004369574545611167,0.6104190260475651,0.06069004996938894
2014-02-01,4,0.0025474725218350065,0.612794612794613,0.08880516013470263
2014-02-08,4,4.5254081684665804e-05,0.6179775280898876,0.08698633720475499
2014-02-15,4,0.0008213201550908136,0.6149553571428571,0.10461701780240733
2014-02-22,4,-0.0011187482798824988,0.6175000000000002,0.11980270813120987
2014-03-01,4,-0.0027356964670101807,0.6261744007430429,0.11048571302012586
2014-03-08,4,0.0011666730110544811,0.5937199374699375,0.06949113144856653
2014-03-15,4,0.0002663491435526501,0.6189451022604949,0.0911333073061603
2014-03-22,4,0.00046710166226505463,0.6232269503546098,0.09101646494571733
2014-03-29,4,-0.0030955367909613375,0.623210702341137,0.09852119157918435
2014-04-05,4,0.0013490126915273759,0.6234573761154357,0.07040367841532187
2014-04-12,4,-7.4081911434675e-05,0.6112334801762116,0.054147662704322364
2014-04-19,4,0.0007928930117867529,0.6088362068965517,0.05758923185259484
2014-04-26,4,-9.103599992353668e-05,0.6094316807738817,0.05823154889068302
2014-05-03,4,0.0008049601601700887,0.6746031746031746,0.2984959004942462
2014-05-10,4,0.0010246648134422988,0.6068376068376068,0.06171047491052179
2014-05-17,4,0.0033707825198876712,0.6344787318624527,0.20829750101935596
2014-05-24,4,0.0030077912948232787,0.656934306569343,0.2793166273259634
2014-05-31,4,-0.002352032722668285,0.6749999999999999,0.38279415048054316
2014-06-07,4,0.0011278698996980577,0.6122448979591837,0.1335001212752825
2014-06-14,4,-0.0012352963267728404,0.6142011834319526,0.14932557105166588
2014-06-21,4,0.0017752765075437595,0.6105820105820104,0.09740054344178226
2014-06-28,4,-0.0024665957824670914,0.6147540983606558,0.12788579583351184
2014-07-05,4,0.0011162379308556727,0.6736235340886503,0.20086066131858982
2014-07-12,4,0.0002123998313544643,0.644927536231884,0.1629594314540744
2014-07-19,4,-0.005885978170921037,0.6626602564102564,0.19077574313314258
2014-07-26,4,-0.003053501265315506,0.9583325833333333,0.37992919206568765
2014-08-02,4,0.0014408632281931522,0.6264271586592296,0.10722412909586436
2014-08-09,4,0.0023093076110039055,0.6298951402463095,0.11038715316105224
2014-08-16,4,0.0035876554515386475,0.7608784893267652,0.2740150686474529
2014-08-23,4,0.006240476127640983,0.7905597940987223,0.44269424825450454
2014-08-30,4,-0.006197820105646692,0.85,0.6446105829426492
2014-09-06,4,0.0050172276958598445,0.8192904197366009,0.4252350479674758
2014-09-13,4,-0.002712351343995705,0.6296171508435658,0.14951325334490026
2014-09-20,4,-0.005946759895923621,0.7916666666666666,0.3799513895355957
2014-09-27,4,-0.010850571792971707,0.717948717948718,0.2758438245371088
2014-10-04,4,-0.002146887648753513,0.9134610384615385,0.31068739525857714
2014-10-11,4,0.010819907889057961,0.757517158731888,0.28314612164395814
2014-10-18,4,0.005884603185137927,0.7297594263243117,0.1883607472054687
2014-10-25,4,-0.0006726370550067824,0.8577583706896551,0.2579650365803103
2014-11-01,4,0.0008279605945111887,0.8947363421052631,0.3500433069873882
2014-11-08,4,0.00964748491165568,0.7790697674418605,0.33915810323141626
2014-11-15,4,0.005605035728402597,0.7951807228915663,0.385601717778933
2014-11-22,4,0.0012676676944507557,0.8056619157065503,0.4485014171338036
2014-11-29,4,-0.01935566640672426,0.7978723404255319,0.47326703781859747
2014-12-06,4,0.006368961976260672,0.999999,0.253533900877381
2014-12-13,4,0.001132319169136328,0.6562499999999999,0.10758264257165868
2014-12-20,4,-0.004836083772853715,0.999999,0.2957507998198914
2014-12-27,4,-0.0031838634653849774,0.999999,0.2721210269464976
2015-01-03,4,0.00649760159838202,0.8928568928571428,0.354502372437528
2015-01-10,4,0.00813795726429106,0.7527397260273974,0.2570653688290161
2015-01-17,4,-0.003550122548566166,0.8243053055555555,0.21969291164014193
2015-01-24,4,0.005519245347840538,0.999999,0.2680163198780029
2015-01-31,4,0.003921364745157728,0.7473875136451882,0.20745713078564026
2015-02-07,4,0.0024000179045545866,0.8453261891499589,0.25220491295210273
2015-02-14,4,0.010414773801363873,0.8232189933116419,0.509324532000604
2015-02-21,4,8.15018914012976e-05,0.6984126984126984,0.29759083090752053
2015-02-28,4,0.004078811357493823,0.999999,0.4978612225956553
2015-03-07,4,0.010829789325136114,0.8666666666666667,0.5044918721724116
2015-03-14,4,-0.006318046640813688,0.7503623188405797,0.36415485917109214
2015-03-21,4,0.0018136497720704285,0.9705874852941176,0.3771491008160548
2015-03-28,4,0.005852301791792466,0.7086346543378923,0.2256291330742545
2015-04-04,4,-0.011580037109020908,0.9,0.38501873411098975
2015-04-11,4,0.00687122300561956,0.9111052637130583,0.31020136372299306
2015-04-18,4,-0.0026168683840596192,0.692063492063492,0.18345268714284235
2015-04-25,4,0.0016317050236081252,0.8877005347593583,0.2750818267564789
2015-05-02,4,-0.00036596283756742785,0.6523625843780135,0.1306628843648719
2015-05-09,4,0.00283062120726762,0.6527589453860642,0.10683332262441735
2015-05-16,4,-0.0006343073471838207,0.6118421052631577,0.04911740480870051
2015-05-23,4,-0.0013687344421921214,0.6473373292711645,0.09779460784702929
2015-05-30,4,-0.0002080575477477753,0.6180830039525692,0.09036448746712852
2015-06-06,4,0.00022513918982547108,0.6048462255358809,0.044845195672108804
2015-06-13,4,0.0007793219186178816,0.6026490066225165,0.016266115155883807
2015-06-20,4,-0.0009048426722360564,0.6028708133971293,0.038578651406753955
2015-06-27,4,0.0010306574136798171,0.64006107369056,0.040749861689909926
2015-07-04,4,-0.0006735563977830344,0.5604393571040412,0.016793983975558223
2015-07-11,4,0.0006234029212723786,0.5505644902343982,0.027883852022676247
2015-07-18,4,0.00032388567881185524,0.626605136436597,0.04681478321927058
2015-07-25,4,0.0,0.5986590038314176,0.0
2015-08-01,4,0.0,0.5975733063700708,0.0
2015-08-08,4,-0.0071177796932192314,0.6574223906655878,0.09617939835964998
2015-08-15,4,0.0025871856881746506,0.7202270023790641,0.14697224456949015
2015-08-22,4,-0.001528213760910426,0.6282900566020038,0.04511527053084079
2015-08-29,4,0.00271771659960331,0.8214283214285714,0.17424239125471794
2015-09-05,4,-0.001209003806942978,0.6859506916834333,0.09152069659913027
2015-09-12,4,-0.004982788124983995,0.7796610169491526,0.2676704223579387
2015-09-19,4,-0.0002491930300639755,0.7482355607355607,0.23677162054919698
2015-09-26,4,0.008961100638717596,0.6859944711637276,0.19286980763449352
2015-10-03,4,0.00032489974277320164,0.6021409455842995,0.030093015128387388
2015-10-10,4,0.00760724743722703,0.6985108820160366,0.16187133712305113
2015-10-17,4,0.00028378382557957325,0.6182456140350877,0.053628561461176616
2015-10-24,4,0.002883209067433734,0.7326161112568879,0.23024788829998644
2015-10-31,4,-0.009199655227413017,0.7322802422655099,0.2678690273393293
2015-11-07,4,0.00684046618248224,0.7567567567567568,0.19757423172537825
2015-11-14,4,0.0,0.5989061075660893,0.0
2015-11-21,4,-0.005103598030642848,0.7627118644067796,0.24007058347659999
2015-11-28,4,-0.005227559908102552,0.6974921630094044,0.1369655556882904
2015-12-05,4,0.0011862861731734143,0.8742116848739495,0.20454749185140073
2015-12-12,4,0.0021754665827903555,0.6608695652173913,0.11593957756297016
2015-12-19,4,-0.001071796134338605,0.7618729096989967,0.22639653263574125
2015-12-26,4,-0.01834584527115063,0.774822695035461,0.2589135601009896
2016-01-02,4,-0.005269698845750691,0.9959734875856344,0.19422631546394006
2016-01-09,4,0.0025390248476537176,0.6970588235294117,0.11321597764281555
2016-01-16,4,0.00023650502506521095,0.6365238965787412,0.051330566149676925
2016-01-23,4,-0.005273961455897283,0.6893492134743746,0.09471365001564429
2016-01-30,4,-0.003286641198216979,0.7230769230769231,0.15552346273655343
2016-02-06,4,0.002935609181586143,0.6447151600753296,0.08048661033667419
2016-02-13,4,0.0010141798409782651,0.6470785200066966,0.06189987572952771
2016-02-20,4,0.0042238310768717155,0.77343725,0.14351452271735246
2016-02-27,4,0.0014323873695158995,0.7009803921568627,0.17274162204276597
2016-03-05,4,0.0021365885796770737,0.7867644558823529,0.2880552509009414
2016-03-12,4,-0.003152088924480787,0.723404255319149,0.34267942814018093
2016-03-19,4,0.002044110210010125,0.773972352739726,0.25860157103292797
2016-03-26,4,-0.004110481465487354,0.6890243902439024,0.2818371212703604
2016-04-02,4,0.008688175618737037,0.7029148510945193,0.26528177715795953
2016-04-09,4,0.0016381134524746167,0.673469387755102,0.1604588080054139
2016-04-16,4,-0.006959281699248256,0.8484843484848484,0.2519644915214527
2016-04-23,4,-0.0017904567159495912,0.6919482386772107,0.16606532387541123
2016-04-30,4,0.0003923202396145052,0.6454173067076292,0.07579259263326134
2016-05-07,4,0.0002349115343715004,0.6064414768263945,0.039494700395007104
2016-05-14,4,0.004233432945111205,0.6416503834855312,0.1131974833020197
2016-05-21,4,-0.0017984862706893938,0.6677168576104746,0.16554441135986908
2016-05-28,4,-0.00376385178485001,0.7618705692039452,0.22617395570795917
2016-06-04,4,-0.00147256575100084,0.6343072114828104,0.09098603993172674
2016-06-11,4,0.003425271012834548,0.6541218637992832,0.0782314644332915
2016-06-18,4,0.0006373521222733647,0.6056040127822305,0.038711513018960454
2016-06-25,4,-0.0007098865952140368,0.7231301375126195,0.08441385516705537
2016-07-02,4,0.0004250917564042814,0.5980167810831426,0.010000121482036769
2016-07-09,4,0.0005201593642229594,0.621388756171365,0.04892202437575874
2016-07-16,4,0.0017831864794497544,0.6885356023287058,0.1725803212182879
2016-07-23,4,0.0011373391772669288,0.6573703279938978,0.19957667914636748
2016-07-30,4,0.004586047333375125,0.6991758241758241,0.2825519695867851
2016-08-06,4,-0.0017680759452625501,0.6402439024390244,0.20509380165637617
2016-08-13,4,0.0012520207142718448,0.6988636363636364,0.190989592766856
2016-08-20,4,0.00020269403539276357,0.6026555131372109,0.040187520157981535
2016-08-27,4,-0.00022941069880960395,0.6074632053716769,0.026621149417930985
2016-09-03,4,9.802519093513344e-05,0.617019823802537,0.08387133859333945
2016-09-10,4,0.0005393666055313446,0.5978021978021978,0.016311310827177794
2016-09-17,4,0.0,0.5951661631419938,0.0
2016-09-24,4,-0.0003758557432058914,0.6765860039241334,0.1565920515021465
2016-10-01,4,0.0,0.5926470588235295,0.0
2016-10-08,4,0.0,0.5920471281296023,0.0
2016-10-15,4,0.0,0.5936343449296816,0.0
2016-10-22,4,-0.0016760247633852302,0.6032144301749418,0.04138306865853873
2016-10-29,4,0.0,0.5878542510121457,0.0
2016-11-05,4,0.0,0.5917926565874733,0.0
2016-11-12,4,0.0,0.5910987482614745,0.0
2016-11-19,4,0.00019620604750941043,0.5411324680898362,0.020293114731539958
2016-11-26,4,-0.0008037192661594311,0.5523542429792431,0.026068547580026025
2016-12-03,4,-0.001972518508347456,0.37761872412008285,0.2445845117721962
2016-12-10,4,-5.870061067005471e-05,0.5530970264093614,0.023173092296458475
2016-12-17,4,0.001052752627574367,0.5126389283408257,0.08197986526416712
2016-12-24,4,0.0,0.5335120643431636,0.0
2016-12-31,4,-0.0007096489988347711,0.43261093911248716,0.3354800345879624
2017-01-07,4,0.0,0.5855072463768118,0.0
2017-01-14,4,0.0,0.5857418111753371,0.0
2017-01-21,4,0.0,0.5816785287649905,0.0
2017-01-28,4,0.0,0.5688803949673515,0.0
2017-02-04,4,0.0,0.5616793090260072,0.0
2017-02-11,4,0.0,0.5860889395667047,0.0
2017-02-18,4,0.0,0.5860805860805861,0.0
2017-02-25,4,-0.00034290928273596427,0.5989478114478115,0.06426134918677519
2017-03-04,4,0.000982296245277273,0.6102195457746109,0.09468899772476541
2017-03-11,4,0.0,0.5900423728813556,0.0
2017-03-18,4,0.0,0.5870044052863439,0.0
2017-03-25,4,0.0,0.5868020304568528,0.0
2017-04-01,4,0.0,0.5892732075320672,0.0
2017-04-08,4,0.0,0.5886454183266931,0.0
2017-04-15,4,0.0,0.5898825654923214,0.0
2017-04-22,4,0.0,0.5792029889851376,0.0
2017-04-29,4,-6.172974126307764e-05,0.6273189823874755,0.07763449183065206
2017-05-06,4,0.0,0.5906642728904847,0.0
2017-05-13,4,0.0,0.5876736111111113,0.0
2017-05-20,4,0.0,0.5545001375137515,0.0
2017-05-27,4,0.0,0.5905861456483126,0.0
2017-06-03,4,-0.0005550044450277045,0.6135596187627594,0.07327487152197967
2017-06-10,4,0.0,0.5894909688013136,0.0
2017-06-17,4,0.0,0.5892351274787535,0.0
2017-06-24,4,0.0003301669344088926,0.6157559186522601,0.07713643318525165
2017-07-01,4,0.0,0.5843621399176955,0.0
2017-07-08,4,0.0,0.5757005872812455,0.0
2017-07-15,4,0.0,0.5867662891696954,0.0
2017-07-22,4,0.0,0.5869644792971884,0.0
2017-07-29,4,0.0,0.5884567126725218,0.0
2017-08-05,4,0.00041376871993883637,0.5976702788794852,0.035511134831858505
2017-08-12,4,0.0,0.5798319327731093,0.0
2017-08-19,4,0.0,0.5776326933935629,0.0
2017-08-26,4,0.0,0.5841584158415842,0.0
2017-09-02,4,0.0,0.5781249537126182,0.0
2017-09-09,4,0.0,0.5872340425531913,0.0
2017-09-16,4,0.0,0.5884615384615386,0.0
2017-09-23,4,0.0,0.5889003083247685,0.0
2017-09-30,4,0.0,0.592670157068063,0.0
2017-10-07,4,0.0,0.5919477693144722,0.0
2017-10-14,4,0.0014499903473417716,0.6022495021486218,0.08382665081093824
2017-10-21,4,0.0007117909167782698,0.6100505657766869,0.09674556490372405
2017-10-28,4,0.0,0.5887025595763459,0.0
2017-11-04,4,-0.0010219749903667362,0.6474347236972204,0.17372484844296784
2017-11-11,4,0.0,0.5908221797323133,0.0
2017-11-18,4,-0.0004365410374839657,0.6009541675495779,0.0287429095183999
2017-11-25,4,0.0014670495278373268,0.6152730640873354,0.09883210348337457
2017-12-02,4,0.0,0.5892156862745098,0.0
2017-12-09,4,-5.95117152419198e-05,0.6265718328997659,0.13841389972665896
2017-12-16,4,-0.0014918874452934357,0.6275908936459396,0.15322865455959095
2017-12-23,4,0.0,0.5926267281105991,0.0
2017-12-30,4,0.0,0.5667535198016967,0.0
2018-01-06,4,0.0009713142620761191,0.6147082874801528,0.08091680175584066
2018-01-13,4,0.0005618282560912687,0.6013029485049832,0.020354748226528097
2018-01-20,4,0.0,0.594202898550725,0.0
2018-01-27,4,-0.005685833084260949,0.6453888382042974,0.10730846440976963
2018-02-03,4,0.0008242645408574597,0.6115813078703703,0.027194679300133796
2018-02-10,4,-0.0015668978334858876,0.3297704770477048,0.1914475636540786
2018-02-17,4,-0.000522098888325981,0.5974351957808848,0.011433084621623273
2018-02-24,4,0.0,0.5869017632241813,0.0
2018-03-03,4,0.0006623464575787672,0.4825826858015744,0.09954343638136201
2018-03-10,4,0.0,0.5911552346570396,0.0
2018-03-17,4,0.0,0.585127201565558,0.0
2018-03-24,4,0.0004626704938826752,0.4839703987879181,0.07449613280695178
2018-03-31,4,0.0,0.5886019590382903,0.0
2018-04-07,4,-0.00012663668820218793,0.538830239893063,0.021298934937277858
2018-04-14,4,-3.2653384773761546e-05,0.5988970588235293,0.019098649677653953
2018-04-21,4,0.0,0.5690983693561013,0.0
2018-04-28,4,0.0,0.5756653401008986,0.0
2018-05-05,4,0.0,0.5875829275586837,0.0
2018-05-12,4,0.0,0.5940685820203893,0.0
2018-05-19,4,0.0,0.5708706157846102,0.0
2018-05-26,4,0.0,0.5900398297686601,0.0
2018-06-02,4,0.0,0.593984962406015,0.0
2018-06-09,4,0.0,0.5965732087227416,0.0
2018-06-16,4,0.0,0.5916230366492147,0.0
2018-06-23,4,0.0,0.5865191146881287,0.0
2018-06-30,4,0.0,0.5663965097108343,0.0
2018-07-07,4,0.0,0.5943325876211782,0.0
2018-07-14,4,0.0,0.5969202898550725,0.0
2018-07-21,4,0.0,0.5965391621129327,0.0
2018-07-28,4,0.0,0.601057784771396,0.0
2018-08-04,4,0.0,0.5957607872823618,0.0
2018-08-11,4,0.0,0.5925925925925927,0.0
2018-08-18,4,0.0,0.5917281328316745,0.0
2018-08-25,4,-0.001057775368085035,0.6045863293307403,0.03605511398810247
2018-09-01,4,0.00031605889238610666,0.6008982008681698,0.02037833864752531
2018-09-08,4,0.0,0.5558546354105313,0.0
2018-09-15,4,0.0,0.5954310980103169,0.0
2018-09-22,4,0.0,0.5959367945823928,0.0
2018-09-29,4,0.0,0.592,0.0
2018-10-06,4,0.0,0.5669191919191918,0.0
2018-10-13,4,0.0033437927946884938,0.48627688855842105,0.10478462816449995
2018-10-20,4,0.0,0.5841820350490872,0.0
2018-10-27,4,-0.000722752087236821,0.513940772021006,0.051705357654262166
2018-11-03,4,0.0,0.5752254224856264,0.0
2018-11-10,4,0.0,0.5703649299462332,0.0
2018-11-17,4,0.0,0.5707341196251514,0.0
2018-11-24,4,0.008661821808232245,0.40711880711880716,0.19925949215797595
2018-12-01,4,0.0,0.5838514679083523,0.0
2018-12-08,4,0.0,0.5830583818722505,0.0
2018-12-15,4,0.0005684505904430868,0.6149265983449658,0.014398938469898821
2018-12-22,4,-0.0004166145455979876,0.5303810846104118,0.022415485726725876
2018-12-29,4,-0.0012265848912152572,0.487963846796325,0.08626028950261325
2019-01-05,4,0.0,0.5712440065299307,0.0
2019-01-12,4,0.0,0.5938402309913379,0.0
2019-01-19,4,0.0,0.5965073529411764,0.0
2019-01-26,4,0.0,0.5808876163206872,0.0
2019-02-02,4,0.0,0.5942532726574277,0.0
2019-02-09,4,-0.00032668536900953864,0.5299353031924505,0.03613887209222391
2019-02-16,4,0.0,0.5920302305891727,0.0
2019-02-23,4,0.0,0.592440427280197,0.0
2019-03-02,4,0.0,0.5936170212765958,0.0
2019-03-09,4,0.0,0.5589268589228533,0.0
2019-03-16,4,0.00025641962629307293,0.5994659855071245,0.01843527732113538
2019-03-23,4,0.0,0.5927180355630822,0.0
2019-03-30,4,-1.2800404352689628e-05,0.5993784538665322,0.015654751137956252
2019-04-06,4,0.00041233166476223576,0.61195434175769,0.02224198109291719
2019-04-13,4,0.0,0.5952755905511811,0.0
2019-04-20,4,0.00021535611254119112,0.6001393159108379,0.027182015886492123
2019-04-27,4,0.0,0.6000000000000002,0.0
2019-05-04,4,0.0005036297658325254,0.6363945453208852,0.10267613945022686
2019-05-11,4,0.0,0.5919790758500437,0.0
2019-05-18,4,0.0,0.5942467827403483,0.0
2019-05-25,4,0.0025678203757922386,0.6181359649122807,0.060573259535474336
2019-06-01,4,0.0,0.5927125506072874,0.0
2019-06-08,4,0.002289083624091643,0.6352657004830918,0.09140969860604457
2019-06-15,4,-3.428370176815072e-06,0.6140126885817845,0.045410781417919044
2019-06-22,4,0.002312807931689722,0.6411465892597968,0.1432346583752812
2019-06-29,4,0.0,0.5956937799043062,0.0
2019-07-06,4,-0.001253767380679443,0.6432063966866084,0.14754434051927975
2019-07-13,4,0.0005151077517210571,0.6022905285113365,0.022168732348032606
2019-07-20,4,0.0,0.5896713615023474,0.0
2019-07-27,4,-0.0009537866233360114,0.6387832699619772,0.0952037242944236
2019-08-03,4,0.0,0.5925085130533485,0.0
2019-08-10,4,0.0,0.5917874396135268,0.0
2019-08-17,4,0.0013504937037094765,0.6134751050313467,0.04651649130133473
2019-08-24,4,0.0,0.5933179723502303,0.0
2019-08-31,4,0.0014477799775493316,0.630428923004805,0.09296596744102933
2019-09-07,4,-0.00010068549676757335,0.6421052631578948,0.16238594086012764
2019-09-14,4,0.0,0.592261904761905,0.0
2019-09-21,4,0.00019221868101633474,0.60326384949896,0.020360496079997917
2019-09-28,4,0.001999963109419744,0.6134801505003458,0.05188019432624421
2019-10-05,4,0.00025151265130567043,0.6135667722423267,0.05846452930159566
2019-10-12,4,0.0012278160172256927,0.6262215707178393,0.06873020686387041
2019-10-19,4,0.0,0.5864262990455992,0.0
2019-10-26,4,0.0,0.5956725146198831,0.0
2019-11-02,4,0.0009212888148190698,0.6353370611991301,0.1998136937833827
2019-11-09,4,0.0,0.5911214953271029,0.0
2019-11-16,4,0.0,0.5866197183098592,0.0
2019-11-23,4,0.0,0.5899224806201552,0.0
2019-11-30,4,0.0021932088538830627,0.6393633097627738,0.23631940745953675
2019-12-07,4,0.0,0.5902401239349343,0.0
2019-12-14,4,0.00011006519720549015,0.6094585561497325,0.08050232592312973
2019-12-21,4,0.0,0.5988664704198864,0.0
2019-12-28,4,0.0,0.5915915915915916,0.0
2020-01-04,4,0.0,0.5944798301486198,0.0
2020-01-11,4,0.0,0.5974536333231986,0.0
2020-01-18,4,-0.00038146971433606947,0.6017133358905512,0.0232541607729514
2020-01-25,4,0.0,0.59149855907781,0.0
2020-02-01,4,0.0,0.5888774671052631,0.0
2020-02-08,4,-0.0002646828113300919,0.6100560556147949,0.022063659281363345
2020-02-15,4,0.0,0.5914505956552208,0.0
2020-02-22,4,-0.0012335084994605288,0.9,0.12249451477172958
2020-02-29,4,0.0,0.5830548475408288,0.0
2020-03-07,4,-0.013782055286320307,0.8888888888888888,0.10693082351764646
2020-03-14,4,-0.006938454667447084,1e-06,0.08722283305306047
2020-03-21,4,0.00019927434744617883,0.43423357972663207,0.03823978563105575
2020-03-28,4,0.00421808831312298,0.7449948271250411,0.04221723080492222
2020-04-04,4,5.496770574764406e-05,0.6927400780054833,0.052176431815520195
2020-04-11,4,-0.002500739356316869,0.8844211838219704,0.129787865846824
2020-04-18,4,0.0013480037054051323,0.6747895436420026,0.06312313707802254
2020-04-25,4,0.0,0.5920489296636086,0.0
2020-05-02,4,0.0,0.582770035817078,0.0
2020-05-09,4,0.0021294194036964565,0.6273816397228639,0.050521865120766604
2020-05-16,4,0.0,0.5908536585365856,0.0
2020-05-23,4,0.003133665166834487,0.6313671214672052,0.05141712938101271
2020-05-30,4,-0.002877894524336537,0.6454720616570327,0.06433056940199919
2020-06-06,4,0.0013508028617995056,0.6375313283208021,0.04251905975628431
2020-06-13,4,-0.0005581187343595067,0.6150007365337086,0.026424798096716967
2020-06-20,4,0.0005600712184663106,0.6038866844993253,0.011200014326667139
2020-06-27,4,0.0,0.5946475195822453,0.0
2020-07-04,4,0.000879037283707608,0.6378676470588235,0.07202477616800464
2020-07-11,4,-0.0002384970348161554,0.6151990809305277,0.027625423249529137
2020-07-18,4,0.0,0.5773886574167713,0.0
2020-07-25,4,-0.0019192169480180686,0.4784997996577587,0.08212460466956181
2020-08-01,4,0.0,0.5914445133292001,0.0
2020-08-08,4,0.00022284625039038346,0.6322067594433398,0.07234558552261959
2020-08-15,4,0.0,0.5964432284541723,0.0
2020-08-22,4,0.0,0.5994729907773387,0.0
2020-08-29,4,-9.542204212498569e-05,0.64755593385214,0.08483277824544044
2020-09-05,4,0.0,0.5981143193871538,0.0
2020-09-12,4,-0.001151676668841722,0.6031914893617021,0.02579110114375556
2020-09-19,4,0.0003419591992569637,0.6019418477475804,0.019913616588473317
2020-09-26,4,0.0001324316264072325,0.6071418610835457,0.010753466631617782
2020-10-03,4,0.0,0.5941499085923218,0.0
2020-10-10,4,-0.0009334961783336202,0.6361974405850089,0.06937299093917407
2020-10-17,4,-0.004799605048459548,0.6297709923664122,0.07251680117766329
2020-10-24,4,0.005924503798351215,0.6738095238095239,0.07736512144657992
2020-10-31,4,-0.00409305932070847,0.3669113495200451,0.1294369583546443
2020-11-07,4,3.2460562875859194e-06,0.6171133853151397,0.01743913470515671
2020-11-14,4,0.0005263149590733916,0.6194002572791164,0.028454017602878218
2020-11-21,4,-1.481250168371026e-06,0.6273914257785225,0.03615737573634345
2020-11-28,4,-0.0005492398474647829,0.6207513416815742,0.038009841998412355
2020-12-05,4,0.00042617189999972815,0.6012036750519416,0.014538280433816558
2020-12-12,4,-7.451271782008735e-05,0.6179337231968811,0.04100583930321975
2020-12-19,4,0.0,0.5913140311804009,0.0
2020-12-26,4,0.0,0.592552026286966,0.0
2021-01-02,4,-0.000690241455603823,0.614986559139785,0.04394747011821793
2021-01-09,4,0.00016571468480804476,0.6178107606679035,0.0453371322452918
2021-01-16,4,0.0,0.59375,0.0
2021-01-23,4,0.002332376499945792,0.6257197696737045,0.047534160125087765
2021-01-30,4,0.0,0.5700212633997818,0.0
2021-02-06,4,2.3810283845256548e-05,0.6196868008948546,0.030622986907850428
2021-02-13,4,-0.0015900327450197385,0.6356076035302105,0.05330208211370013
2021-02-20,4,-4.258335876184839e-05,0.6289681688125894,0.03273044874750039
2021-02-27,4,0.0,0.5977218770183292,0.0
2021-03-06,4,0.0,0.592938733125649,0.0
2021-03-13,4,0.0004182729232243619,0.6199575371549891,0.050094516775689504
2021-03-20,4,0.0,0.5921052631578947,0.0
2021-03-27,4,0.0,0.5909090909090909,0.0
2021-04-03,4,0.0,0.5894736842105263,0.0
2021-04-10,4,0.0,0.5986430879032079,0.0
2021-04-17,4,-0.0005362975798439073,0.619854721549637,0.05639767307941582
2021-04-24,4,0.0008447849602315054,0.621716287215412,0.07666435908910413
2021-05-01,4,-0.0004727037135753699,0.6019484702093398,0.01986254647600413
2021-05-08,4,0.0001346545763153321,0.6238698010849909,0.08391277237283401
2021-05-15,4,0.0,0.5910596026490066,0.0
2021-05-22,4,0.0,0.5921787709497207,0.0
2021-05-29,4,0.0,0.5948088912984547,0.0
2021-06-05,4,-0.0017360093679763006,0.6203995793901157,0.12387207589311244
2021-06-12,4,0.0011315505959275064,0.6250000000000001,0.08996769685930825
2021-06-19,4,-0.00016777843121130494,0.6099731493395656,0.06126971811873201
2021-06-26,4,0.0,0.6043163051637628,0.0
2021-07-03,4,-0.0006061118097484658,0.6217532467532466,0.06913163650902307
2021-07-10,4,0.0010267257163988418,0.6232726130653267,0.08708291071345073
2021-07-17,4,-0.0007230944084040551,0.6256275437472884,0.10376013216456054
2021-07-24,4,0.001153615974507197,0.6176046176046176,0.07096551141643988
2021-07-31,4,0.000993745449048026,0.6294117647058823,0.09070745709326544
2021-08-07,4,-0.0017593732038742147,0.6470588235294118,0.1661635029965297
2021-08-14,4,0.00022207624843583254,0.6167604246122554,0.021183561186468167
2021-08-21,4,5.859113835059923e-05,0.6166077738515902,0.0223231171822371
2021-08-28,4,-0.00016680731507217792,0.6138211382113821,0.022160006379608275
2021-09-04,4,-0.0015438558126919866,0.6862745098039216,0.21692676207793757
2021-09-11,4,0.00034148665158103793,0.6169811320754717,0.0926264985190452
2021-09-18,4,-0.0007288796460942137,0.6162079510703365,0.024600708522678788
2021-09-25,4,0.00017762023594093565,0.6138996138996138,0.018866831747630066
2021-10-02,4,0.0,0.6000118182022827,0.0
2021-10-09,4,-2.8655371736950954e-05,0.6186046511627908,0.04131877174952813
2021-10-16,4,0.0005183404857425194,0.6135337140480255,0.04296568351766533
2021-10-23,4,0.0,0.6082089552238809,0.0
2021-10-30,4,0.0,0.5906845448129853,0.0
2021-11-06,4,0.0,0.6117586468611081,0.0
2021-11-13,4,0.0,0.5907960199004976,0.0
2021-11-20,4,-0.0006408391920058591,0.623688155922039,0.04232275734240766
2021-11-27,4,0.00040116447328104806,0.6147764351856815,0.013753560420617416
2021-12-04,4,-6.602613800896434e-05,0.5981331197254613,0.011258969899769124
2021-12-11,4,0.0008997384365370662,0.623546511627907,0.03969727582032454
2021-12-18,4,0.0,0.5898087215934018,0.0
2021-12-25,4,0.000148202566441505,0.6194267515923566,0.04998500446300956
2022-01-01,4,-0.0003594044730068482,0.6400580551523947,0.1023163956934079
2022-01-08,4,0.0,0.5841836734693877,0.0
2022-01-15,4,0.0,0.6045410947736286,0.0
2022-01-22,4,0.0,0.6003720238095238,0.0
2022-01-29,4,0.0,0.5873287671232877,0.0
2022-02-05,4,0.0,0.6004056873802525,0.0
2022-02-12,4,0.001661830580967053,0.4718128390596745,0.10775097853747559
2022-02-19,4,0.003558326164173189,0.4702748219686579,0.09301111254131367
2022-02-26,4,0.0017012334070969654,0.43240352157649853,0.10741012722074393
2022-03-05,4,-0.01181529185262373,0.33357412539859543,0.17911362778087414
2022-03-12,4,-0.0010966272174065253,0.4965523993047337,0.05442724413311116
2022-03-19,4,-0.00042503066197549196,0.4343330280830281,0.09927357184810978
2022-03-26,4,0.0018775643976960263,0.45162671232876717,0.1092150476858817
2022-04-02,4,0.001929316574658275,0.4046251541552293,0.1462846193556864
2022-04-09,4,0.0026286623902338976,0.127672737691134,0.4336877704551123
2022-04-16,4,0.006339870009985226,0.07944000233644857,0.42878549751570383
2022-04-23,4,0.014577302478020006,0.2522729772727273,0.4405327043849806
2022-04-30,4,-0.0001541907584707194,0.13262553832249882,0.33805072158468696
2022-05-07,4,0.0037067230446075003,0.08333408333333331,0.273074970268334
2022-05-14,4,-0.011533842142988212,0.2307713877362828,0.28594344263485183
2022-05-21,4,-0.0016767739416831359,0.16544167647058824,0.2185213829807539
2022-05-28,4,0.009831768133397867,0.3359375,0.24696577364005284
2022-06-04,4,0.012516040699526845,0.25568206818181816,0.19584774257245424
2022-06-11,4,-0.004805552256032445,0.23866691666666667,0.16468258765071983
2022-06-18,4,0.004274997432980235,1e-06,0.20403349469010346
2022-06-25,4,-0.004837184987406022,1e-06,0.2219839299037728
2022-07-02,4,0.002149285906163215,0.3076923076923077,0.2094096814252805
2022-07-09,4,-0.009108065409480252,0.16769177570480998,0.293837296002133
2022-07-16,4,-0.00914892336399966,1e-06,0.2788505240294874
2022-07-23,4,-0.0022113092323710133,0.35570469798657717,0.27656938905438094
2022-07-30,4,-0.005416347699613956,0.3770491803278688,0.24701370487935997
2022-08-06,4,0.00546456523062371,0.3958333333333333,0.322158714810249
2022-08-13,4,0.006022250708450443,0.3862433862433862,0.23573273289496416
2022-08-20,4,0.007732418946137283,0.3783783783783784,0.2047202040502879
2022-08-27,4,-0.003793918226490403,0.21547968062718073,0.22845042032476393
2022-09-03,4,0.007928812386367832,0.18994463407821227,0.21732992281522792
2022-09-10,4,0.0071788227185011315,0.3950317832050853,0.17225963695049606
2022-09-17,4,0.003347138527305722,0.375609756097561,0.18182414724584398
2022-09-24,4,-0.0052087397643285635,0.08333408333333331,0.2690478669307471
2022-10-01,4,0.0010803170861860027,1e-06,0.24970809444966668
2022-10-08,4,-0.006537100284790948,0.28899521531100475,0.2194739155347611
2022-10-15,4,-0.009517906107348062,0.16666666666666666,0.2947983033046928
2022-10-22,4,-0.0011414318695832071,0.18244575936883634,0.33179261295603857
2022-10-29,4,-0.015240489168431973,0.3870967741935484,0.25219467559987785
2022-11-05,4,-0.0021331662986544845,0.1875,0.30599750508114276
2022-11-12,4,-0.0017267294928492894,0.4145731262378818,0.17598950186017942
2022-11-19,4,-0.001500404210708066,0.36363636363636365,0.22473670483032598
2022-11-26,4,0.0046543383572074035,0.3709677419354839,0.22186245445298658
2022-12-03,4,0.00901366688812763,0.41196385612861586,0.2851112965715755
2022-12-10,4,0.0006743521268035192,0.38285714285714284,0.23574522770279943
2022-12-17,4,0.0007289534251187601,0.3888888888888889,0.2470766326449058
2022-12-24,4,-0.0089961867763222,0.39857295278741,0.2488623265416734
2022-12-31,4,-0.007911278243864624,0.3004807692307692,0.2328296421625627
2023-01-07,4,0.0007076638667398597,0.5032362459546927,0.07866589163123125
2023-01-14,4,-0.002553953218319725,0.47013047051571816,0.11147727087032
2023-01-21,4,-0.004349381944114961,0.3983739837398374,0.20487275590282386
2023-01-28,4,0.001793879598737281,0.47646140475117493,0.14006756633547082
2023-02-04,4,-0.0003435934127512406,0.5058823529411764,0.0654946039311578
2023-02-11,4,0.0053345135743025135,0.4059685412626589,0.23146915905518456
2023-02-18,4,-0.0050279804213196775,0.40437158469945356,0.2084589522397682
2023-02-25,4,0.007000612968087919,0.36666666666666664,0.2670347024558863
2023-03-04,4,0.0028679087994079927,0.42242822759084697,0.1775424761456672
2023-03-11,4,-0.00340133196114149,0.18694766397946333,0.22365878903171582
2023-03-18,4,-0.0033327511603311946,0.47546887672343885,0.07758916939881792
2023-03-25,4,0.0004288951404210191,0.44736842105263164,0.10921924035409317
2023-04-01,4,-0.0008932700320488511,0.4546845574387947,0.12147651128268136
2023-04-08,4,8.787312768308712e-06,0.39261991178105027,0.2505753293979982
2023-04-15,4,-0.0011300619524596055,0.4415841584158416,0.1772814053095145
2023-04-22,4,0.0006134540452551197,0.3429608127721335,0.5370069151345589
2023-04-29,4,0.0009341837413375845,0.37316176470588236,0.5037987300015931
2023-05-06,4,-0.012358479947209707,0.375,0.5494191235628112
2023-05-13,4,0.0009287856122569237,0.5076923076923077,0.09056365980106772
2023-05-20,4,-0.0020324083380489815,0.49834574028122414,0.09325782158347201
2023-05-27,4,0.0009946904706822023,0.32311002469890254,0.39860694972574146
2023-06-03,4,-0.008885699336388653,0.37907608695652173,0.32843530402500365
2023-06-10,4,0.002191939501758713,0.46987547892720305,0.11904579167458819
2023-06-17,4,-0.001287043947676187,0.49409465809654607,0.06158050903562853
2023-06-24,4,0.005478324214040646,0.3826086956521739,0.252830488350633
2023-07-01,4,-0.002341261948232352,0.48891173245614034,0.07397522881790432
2023-07-08,4,-0.0001048986615132787,0.24561403508771928,0.3057693348602232
2023-07-15,4,-0.000821130003513144,0.5094032641099491,0.05661056627336588
2023-07-22,4,0.0015303609715026333,0.49856508655917975,0.0506388700591795
2023-07-29,4,0.000328832875948253,0.5170639219934996,0.02034796788932344
2023-08-05,4,0.007952046871613074,0.25396825396825395,0.37748241422633744
2023-08-12,4,-0.0017179384036309594,0.41613737944013174,0.20595311250917553
2023-08-19,4,-0.005016117482419883,0.41919191919191917,0.23394765684154373
2023-08-26,4,0.0032054785030152214,0.35769230769230764,0.30653956908665053
2023-09-02,4,-0.000790224769303429,0.47,0.15956294645117408
2023-09-09,4,0.008664430088760687,0.40425531914893614,0.35353965286772654
2023-09-16,4,0.0012095205751631978,0.4497354497354497,0.16861882215036306
2023-09-23,4,0.00023939783503244664,0.2380952380952381,0.46128756811089344
2023-09-30,4,-5.534991852268101e-06,0.43416666666666665,0.21910075077831664
2023-10-07,4,0.013462506943576832,0.2714285714285714,0.5181845217044457
2023-10-14,4,0.006035953305798422,0.2890625,0.4622893588313707
2023-10-21,4,-0.020533832631046578,0.21726190476190474,0.4591204655746864
2023-10-28,4,-0.0018721003151157042,0.12614468864468864,0.28249429967128714
2023-11-04,4,-0.0036017875628018446,0.47244094488188976,0.10026228133050796
2023-11-11,4,-0.0016895297266000218,0.3981042654028436,0.20522085359984327
2023-11-18,4,-0.00021622547615272707,0.5135238441936658,0.04404476732603253
2023-11-25,4,-0.0037037329997559537,0.40611353711790393,0.3087457537875772
2023-12-02,4,-0.0018354205730718406,0.4794163044163044,0.1335563978530167
2023-12-09,4,-0.0004515724138219872,0.5106914502348213,0.04876058098440495
2023-12-16,4,-0.00021444134605499944,0.48555714484375323,0.12316587834218398
2023-12-23,4,0.0005736267575584744,0.5194959637262598,0.061037851343370746
2023-12-30,4,0.0,0.5279770444763273,0.0
2024-01-06,4,-0.0010019815482028508,0.4897435164038114,0.09572708845607684
2024-01-13,4,0.0,0.5547974771577255,0.0
2024-01-20,4,-0.000569635132232933,0.5180327868852459,0.04243174546124939
2024-01-27,4,0.0,0.549902609346562,0.0
2024-02-03,4,0.000658054566667992,0.5135593220338983,0.07918171771343677
2024-02-10,4,0.0,0.569983136593592,0.0
2024-02-17,4,-0.0007353227456466162,0.5359168780848705,0.0518469432101129
2024-02-24,4,0.0005015819195056462,0.5140643596299881,0.06341399263934687
2024-03-02,4,0.0,0.5678664611005693,0.0
2024-03-09,4,0.0,0.5664336594949817,0.0
2024-03-16,4,9.754128033742169e-05,0.5360855899419729,0.021107403637420065
2024-03-23,4,0.0,0.5617613161284492,0.0
2024-03-30,4,0.0,0.5649351116482504,0.0
2024-04-06,4,0.0002428261718550492,0.5387329579444654,0.022564007907007046
2024-04-13,4,-0.0021544171214714393,0.512720076205492,0.09270486308845638
2024-04-20,4,0.0001287847048308707,0.5035628200284035,0.04727477346703956
2024-04-27,4,0.0,0.5590994371482176,0.0
2024-05-04,4,6.440398932783172e-05,0.5444333812270877,0.01766836812878844
2024-05-11,4,0.0,0.5761078998073219,0.0
2024-05-18,4,0.0,0.5694698361648074,0.0
2024-05-25,4,0.0,0.5545911874652032,0.0
2024-06-01,4,0.0006040090412468414,0.5179610536270072,0.1347066769781183
2024-06-08,4,-4.6793506719215684e-05,0.5448180896547998,0.02264216055620081
2024-06-15,4,-0.00010340620103272616,0.5186260008360397,0.02611178368666759
2024-06-22,4,-0.0022908312566883326,0.5164972891051913,0.08275065705620861
2024-06-29,4,6.084633375853081e-05,0.5538142070795018,0.02051548631967544
2024-07-06,4,0.0,0.5643889183457051,0.0
2024-07-13,4,0.0,0.5602347966133157,0.0
2024-07-20,4,0.0015034685031502335,0.5087070627471398,0.06022669554640116
2024-07-27,4,0.0001593593570219626,0.5882787986727049,0.020208317370633687
2024-08-03,4,-0.0034396939376946656,0.5010361225023994,0.08513292087661006
2024-08-10,4,0.0,0.5656597438129586,0.0
2024-08-17,4,0.0001526560657388492,0.6262141280353202,0.060450393513573925
2024-08-24,4,-0.0011145108904152654,0.6054590570719602,0.02512605813232584
2024-08-31,4,0.000437216877567491,0.6028545711337895,0.019555931265245453
2024-09-07,4,0.0,0.5695379301950523,0.0
2024-09-14,4,0.002278053385722575,0.6341145833333334,0.0845285510654259
2024-09-21,4,-0.0006874173443247926,0.6287503783483831,0.06993168876982765
2024-09-28,4,0.001037872980337252,0.6324900133155792,0.09023902406514935
2024-10-05,4,-1.824020346965634e-05,0.6161593774625689,0.042123231486702134
2024-10-12,4,-0.0006926820747595617,0.6313193588162762,0.10580513679533994
2024-10-19,4,-0.0010943280432182312,0.6269461123012401,0.08820474864696484
2024-10-26,4,0.0,0.5757941063911214,0.0
2024-11-02,4,-8.434557212272226e-05,0.595766283200258,0.05121258406677233
2024-11-09,4,0.0,0.5745819397993309,0.0
2024-11-16,4,-0.000336306169574613,0.5408428994880086,0.03664915954671458
2024-11-23,4,0.0010200784507911613,0.5877309385893077,0.02826661038747865
2024-11-30,4,-4.919824048032882e-05,0.5933158765847399,0.02491332833145306
2024-12-07,4,-0.0013959470411327203,0.6149850484187833,0.060750954868747195
2024-12-14,4,0.0,0.5722552459463139,0.0
2024-12-21,4,0.00046463882826175423,0.5516224342384203,0.0200590968971088
2024-12-28,4,0.0,0.5465864713261225,0.0
2025-01-04,4,9.979621075168622e-05,0.5389092912365381,0.02356236259149599
2025-01-11,4,-0.0004868767213739724,0.5252212922259124,0.027917710460838217
2025-01-18,4,0.000124341111643698,0.5989981742467776,0.04659516870477044
2025-01-25,4,-3.418355577131953e-05,0.6011649294911098,0.04038330468873022
2025-02-01,4,0.0,0.5873615561496013,0.0
2025-02-08,4,-0.0004369531242303547,0.6057592531938731,0.026323218541996606
2025-02-15,4,-0.0009041999440203106,0.6231747218161643,0.09337726812158852
2025-02-22,4,-0.0005549929203233785,0.5458383252252906,0.027356525525492895
2025-03-01,4,-0.0004078914701544126,0.5967972099249,0.0179309413460688
2025-03-08,4,0.0,0.569920844327177,0.0
2025-03-15,4,0.0,0.5742489995322488,0.0
2025-03-22,4,0.00014217419313395196,0.5987024731922441,0.03637631094050203
2025-03-29,4,-0.0028430564108045107,0.6221715648966688,0.04895256370179696
2025-04-05,4,0.00023731057866624268,0.593193360882607,0.01770502682655728
2025-04-12,4,-0.0005951610850304845,0.5498640842426802,0.009252262428997113
2025-04-19,4,0.0011992507005114238,0.6283422459893048,0.043126886840166606
2025-04-26,4,0.000346306776857804,0.629695885509839,0.052947891202548225
2025-05-03,4,0.0030911770570757106,0.6314496314496314,0.10186132646287244
2025-05-10,4,-0.0016411529615014703,0.6296166009557113,0.0969256662361277
2025-05-17,4,0.0012067982423616386,0.631863186318632,0.08315478000107818
2025-05-24,4,0.0009727307970714238,0.6018958689399307,0.07818867365779361
2025-05-31,4,-0.002779691853297018,0.6332599118942731,0.12023789701088258
2025-06-07,4,-0.0005029510677642653,0.6344276841171252,0.09222332343062825
2025-06-14,4,-0.0010127243099766511,0.5504323900036032,0.024125721120097806
2025-06-21,4,0.0,0.5580184942829592,0.0
2025-06-28,4,0.0007850908805009183,0.631533101045296,0.09297982560643701
2025-07-05,4,0.0,0.5700217412946508,0.0
2025-07-12,4,-0.00013022165276380552,0.5997671220231523,0.06229947147610736
2025-07-19,4,-0.002527547061069607,0.6007023091765237,0.07502244524310818
2025-07-26,4,0.0022931394307687766,0.6186302681992337,0.07486299876444119
2025-08-02,4,0.0,0.5691099476439789,0.0
2025-08-09,4,-0.0004808998070871688,0.630077787381158,0.09556930054214371
2025-08-16,4,-0.0007304487256239221,0.6294416243654823,0.08930558919102476
2025-08-23,4,-0.0004860061915059285,0.6012521047767355,0.051170177838380196
2025-08-30,4,0.0015154745966146398,0.627668659265585,0.12600159272845807
2025-09-06,4,0.0011163134564951501,0.627296587926509,0.12935392262690779
