Date,CL1_CL2_spread,CL1_CL2_spread_z
1990-01-05,-0.6400000000000006,
1990-01-12,1.1700000000000017,
1990-02-02,0.7100000000000009,
1990-02-09,0.00999999999999801,
1990-02-16,0.9799999999999969,
1990-03-02,0.7100000000000009,
1990-03-09,0.26000000000000156,
1990-03-16,0.5799999999999983,
1990-04-06,-0.629999999999999,
1990-04-13,0.7800000000000011,
1990-05-04,-0.33999999999999986,
1990-05-11,-0.060000000000002274,
1990-05-18,0.3999999999999986,
1990-06-08,2.6700000000000017,
1990-06-15,0.4499999999999993,
1990-07-06,-0.639999999999997,
1990-07-13,0.41999999999999815,
1990-08-03,-0.23000000000000043,
1990-08-10,1.1799999999999997,
1990-08-17,1.1600000000000037,
1990-09-07,-0.7900000000000027,
1990-09-14,0.980000000000004,
1990-10-05,-0.46000000000000085,
1990-10-12,0.379999999999999,
1990-11-02,0.9699999999999989,
1990-11-09,0.8900000000000006,
1990-11-16,0.5300000000000011,
1990-12-07,-0.7199999999999989,
1990-12-14,0.6900000000000013,
1991-01-04,0.08999999999999986,
1991-01-11,0.240000000000002,
1991-02-01,0.5899999999999999,
1991-02-08,0.030000000000001137,
1991-02-15,0.10999999999999943,
1991-03-01,0.6099999999999994,
1991-03-08,0.08999999999999986,
1991-03-15,0.07000000000000028,
1991-04-05,0.120000000000001,
1991-04-12,0.08000000000000185,
1991-05-03,0.41000000000000014,
1991-05-10,0.05000000000000071,
1991-05-17,0.07000000000000028,
1991-06-07,-0.09000000000000341,
1991-06-14,0.029999999999997584,
1991-07-05,0.21999999999999886,
1991-07-12,0.14000000000000057,
1991-08-02,1.5100000000000016,
1991-08-09,0.09999999999999787,
1991-08-16,0.14000000000000057,
1991-09-06,0.10000000000000142,
1991-09-13,0.010000000000001563,
1991-10-04,0.3200000000000003,0.005924813908506842
1991-10-11,0.1700000000000017,-0.2689169908899418
1991-10-18,-0.05000000000000071,-0.6049712066784696
1991-11-01,1.0500000000000007,1.2272781921119338
1991-11-08,0.11999999999999744,-0.3296346610292495
1991-11-15,-0.06999999999999673,-0.6188986511568207
1991-12-06,-0.129999999999999,-0.6928925585700058
1991-12-13,0.019999999999999574,-0.4312858278168097
1992-01-03,0.0,-0.4464597382677909
1992-01-10,0.08999999999999986,-0.3253018155401097
1992-01-17,-0.029999999999997584,-0.5076714352143734
1992-02-07,0.09999999999999787,-0.3003027712162785
1992-02-14,-0.019999999999999574,-0.511873250520583
1992-03-06,0.05999999999999872,-0.3601431170409172
1992-03-13,-0.07000000000000028,-0.6136077131552777
1992-04-03,-0.16000000000000014,-0.780423222038927
1992-04-10,0.16000000000000014,-0.12712004168613306
1992-04-17,-0.08999999999999986,-0.6619646482563695
1992-05-08,0.08999999999999986,-0.27706891941527306
1992-05-15,-0.07000000000000028,-0.6099979843700395
1992-06-05,-0.08000000000000185,-0.607859718749081
1992-06-12,-0.10999999999999943,-0.7539630126799062
1992-07-03,-0.019999999999999574,-0.48930016473847
1992-07-10,0.07000000000000028,-0.2793097079412705
1992-07-17,-0.05999999999999872,-0.6205289236928375
1992-08-07,0.030000000000001137,-0.3343852057746002
1992-08-14,-0.10000000000000142,-0.6947575732027395
1992-09-04,-0.010000000000001563,-0.38883791192247974
1992-09-11,-0.08999999999999986,-0.7273028019767732
1992-09-18,-0.10999999999999943,-0.7668118881752729
1992-10-02,-0.09999999999999787,-0.7156068740677314
1992-10-09,0.129999999999999,0.08880100724012525
1992-10-16,-0.09999999999999787,-0.6802020099228455
1992-11-06,0.0,-0.3221270268223117
1992-11-13,-0.129999999999999,-0.7635906281802379
1992-12-04,-0.19000000000000128,-0.9461053161429487
1992-12-11,-0.08999999999999986,-0.568637547670303
1993-01-01,-0.10999999999999943,-0.6260277824974649
1993-01-08,-0.28000000000000114,-1.1942528200904092
1993-01-15,-0.2400000000000002,-1.0195030281042534
1993-02-05,-0.17999999999999972,-0.7764348990046885
1993-02-12,-0.28000000000000114,-1.0959101914282416
1993-03-05,-0.14999999999999858,-0.6222821948205802
1993-03-12,-0.2699999999999996,-1.020910910248894
1993-04-02,-0.00999999999999801,-0.11667913914078666
1993-04-09,-0.3099999999999987,-1.112654133613955
1993-04-16,-0.21000000000000085,-0.7428028151999727
1993-05-07,-0.33000000000000185,-1.4744836476180314
1993-05-14,-0.19000000000000128,-0.7607743810559341
1993-06-04,-0.18999999999999773,-0.7311810358600833
1993-06-11,-0.1999999999999993,-0.7511922161093947
1993-06-18,-0.28999999999999915,-1.1484213450556495
1993-07-02,-0.16000000000000014,-0.49122600798912824
1993-07-09,-0.3500000000000014,-1.3792750692533189
1993-07-16,-0.2900000000000009,-1.0478671013341345
1993-08-06,-0.240000000000002,-1.0753381771496067
1993-08-13,-0.3100000000000005,-1.5599004504545269
1993-09-03,-0.08000000000000185,0.22698616547567227
1993-09-10,-0.39000000000000057,-2.0500327979313964
1993-09-17,-0.3099999999999987,-1.394453634509936
1993-10-08,-0.379999999999999,-1.808559735688301
1993-10-15,-0.28999999999999915,-1.1241968440864865
1993-11-05,-0.1700000000000017,-0.2344619399401698
1993-11-12,-0.2900000000000027,-1.0764391880580686
1993-12-03,-0.120000000000001,0.2049709325774115
1993-12-10,-0.17999999999999972,-0.21593778899458016
1993-12-17,-0.3200000000000003,-1.2411411966876147
1994-01-07,0.5400000000000027,4.1863936017890815
1994-01-14,0.05000000000000071,1.2220469688095437
1994-02-04,-0.120000000000001,0.16253048002172324
1994-02-11,0.28999999999999915,2.576196251172631
1994-02-18,0.0,0.8349171534626731
1994-03-04,-0.11999999999999922,0.12789218576716446
1994-03-11,0.3099999999999987,2.468477505306561
1994-04-01,-0.3000000000000007,-0.8934274204634769
1994-04-08,0.4299999999999997,2.8834916832841904
1994-04-15,0.25,1.8635937312839572
1994-05-06,0.28999999999999915,1.9683914106158764
1994-05-13,-0.00999999999999801,0.5218116085484923
1994-06-03,-0.2400000000000002,-0.5555994600786431
1994-06-10,-0.120000000000001,0.0202087524133312
1994-06-17,0.0,0.5813509845187471
1994-07-01,-0.2400000000000002,-0.5468115602977126
1994-07-08,0.5600000000000023,2.9602517841181313
1994-07-15,-0.03999999999999915,0.32951086717531475
1994-08-05,0.0,0.5043533681254759
1994-08-12,-0.03999999999999915,0.3216256137374813
1994-09-02,-0.16999999999999993,-0.2478506509565443
1994-09-09,-0.14000000000000057,-0.11258037419314265
1994-09-16,-0.0400000000000027,0.31809648059643614
1994-10-07,0.5800000000000018,2.736508497510922
1994-10-14,0.10000000000000142,0.7660384336880489
1994-11-04,0.009999999999999787,0.3879938763519397
1994-11-11,0.0,0.32757467333392826
1994-12-02,-0.27999999999999936,-0.7934665331776325
1994-12-09,-0.16999999999999815,-0.35914490402372923
1994-12-16,-0.03999999999999915,0.1699271802614779
1995-01-06,0.11999999999999744,0.7868170033672138
1995-01-13,0.3000000000000007,1.4513082834096245
1995-02-03,0.17999999999999972,0.9359260293198643
1995-02-10,0.3000000000000007,1.3565522331776685
1995-02-17,0.3099999999999987,1.3379315129580458
1995-03-03,0.2099999999999973,0.9155654609001311
1995-03-10,0.29999999999999716,1.2137457666514289
1995-03-17,0.2900000000000027,1.1308310710060847
1995-04-07,0.14999999999999858,0.5693446487228413
1995-04-14,0.3299999999999983,1.2155776269234235
1995-05-05,0.25,0.8728875307605285
1995-05-12,0.3400000000000034,1.175388636550369
1995-06-02,0.25,0.7989351817920973
1995-06-09,0.33999999999999986,1.1094439571444468
1995-06-16,0.3999999999999986,1.2961086403933912
1995-07-07,0.1999999999999993,0.4800321597106257
1995-07-14,0.370000000000001,1.129024906451822
1995-08-04,0.09999999999999787,0.002390101777284973
1995-08-11,0.28999999999999915,0.7590408231318782
1995-08-18,0.39000000000000057,1.1366314183137776
1995-09-01,0.04999999999999716,-0.32022223481306195
1995-09-08,0.21000000000000085,0.3329836850710731
1995-09-15,0.28999999999999915,0.7297024982279933
1995-10-06,0.21000000000000085,0.3504022426797188
1995-10-13,0.2799999999999976,0.6409554091275631
1995-11-03,0.09999999999999787,-0.17275103511788592
1995-11-10,0.23000000000000043,0.4096978847625077
1995-11-17,0.28999999999999915,0.6585459483422648
1995-12-01,0.0799999999999983,-0.3072727557436878
1995-12-08,0.2799999999999976,0.608041525482598
1995-12-15,0.3099999999999987,0.7764556262831885
1996-01-05,0.9100000000000001,3.2846004488006
1996-01-12,0.2900000000000027,0.5447422736562051
1996-02-02,0.4200000000000017,1.0766516051607737
1996-02-09,0.5399999999999991,1.5530537298467446
1996-02-16,0.5300000000000011,1.4500340988448597
1996-03-01,0.5500000000000007,1.4710002359121341
1996-03-08,0.8499999999999979,2.604257019831671
1996-03-15,0.6000000000000014,1.5365894107839693
1996-04-05,1.6699999999999982,4.566816053993932
1996-04-12,0.5399999999999991,0.853266496737243
1996-05-03,0.9399999999999977,2.028798370991424
1996-05-10,0.6600000000000001,1.1058730983255618
1996-05-17,0.639999999999997,1.0054126941610801
1996-06-07,0.8100000000000023,1.4878349219481095
1996-06-14,0.6000000000000014,0.8149900893532586
1996-07-05,0.9899999999999984,1.9399056356068556
1996-07-12,0.10999999999999943,-0.7876762116140469
1996-08-02,0.43000000000000327,0.18263035115748602
1996-08-09,0.5399999999999991,0.4991881125968799
1996-08-16,0.1999999999999993,-0.6580691443369471
1996-09-06,0.75,1.158281741981721
1996-09-13,0.5,0.28426830839030204
1996-10-04,2.1099999999999994,4.442074669399617
1996-10-11,0.3100000000000023,-0.38896304590545555
1996-10-18,0.46000000000000085,0.006217612570568954
1996-11-01,0.3999999999999986,-0.16031634365618672
1996-11-08,0.7399999999999984,0.7288876973816223
1996-11-15,0.4499999999999993,-0.060779153560401186
1996-12-06,0.8000000000000007,0.8539789635597737
1996-12-13,0.48999999999999844,0.0031266572365644136
1997-01-03,0.6800000000000033,0.4994223054128537
1997-01-10,0.030000000000001137,-1.2355974821858007
1997-01-17,-0.28000000000000114,-1.9576662904634274
1997-02-07,0.0,-1.2096867409154637
1997-02-14,-0.2699999999999996,-1.80801538297665
1997-03-07,0.0,-1.1093198638752573
1997-03-14,-0.23000000000000043,-1.6124828531396416
1997-04-04,-0.09999999999999787,-1.2611697269709494
1997-04-11,-0.15000000000000213,-1.3504755743878543
1997-04-18,-0.25,-1.523147240474232
1997-05-02,0.39000000000000057,-0.07402373667255956
1997-05-09,-0.10000000000000142,-1.1691365917867342
1997-05-16,-0.2699999999999996,-1.4992844407988193
1997-06-06,-0.3200000000000003,-1.546364615304453
1997-06-13,-0.21000000000000085,-1.2733438327161855
1997-07-04,-0.09999999999999787,-1.0146661566889565
1997-07-11,-0.1700000000000017,-1.1396822470673307
1997-08-01,0.6900000000000013,0.6277150602575984
1997-08-08,-0.1999999999999993,-1.1809124654933876
1997-08-15,-0.25,-1.254655992163011
1997-09-05,0.019999999999999574,-0.6962011077786203
1997-09-12,-0.25,-1.1997985443921486
1997-10-03,-0.060000000000002274,-0.7910680932489588
1997-10-10,-0.03999999999999915,-0.7346292716726744
1997-10-17,-0.2699999999999996,-1.1491639301910552
1997-11-07,-0.16000000000000014,-0.9018946200814004
1997-11-14,-0.25,-1.0383783147034678
1997-12-05,0.11999999999999744,-0.3099265906185942
1997-12-12,-0.23000000000000043,-0.9483516993337516
1998-01-02,-0.18999999999999773,-0.8391924010113193
1998-01-09,-0.2400000000000002,-0.9306540583694305
1998-01-16,-0.4399999999999995,-1.2912633940805516
1998-02-06,-0.620000000000001,-1.5962911948998881
1998-02-13,-0.35999999999999943,-1.0234105254243329
1998-03-06,-0.6199999999999992,-1.4885388552672127
1998-03-13,-0.370000000000001,-0.9469108347594508
1998-04-03,-0.33000000000000007,-0.831676046824457
1998-04-10,-0.17999999999999972,-0.4937361573771795
1998-04-17,-0.33999999999999986,-0.8104169456302713
1998-05-01,-0.25,-0.5944536870603744
1998-05-08,-0.3800000000000008,-0.8365363027582966
1998-05-15,-0.1899999999999995,-0.41575328602736533
1998-06-05,-0.7200000000000006,-1.4890929696189907
1998-06-12,-0.21000000000000085,-0.37440414861990384
1998-07-03,-0.19000000000000128,-0.3118242890020535
1998-07-10,-0.16999999999999993,-0.23101435111177845
1998-07-17,-0.34999999999999964,-0.7218070003760432
1998-08-07,-0.4399999999999995,-0.9530088092862067
1998-08-14,-0.379999999999999,-0.756899657780599
1998-09-04,-0.34999999999999964,-0.6324482553609948
1998-09-11,-0.23999999999999844,-0.2262697218900341
1998-09-18,-0.41000000000000014,-0.8386685384312386
1998-10-02,-0.23000000000000043,-0.07334124711834361
1998-10-09,-0.1999999999999993,0.08208792952441259
1998-10-16,-0.4900000000000002,-1.1997898132536537
1998-11-06,-1.17,-3.6024334368821047
1998-11-13,-0.5200000000000014,-1.041938061967156
1998-12-04,-0.370000000000001,-0.44014872544531664
1998-12-11,-0.2599999999999998,-0.011191393573523783
1999-01-01,-0.1399999999999988,0.4580991640189967
1999-01-08,0.010000000000001563,1.0200755929513183
1999-01-15,0.7300000000000004,3.2930562200434137
1999-02-05,0.030000000000001137,0.9666107841452155
1999-02-12,0.75,3.1137806582805014
1999-03-05,0.370000000000001,1.8017527968992249
1999-03-12,0.7099999999999973,2.5971138513249397
1999-04-02,-0.16000000000000014,0.09608019248004505
1999-04-09,-0.10999999999999943,0.24023487650659398
1999-04-16,0.129999999999999,0.9054224654495113
1999-05-07,0.030000000000001137,0.6986561401542044
1999-05-14,0.120000000000001,0.9441847513113913
1999-06-04,0.00999999999999801,0.5968796241364621
1999-06-11,0.17999999999999972,1.0877205104501735
1999-06-18,0.8599999999999994,2.796345105524547
1999-07-02,-0.019999999999999574,0.3931960353679365
1999-07-09,0.00999999999999801,0.4718483795159598
1999-07-16,0.7300000000000004,2.2575763873180787
1999-08-06,-0.08999999999999986,0.1360774322730955
1999-08-13,0.6499999999999986,1.9280586697632132
1999-09-03,-0.05000000000000071,0.19623574582313197
1999-09-10,-0.019999999999999574,0.26099700105063456
1999-09-17,0.6899999999999977,1.916176698705527
1999-10-08,-0.08999999999999986,0.035605819843929284
1999-10-15,0.5199999999999996,1.4369403439868875
1999-11-05,0.07000000000000028,0.3442148214579148
1999-11-12,0.11999999999999744,0.44354455142998567
1999-12-03,0.0,0.12756524709855252
1999-12-10,0.0,0.11074871369728492
1999-12-17,0.14000000000000057,0.4357835340321255
2000-01-07,0.8300000000000018,2.0140349445904198
2000-01-14,0.8500000000000014,1.941599032027959
2000-02-04,1.610000000000003,3.223386887834406
2000-02-11,1.259999999999998,2.3213397788441226
2000-03-03,1.490000000000002,2.535040802063753
2000-03-10,0.21999999999999886,0.17954006551220641
2000-03-17,1.1600000000000001,1.8348043798604274
2000-04-07,1.370000000000001,2.0748216825668817
2000-04-14,0.75,0.9571656268611825
2000-05-05,0.36999999999999744,0.27620516086552477
2000-05-12,0.5,0.4771779537690756
2000-06-02,0.5800000000000018,0.5908845986834677
2000-06-09,0.9200000000000017,1.151449567637375
2000-06-16,0.5400000000000027,0.4512585051051647
2000-07-07,1.1000000000000014,1.3967308574504531
2000-07-14,0.33999999999999986,0.021477189431991603
2000-08-04,1.7900000000000027,2.430358815688272
2000-08-11,0.9600000000000009,0.9776815020701538
2000-08-18,0.3500000000000014,-0.13734938976011807
2000-09-08,0.40000000000000213,-0.07945046262707836
2000-09-15,0.9400000000000048,0.929563597982944
2000-10-06,0.05000000000000071,-0.8401685551332224
2000-10-13,0.9600000000000009,0.9339938968771008
2000-11-03,1.0400000000000027,1.0526550479210632
2000-11-10,0.00999999999999801,-0.9706630241858449
2000-11-17,0.46000000000000085,-0.09540885183276031
2000-12-01,0.620000000000001,0.23009322834511245
2000-12-08,0.6799999999999997,0.33825612898167456
2000-12-15,0.5799999999999983,0.14312849935208027
2001-01-05,-0.389999999999997,-1.76901428443039
2001-01-12,-0.18999999999999773,-1.3648561735773572
2001-02-02,0.8000000000000007,0.5616828472734898
2001-02-09,0.6700000000000017,0.2830404249340018
2001-02-16,-0.21999999999999886,-1.4545464459299664
2001-03-02,0.7300000000000004,0.3855500160464884
2001-03-09,-0.15000000000000213,-1.326258990387684
2001-03-16,-0.3000000000000007,-1.5441878724377065
2001-04-06,-0.28000000000000114,-1.478363148881717
2001-04-13,-0.360000000000003,-1.5887154099010157
2001-05-04,-0.22999999999999687,-1.2930236013951604
2001-05-11,-0.21999999999999886,-1.2633442996134443
2001-05-18,-0.3500000000000014,-1.4361053045148382
2001-06-08,0.6099999999999994,0.2574161091762352
2001-06-15,-0.39000000000000057,-1.5054803086566726
2001-07-06,-0.39000000000000057,-1.4403044324353638
2001-07-13,-0.41000000000000014,-1.4456991380469724
2001-08-03,-0.23000000000000043,-1.0989642672789244
2001-08-10,-0.41000000000000014,-1.3669650850503867
2001-08-17,-0.1999999999999993,-0.9985390363579547
2001-09-07,0.3999999999999986,-0.01791092183858603
2001-09-14,-0.240000000000002,-1.0673382448565267
2001-10-05,-0.5800000000000018,-1.5690979319056855
2001-10-12,-0.41999999999999815,-1.2581001522389803
2001-11-02,1.1900000000000013,1.2869749071776175
2001-11-09,-0.16000000000000014,-0.8169592378036384
2001-11-16,-0.38000000000000256,-1.1356499880486792
2001-12-07,0.3500000000000014,0.10743150301331636
2001-12-14,-0.379999999999999,-1.1099684599375972
2002-01-04,-0.13000000000000256,-0.656913486159347
2002-01-11,0.41999999999999815,0.33534485507668776
2002-02-01,-0.21999999999999886,-0.7790572787839475
2002-02-08,0.5,0.5078706640714115
2002-02-15,0.1999999999999993,-0.01934482030742215
2002-03-01,-0.2699999999999996,-0.8321181632007719
2002-03-08,0.0799999999999983,-0.17906614303597052
2002-03-15,0.129999999999999,-0.07390648810740096
2002-04-05,-0.23000000000000043,-0.7031709450061596
2002-04-12,0.120000000000001,-0.03865532399621316
2002-05-03,-0.2799999999999976,-0.7907506887126605
2002-05-10,-0.030000000000001137,-0.23965322851712514
2002-05-17,0.11999999999999744,0.09186829790279029
2002-06-07,-0.19000000000000128,-0.5517830797040708
2002-06-14,0.03999999999999915,-0.019354757754625845
2002-07-05,0.46999999999999886,0.9165035185624418
2002-07-12,0.4499999999999993,0.9240780289303986
2002-08-02,-0.35999999999999943,-0.9124621427336328
2002-08-09,0.45000000000000284,1.0020005651830945
2002-08-16,0.6600000000000001,1.4748234063543126
2002-09-06,0.759999999999998,1.6867621547658136
2002-09-13,0.019999999999999574,-0.005494101494738057
2002-10-04,-0.1700000000000017,-0.43037092749214717
2002-10-11,-0.10000000000000142,-0.27687312200964165
2002-10-18,-0.030000000000001137,-0.11383103700457721
2002-11-01,-0.6400000000000006,-1.5586189145106888
2002-11-08,-0.010000000000001563,0.036321050110605914
2002-11-15,-0.020000000000003126,0.0009841090474978114
2002-12-06,-0.23000000000000043,-0.5068802547817388
2002-12-13,0.020000000000003126,0.1474687085894147
2003-01-03,0.6099999999999994,1.6297382231036135
2003-01-10,0.21999999999999886,0.5934693250418067
2003-01-17,0.14999999999999858,0.3888254851791435
2003-02-07,0.33999999999999986,0.8539863694377995
2003-02-14,0.16000000000000014,0.3667048542441688
2003-03-07,0.33999999999999986,0.8045540358074071
2003-03-14,0.1700000000000017,0.38980067648126737
2003-04-04,1.7600000000000016,3.852228017254584
2003-04-11,0.120000000000001,0.1020976449425238
2003-04-18,0.13000000000000256,0.1024870439791413
2003-05-02,0.6599999999999966,1.2815695540141707
2003-05-09,0.019999999999999574,-0.21309713752754675
2003-05-16,0.08999999999999986,-0.06313891685940927
2003-06-06,1.0199999999999996,2.0123949551802176
2003-06-13,0.2900000000000027,0.342885202203176
2003-07-04,1.4499999999999993,2.7377360320805697
2003-07-11,0.2900000000000027,0.21501251549349795
2003-08-01,0.5,0.7356704699053266
2003-08-08,0.10999999999999943,-0.16948848066416175
2003-08-15,0.10000000000000142,-0.21732643970603593
2003-09-05,0.39000000000000057,0.4590519901760078
2003-09-12,0.16000000000000014,-0.10485201154680561
2003-10-03,0.990000000000002,1.7731475807639394
2003-10-10,-0.019999999999999574,-0.5494661165898789
2003-10-17,0.11999999999999744,-0.24255575484939104
2003-11-07,0.23000000000000043,0.027114020828417466
2003-11-14,0.10000000000000142,-0.2736516862671124
2003-12-05,0.26000000000000156,0.07915640768772798
2003-12-12,0.0899999999999963,-0.32582795821568333
2004-01-02,0.39000000000000057,0.3758349385430615
2004-01-09,0.03999999999999915,-0.47334160460945784
2004-01-16,-0.21000000000000085,-1.04759086008486
2004-02-06,0.030000000000001137,-0.497510490008466
2004-02-13,-0.22999999999999687,-1.104844137584119
2004-03-05,0.21999999999999886,-0.035369230997344535
2004-03-12,-0.21000000000000085,-1.0605055443414393
2004-04-02,1.110000000000003,1.9642124999745227
2004-04-09,0.5300000000000011,0.6281608971581613
2004-04-16,-0.020000000000003126,-0.6116359847981293
2004-05-07,-0.07000000000000028,-0.749354450717008
2004-05-14,-0.00999999999999801,-0.5886713986219759
2004-06-04,0.5899999999999963,0.8081363192850157
2004-06-11,0.490000000000002,0.5942429065680795
2004-06-18,-0.2600000000000051,-1.1445712273241329
2004-07-02,0.21999999999999886,-0.04559159775558045
2004-07-09,0.0,-0.5682950965623221
2004-07-16,-0.3500000000000014,-1.3578631975910005
2004-08-06,-0.14999999999999858,-0.9472949008653203
2004-08-13,-0.37000000000000455,-1.433866404853028
2004-09-03,0.8299999999999983,1.3393636317149138
2004-09-10,-0.020000000000003126,-0.6522086668968744
2004-09-17,-0.4399999999999977,-1.5805866157506387
2004-10-08,0.46000000000000085,0.4921555037120946
2004-10-15,-0.6499999999999986,-1.947913855194516
2004-11-05,0.09000000000000341,-0.30643124315558934
2004-11-12,-0.17999999999999972,-0.8755903033107486
2004-12-03,0.6199999999999974,0.8566999997820448
2004-12-10,0.3299999999999983,0.22447630299316093
2004-12-17,-0.0899999999999963,-0.6779507056497821
2005-01-07,-1.1400000000000006,-2.9299964287778937
2005-01-14,-0.8800000000000026,-2.1906504949184966
2005-02-04,-0.5700000000000003,-1.4680956929941884
2005-02-11,-0.740000000000002,-1.7337341672863156
2005-02-18,-0.8900000000000006,-1.9295774786346969
2005-03-04,-0.5899999999999963,-1.290616899348442
2005-03-11,-0.769999999999996,-1.5865275234705531
2005-04-01,-0.1700000000000017,-0.39684832185735563
2005-04-08,-0.9299999999999997,-1.879774152041053
2005-04-15,-0.9200000000000017,-1.7613058001293338
2005-05-06,-1.6600000000000037,-2.9077304757456153
2005-05-13,-0.9400000000000048,-1.513466978053576
2005-06-03,-0.21999999999999886,-0.20858167350444623
2005-06-10,0.29999999999999716,0.7317449706767984
2005-06-17,-0.9100000000000037,-1.388878990893911
2005-07-01,-0.21999999999999886,-0.12990935793758643
2005-07-08,-0.9500000000000028,-1.415839199503376
2005-07-15,-0.9699999999999989,-1.3902739572306189
2005-08-05,-1.3299999999999983,-1.9141443644217055
2005-08-12,-0.9500000000000028,-1.2105531432182863
2005-09-02,-0.6199999999999974,-0.6222575820681189
2005-09-09,-0.8200000000000074,-0.9290259484497561
2005-09-16,-0.990000000000002,-1.171467448116001
2005-10-07,-1.1400000000000006,-1.365906844806106
2005-10-14,-0.9400000000000048,-0.9986170383753171
2005-11-04,-1.3900000000000006,-1.6567240793363298
2005-11-11,-0.9499999999999957,-0.916757301196351
2005-12-02,-0.19000000000000483,0.3154625575128254
2005-12-09,-0.6700000000000017,-0.4447247827158191
2005-12-16,-0.9600000000000009,-0.8957096370137769
2006-01-06,-0.8900000000000006,-0.7463057410381367
2006-01-13,-1.5800000000000054,-1.8409548680152954
2006-02-03,-1.7099999999999937,-1.9403038300475668
2006-02-10,-1.2899999999999991,-1.2043581167785116
2006-02-17,-1.7399999999999949,-1.86045336972262
2006-03-03,-1.6899999999999977,-1.7139990709098412
2006-03-10,-1.3699999999999974,-1.1486833429278773
2006-03-17,-1.740000000000002,-1.6688542758432636
2006-04-07,-0.8799999999999955,-0.2738952633848485
2006-04-14,-1.5900000000000034,-1.3594903477611724
2006-05-05,-1.710000000000008,-1.4818844932747897
2006-05-12,-1.490000000000002,-1.0943901480784655
2006-06-02,-0.9699999999999989,-0.24879147887483377
2006-06-09,-1.2000000000000028,-0.6016419781592062
2006-06-16,-1.3300000000000054,-0.7905088958820277
2006-07-07,-1.1400000000000006,-0.4406498388654315
2006-07-14,-0.8900000000000006,0.009537495987265181
2006-08-04,-1.769999999999996,-1.498420690801172
2006-08-11,-1.7199999999999989,-1.3556772954128928
2006-08-18,-1.0600000000000023,-0.1303044846610737
2006-09-01,-0.8499999999999943,0.3461596719794286
2006-09-08,-1.1800000000000068,-0.3107194285822165
2006-09-15,-1.9000000000000057,-1.7820513485148974
2006-10-06,-1.4399999999999977,-0.7895655003199387
2006-10-13,-1.9499999999999957,-1.761716057661464
2006-11-03,-0.5100000000000051,1.1643846157010804
2006-11-10,-1.8599999999999994,-1.5025116664765552
2006-11-17,-1.1400000000000006,-0.05321865889551743
2006-12-01,-0.5499999999999972,1.1127695830735256
2006-12-08,-1.1099999999999994,0.03570807401785762
2006-12-15,-0.9699999999999989,0.32632738282183194
2007-01-05,-1.7099999999999937,-1.156326937476778
2007-01-12,1.039999999999992,3.734664303277217
2007-02-02,-0.7099999999999937,0.6580633146242576
2007-02-09,0.3100000000000023,2.3390192500964666
2007-02-16,1.1200000000000045,3.4115227497816543
2007-03-02,-1.0899999999999963,-0.04002983648180865
2007-03-09,0.7200000000000131,2.6146647129305616
2007-03-16,0.269999999999996,1.8477224595755404
2007-04-06,-1.0800000000000125,-0.07860273109765452
2007-04-13,0.20999999999999375,1.6767382757837326
2007-05-04,-1.9100000000000108,-1.227708955317191
2007-05-11,0.8599999999999994,2.3867730822442543
2007-05-18,0.19999999999998863,1.4752825769624323
2007-06-08,0.09000000000000341,1.2879057337567252
2007-06-15,0.29000000000000625,1.4705816195401595
2007-07-06,-0.8099999999999881,0.12785672414461985
2007-07-13,0.12999999999999545,1.2223654576472525
2007-08-03,-1.5799999999999983,-0.8154246794325061
2007-08-10,0.6199999999999903,1.7524927128808814
2007-08-17,0.7999999999999972,1.862523751375894
2007-09-07,-0.4200000000000017,0.47603968077318753
2007-09-14,1.019999999999996,1.9715078012489624
2007-10-05,-1.6199999999999974,-0.8759606424332445
2007-10-12,0.09000000000000341,0.9314583627565407
2007-11-02,-0.9600000000000009,-0.20914237602064958
2007-11-09,1.230000000000004,2.032997989170851
2007-11-16,0.09999999999999432,0.8157473776672013
2007-12-07,-0.37000000000000455,0.30226659312480547
2007-12-14,0.10999999999999943,0.7776229903383629
2008-01-04,0.480000000000004,1.1298813198962177
2008-01-11,0.6099999999999994,1.2172999070986101
2008-01-18,-1.3999999999999986,-0.9008083174760522
2008-02-01,0.29000000000000625,0.8479821874126509
2008-02-08,-0.5699999999999932,-0.06992783282700027
2008-02-15,-1.4699999999999989,-1.0135573890077234
2008-03-07,-0.5699999999999932,-0.08012416198670894
2008-03-14,-1.5300000000000011,-1.0846977089167362
2008-04-04,0.46999999999999886,0.9900762184161989
2008-04-11,-0.6599999999999966,-0.2189112460609325
2008-04-18,-1.5399999999999991,-1.1660742236384238
2008-05-02,-0.04000000000000625,0.42035787506412553
2008-05-09,-0.45999999999999375,-0.0386860622047945
2008-05-16,-2.1199999999999974,-1.759901113517208
2008-06-06,-0.1599999999999966,0.2669364621691449
2008-06-13,-0.6999999999999957,-0.3317744172090178
2008-07-04,0.5400000000000063,0.9816271563863576
2008-07-11,-0.8299999999999983,-0.5272051890345009
2008-08-01,0.25,0.6362411287158563
2008-08-08,-0.20000000000000284,0.10737360952639845
2008-08-15,-2.6499999999999986,-2.478398837715796
2008-09-05,-0.04000000000000625,0.2948852886170279
2008-09-12,-2.5899999999999963,-2.2978241042052603
2008-10-03,1.1600000000000108,1.4802254246934592
2008-10-10,-0.28999999999999204,0.026408199013102103
2008-10-17,-2.5,-2.136034634146589
2008-11-07,-0.5799999999999841,-0.2124929370818194
2008-11-14,-2.8600000000000065,-2.3274167366180185
2008-12-05,0.13000000000000966,0.5302843287390148
2008-12-12,-2.8399999999999963,-2.183055730710776
2009-01-02,-3.990000000000002,-2.908235860169125
2009-01-09,-0.6700000000000017,-0.09158859795370462
2009-01-16,-1.3999999999999915,-0.6868924161999066
2009-02-06,-0.8800000000000097,-0.2640587961856987
2009-02-13,-1.5700000000000074,-0.8256368836844575
2009-03-06,-0.9699999999999989,-0.2856326428442075
2009-03-13,-1.75,-0.9314893769508836
2009-04-03,-1.8200000000000003,-0.9550810812438099
2009-04-10,-0.5900000000000034,0.10807875325684474
2009-04-17,-1.7800000000000011,-0.8898463449917962
2009-05-01,-3.8799999999999955,-2.5077555738097987
2009-05-08,-1.960000000000008,-0.910974689695681
2009-05-15,-0.6599999999999966,0.17745545052303338
2009-06-05,-1.25,-0.3003426932213058
2009-06-12,-0.6599999999999966,0.2233370135001054
2009-07-03,-4.759999999999998,-2.943934293220518
2009-07-10,-0.3100000000000023,0.5317890179706604
2009-07-17,-1.9799999999999898,-0.7552727983928759
2009-08-07,-1.019999999999996,0.026089224231922403
2009-08-14,-2.0,-0.7305649289961964
2009-09-04,-2.6899999999999977,-1.2353113833304163
2009-09-11,-0.6399999999999864,0.41071085000411617
2009-09-18,-1.8799999999999955,-0.5556283681996761
2009-10-02,-6.210000000000001,-3.5222405921845836
2009-10-09,-0.3299999999999983,0.7021190298156245
2009-10-16,-1.779999999999987,-0.3142517224223912
2009-11-06,-0.7999999999999972,0.40197937864703936
2009-11-13,-2.0799999999999983,-0.5200379043470431
2009-12-04,-0.9399999999999977,0.31368013789971566
2009-12-11,-0.710000000000008,0.46864104117067085
2010-01-01,-0.6599999999999966,0.5286576244031581
2010-01-08,-0.5099999999999909,0.6363362616093948
2010-01-15,-0.5,0.6265917992411503
2010-02-05,-0.46999999999999886,0.6579718002078508
2010-02-12,-0.4200000000000017,0.6940008925679556
2010-03-05,-2.960000000000008,-1.1542806326712831
2010-03-12,-0.4000000000000057,0.7185676713088724
2010-04-02,-0.4000000000000057,0.7124897027622838
2010-04-09,-0.4399999999999977,0.7075256510864747
2010-04-16,-0.6700000000000017,0.5343251404404458
2010-05-07,-0.45999999999999375,0.7067752754387177
2010-05-14,-0.6300000000000097,0.5887018386676364
2010-06-04,-0.5499999999999972,0.6214169781346117
2010-06-11,-0.7599999999999909,0.47723502747548585
2010-06-18,-0.35999999999999943,0.7508168270751412
2010-07-02,-0.5300000000000011,0.667908585662241
2010-07-09,-1.759999999999991,-0.2812334852659199
2010-07-16,-0.5300000000000011,0.6667909344052839
2010-08-06,-1.0700000000000074,0.2452781009899244
2010-08-13,-0.539999999999992,0.6393674403318491
2010-09-03,-0.37000000000000455,0.7904403290557862
2010-09-10,-1.5400000000000063,-0.18391695023357796
2010-09-17,-0.5099999999999909,0.6402016209819574
2010-10-08,-0.45999999999999375,0.678527950972913
2010-10-15,-0.519999999999996,0.6099624478217965
2010-11-05,-3.8499999999999943,-2.10664624519727
2010-11-12,-0.46999999999999886,0.6510174284160397
2010-12-03,-0.30000000000001137,0.7753993941956233
2010-12-10,-0.7800000000000011,0.36948207866309224
2010-12-17,-0.46000000000000796,0.6079415738552155
2011-01-07,-0.539999999999992,0.541870017953498
2011-01-14,-0.12999999999999545,0.8451401160075966
2011-02-04,-1.25,-0.10697142981316002
2011-02-11,0.1600000000000108,1.0511864351211473
2011-02-18,-0.13000000000000966,0.7933960571265015
2011-03-04,-1.1800000000000068,-0.09091748302174618
2011-03-11,0.1599999999999966,1.0137181000535451
2011-04-01,-1.0400000000000063,-0.05131134726001222
2011-04-08,-0.4100000000000108,0.5347001178965638
2011-04-15,0.07000000000000739,0.9429196948287673
2011-05-06,-0.5400000000000063,0.3683761759897452
2011-05-13,-0.14000000000000057,0.7089265468003585
2011-06-03,-1.3700000000000045,-0.4710332657266441
2011-06-10,-0.20999999999999375,0.626626211893041
2011-06-17,-0.1700000000000017,0.6367510548254759
2011-07-01,-1.1899999999999977,-0.6258592214867376
2011-07-08,-0.46999999999999886,0.3777974164805596
2011-07-15,-0.19000000000001194,0.736140994555674
2011-08-05,-0.5799999999999983,0.17925220066759437
2011-08-12,-0.20000000000000284,0.6880787075844906
2011-09-02,-3.3900000000000006,-3.422973301251768
2011-09-09,-0.1700000000000017,0.6852969248598237
2011-09-16,-0.18999999999999773,0.6455908618511568
2011-10-07,-0.5599999999999881,0.17707061299968668
2011-10-14,0.09999999999999432,0.991388328922195
2011-11-04,-0.6499999999999915,0.05206322750456103
2011-11-11,0.09999999999999432,0.9756071604022555
2011-12-02,-1.0100000000000051,-0.498139969621088
2011-12-09,-0.12000000000000455,0.7026333020895064
2011-12-16,-0.21999999999999886,0.5612319784787648
2012-01-06,-0.3299999999999983,0.4092092754665847
2012-01-13,-0.47999999999998977,0.20153994769409725
2012-02-03,-0.46999999999999886,0.2153175725956092
2012-02-10,-0.37999999999999545,0.33001883296281237
2012-02-17,-0.5400000000000063,0.11389477689074304
2012-03-02,-0.39000000000000057,0.3064741895371736
2012-03-09,-0.29000000000000625,0.4391676521450415
2012-03-16,-0.5999999999999943,0.02332163682879891
2012-04-06,-0.28999999999999204,0.4121473506474942
2012-04-13,-0.5799999999999983,0.013783305535675004
2012-05-04,-0.5600000000000023,0.027954037353503033
2012-05-11,-0.4899999999999949,0.12351520487897799
2012-05-18,-0.5900000000000034,-0.00905827411313015
2012-06-01,-0.21999999999999886,0.4757308786920853
2012-06-08,-0.2599999999999909,0.4119969840161217
2012-06-15,-0.5899999999999892,-0.048095971192761176
2012-07-06,-0.3100000000000023,0.33926158757503366
2012-07-13,-0.5699999999999932,-0.15097026634352587
2012-08-03,-0.480000000000004,0.016417722795342274
2012-08-10,-0.4000000000000057,0.16861940288352423
2012-08-17,-0.46999999999999886,0.027587342615413776
2012-09-07,-0.38000000000000966,0.19232779808220213
2012-09-14,-0.480000000000004,0.003940114643610433
2012-10-05,-0.3299999999999983,0.29150314592061166
2012-10-12,-0.539999999999992,-0.12916098024338227
2012-11-02,-0.21999999999999886,0.501465325093627
2012-11-09,-0.3299999999999983,0.2975187109227678
2012-11-16,-0.5299999999999869,-0.11658837040695115
2012-12-07,-0.37999999999999545,0.20323334305662957
2012-12-14,-0.5400000000000063,-0.13862682994287986
2013-01-04,-0.3100000000000023,0.32421370934173077
2013-01-11,-0.3499999999999943,0.26243571496770274
2013-02-01,-0.4299999999999926,0.09393133453679857
2013-02-08,0.7000000000000028,2.2652594386664897
2013-02-15,-0.28000000000000114,0.3198846022854355
2013-03-01,-0.4200000000000017,0.04584974582623057
2013-03-08,0.1799999999999926,1.229339263673578
2013-03-15,-0.22999999999998977,0.3824239732425055
2013-04-05,-0.29999999999999716,0.23288479931532077
2013-04-12,-0.23000000000000398,0.37741542828814717
2013-05-03,-0.46000000000000796,-0.09661212234274158
2013-05-10,0.7000000000000028,2.136520679099072
2013-05-17,-0.23000000000000398,0.36140931514026475
2013-06-07,-0.21999999999999886,0.39993368259157447
2013-06-14,-0.25,0.3006088966341484
2013-07-05,-0.23999999999999488,0.3155215420478873
2013-07-12,-0.3400000000000034,-0.003427449572952759
2013-08-02,-0.5499999999999972,-0.7638381150774164
2013-08-09,0.5300000000000011,2.8853083228680934
2013-08-16,-0.3500000000000085,-0.12015362807367405
2013-09-06,-0.269999999999996,0.17488273044415376
2013-09-13,-0.21999999999999886,0.3531945340342505
2013-10-04,-0.3299999999999983,-0.039091433863982616
2013-10-11,0.12000000000000455,1.495045740407947
2013-10-18,-0.14999999999999147,0.5295118617295125
2013-11-01,-0.4299999999999926,-0.44620248161983045
2013-11-08,0.5300000000000011,2.648418039730869
2013-11-15,-0.28000000000000114,-0.0012564452618682661
2013-12-06,-0.21999999999999886,0.19028473724866882
2013-12-13,-0.3199999999999932,-0.1555493429977517
2014-01-03,-0.12999999999999545,0.4606036594403798
2014-01-10,0.9900000000000091,3.543175548474199
2014-01-17,-0.09999999999999432,0.37952001593572676
2014-02-07,0.5700000000000074,2.1680971532674147
2014-02-14,-0.12000000000000455,0.22843559185069715
2014-03-07,0.5700000000000074,2.0337890580010427
2014-03-14,-0.0799999999999983,0.2761046882065403
2014-04-04,0.6800000000000068,2.1711750872915734
2014-04-11,0.0,0.394482781125962
2014-04-18,-0.09000000000000341,0.13908146935021373
2014-05-02,0.6199999999999903,1.888311459527488
2014-05-09,0.5800000000000125,1.6963066686626906
2014-05-16,-0.11999999999999034,-0.05923194240005452
2014-06-06,0.7199999999999989,1.9257505778120294
2014-06-13,0.03999999999999204,0.2570618570068801
2014-07-04,0.6599999999999966,1.6831315429929394
2014-07-11,0.05000000000001137,0.20491395001642418
2014-08-01,-0.20000000000000284,-0.40023083202683635
2014-08-08,0.8100000000000023,1.9230683424655381
2014-08-15,-0.1600000000000037,-0.36641927580719597
2014-09-05,0.6799999999999926,1.5499176611474659
2014-09-12,-0.1599999999999966,-0.4313907884292297
2014-10-03,0.5300000000000011,1.1546697901582967
2014-10-10,0.7099999999999937,1.5070862817870725
2014-10-17,-0.21999999999999886,-0.660377172377011
2014-11-07,0.5300000000000011,1.1092999014911162
2014-11-14,-0.23999999999999488,-0.7093827096480487
2014-12-05,0.6500000000000057,1.336914407489942
2014-12-12,-0.269999999999996,-0.7995045736224842
2015-01-02,-0.4299999999999997,-1.1543767211330143
2015-01-09,-0.6100000000000065,-1.531656612330304
2015-01-16,-1.2800000000000011,-2.7813354989584096
2015-02-06,-0.2600000000000051,-0.6485269605899796
2015-02-13,-1.4400000000000048,-2.855636746520545
2015-03-06,-0.28999999999999915,-0.5800001804743853
2015-03-13,-1.4200000000000017,-2.5794564912944624
2015-04-03,-1.6999999999999957,-2.800067011222498
2015-04-10,-0.5700000000000003,-0.8693339559307487
2015-04-17,-1.4200000000000017,-2.1615802232468004
2015-05-01,-0.480000000000004,-0.6549350199307002
2015-05-08,-0.3999999999999986,-0.5009492572121391
2015-05-15,-1.0399999999999991,-1.4850608529963287
2015-06-05,-1.0700000000000003,-1.476059959063466
2015-06-12,-1.1799999999999997,-1.5778030740018516
2015-07-03,-0.4299999999999997,-0.4388869370923158
2015-07-10,-0.5899999999999963,-0.658370935651374
2015-07-17,-1.6499999999999986,-2.112471566212718
2015-08-07,-0.44000000000000483,-0.37058559270809405
2015-08-14,-1.5,-1.7984416838659945
2015-09-04,-1.7000000000000028,-1.9614285315105056
2015-09-11,-1.25,-1.3037096790523062
2015-09-18,-1.5600000000000023,-1.6381465880564894
2015-10-02,-0.9099999999999966,-0.7743452017948224
2015-10-09,-0.519999999999996,-0.24248671563226515
2015-10-16,-1.6700000000000017,-1.6751896036847596
2015-11-06,-0.44999999999999574,-0.08302545525292876
2015-11-13,-1.6300000000000026,-1.547723607164586
2015-12-04,-2.0800000000000054,-2.003777242448689
2015-12-11,-1.2800000000000011,-0.9745891941792645
2016-01-01,-1.1300000000000026,-0.7583826695566096
2016-01-08,-0.7800000000000011,-0.30245634339429767
2016-01-15,-0.8999999999999986,-0.4341999634987439
2016-02-05,-0.6999999999999957,-0.15406481477392636
2016-02-12,-0.9699999999999989,-0.472535451726487
2016-03-04,-1.759999999999998,-1.4431808428733781
2016-03-11,-0.5900000000000034,0.10220079264538885
2016-04-01,-1.1900000000000048,-0.6684260768270337
2016-04-08,-0.759999999999998,-0.05854306285999636
2016-04-15,-0.5799999999999983,0.2095822560290149
2016-05-06,-0.5899999999999963,0.20713701160353137
2016-05-13,-1.0399999999999991,-0.3941353783992838
2016-06-03,-1.230000000000004,-0.6467333603468791
2016-06-10,-0.5399999999999991,0.43052237280649136
2016-06-17,-1.0399999999999991,-0.32355571624054535
2016-07-01,-1.2199999999999989,-0.5785235137210848
2016-07-08,-0.7000000000000028,0.3428237470537342
2016-07-15,-1.1699999999999946,-0.45848623731497323
2016-08-05,-1.2700000000000031,-0.6150453150766096
2016-08-12,-1.0399999999999991,-0.1497862771100757
2016-09-02,-1.7999999999999972,-1.6635247727418727
2016-09-09,-0.5799999999999983,0.9329196525964869
2016-09-16,-0.9399999999999977,0.18642834000640165
2016-10-07,-0.6499999999999986,0.8196495907692434
2016-10-14,-0.7000000000000028,0.6853871951996056
2016-11-04,-1.3900000000000006,-0.7835597935619102
2016-11-11,-0.740000000000002,0.6323933042262282
2016-12-02,-2.6199999999999974,-3.176645735607668
2016-12-09,-0.5500000000000043,1.0217795841119508
2016-12-16,-0.9200000000000017,0.24183511951151668
2017-01-06,-0.240000000000002,1.6096097091302473
2017-01-13,-0.020000000000003126,1.9383564363877634
2017-02-03,-0.46000000000000085,1.0695105767599502
2017-02-10,-0.3200000000000003,1.3369761233421151
2017-02-17,-0.23000000000000398,1.4514872525059626
2017-03-03,-0.45000000000000284,0.9964058645459319
2017-03-10,-0.3200000000000003,1.196504578660851
2017-03-17,-0.21999999999999886,1.3641927309160289
2017-04-07,-0.21999999999999886,1.3328538687119689
2017-04-14,-0.020000000000003126,1.6256823304367678
2017-05-05,-0.38000000000000256,0.9677877095163462
2017-05-12,-0.05000000000000426,1.4980970718542348
2017-06-02,-0.6200000000000045,0.448154647246272
2017-06-09,-0.46000000000000085,0.7127337619614427
2017-06-16,-0.07000000000000028,1.3703405224223897
2017-07-07,-0.1600000000000037,1.1641004367957803
2017-07-14,-0.060000000000002274,1.3086828542956754
2017-08-04,-0.5499999999999972,0.4109346061788764
2017-08-11,-0.23999999999999488,0.9603677242005397
2017-08-18,-0.0799999999999983,1.2068475438743487
2017-09-01,-0.9099999999999966,-0.3676840734726248
2017-09-08,-0.1599999999999966,1.0443585978080212
2017-09-15,-0.21999999999999886,0.8932067697173403
2017-10-06,-0.37000000000000455,0.5855983541655159
2017-10-13,-0.23999999999999488,0.8083422734673226
2017-11-03,-0.8100000000000023,-0.28291270510807903
2017-11-10,-0.30000000000000426,0.6711346173446919
2017-11-17,-0.05999999999999517,1.107095956416857
2017-12-01,-0.8300000000000054,-0.4131763396682901
2017-12-08,-0.1699999999999946,0.8618860001242864
2017-12-15,-0.01999999999999602,1.1195173325605794
2018-01-05,0.12000000000000455,1.3440290630287626
2018-01-12,-0.12000000000000455,0.8556997376760475
2018-02-02,0.38000000000000966,1.7249925790514344
2018-02-09,1.2999999999999972,3.0792517673265647
2018-02-16,-0.14000000000000057,0.5860745154964337
2018-03-02,0.0800000000000054,0.9269810307597551
2018-03-09,0.4299999999999926,1.4662630836969452
2018-03-16,-0.18999999999999773,0.3907881687752848
2018-04-06,0.06999999999999318,0.8026028318678285
2018-04-13,-0.21000000000000085,0.29038350627035914
2018-05-04,0.0,0.6322250666789687
2018-05-11,-0.10999999999999943,0.4053108403357529
2018-05-18,-0.22999999999999687,0.16328819456981014
2018-06-08,1.0700000000000074,2.455786507963633
2018-06-15,-0.21000000000000085,0.10640196716633557
2018-07-06,0.060000000000002274,0.5759977884789395
2018-07-13,-0.20000000000000284,0.05880671611634218
2018-08-03,0.05999999999999517,0.5328939349860647
2018-08-10,0.12000000000000455,0.7230331220810883
2018-08-17,-0.18999999999999773,-0.08897494380665183
2018-09-07,1.8699999999999903,4.2454843328849305
2018-09-14,-0.1700000000000017,-0.14956431485266403
2018-10-05,0.04999999999999716,0.3212660505688715
2018-10-12,-0.20000000000000284,-0.22896691233033986
2018-11-02,0.11999999999999744,0.445624925236692
2018-11-09,0.20999999999999375,0.6204156962174389
2018-11-16,-0.19000000000000483,-0.2556406417443239
2018-12-07,0.980000000000004,2.1336410511297674
2018-12-14,-0.21000000000000085,-0.33834715386561487
2019-01-04,-0.11999999999999744,-0.15555509794922945
2019-01-11,-0.07000000000000028,-0.049585828231074554
2019-02-01,-0.3200000000000003,-0.5727241715697851
2019-02-08,-0.010000000000005116,0.07128659739864543
2019-02-15,0.05000000000000426,0.17184349035173535
2019-03-01,-0.30999999999999517,-0.5975406310382283
2019-03-08,-0.09000000000000341,-0.1297818904378019
2019-03-15,0.07000000000000028,0.20046129488274528
2019-04-05,-0.0899999999999963,-0.13797736386313672
2019-04-12,0.0899999999999963,0.2206382042393776
2019-05-03,-0.37999999999999545,-0.7804679726494329
2019-05-10,0.14000000000000057,0.32327208486749787
2019-05-17,0.0899999999999963,0.1820027567583652
2019-06-07,-0.13999999999999346,-0.3299276766646522
2019-06-14,0.10000000000000142,0.19017319748934242
2019-07-05,-0.10999999999999943,-0.29058199052549316
2019-07-12,0.0,-0.05450571918815108
2019-08-02,-0.37000000000000455,-0.9313268017889235
2019-08-09,0.0799999999999983,0.09305434502169964
2019-08-16,-0.01999999999999602,-0.1414192854473675
2019-09-06,-0.10999999999999943,-0.3992119915821203
2019-09-13,0.10000000000000142,0.0977522105390518
2019-10-04,-0.04000000000000625,-0.24175784870548764
2019-10-11,-0.010000000000005116,-0.1627228397907009
2019-10-18,0.10000000000000142,0.09462080929598882
2019-11-01,-0.3199999999999932,-0.8938427802569402
2019-11-08,-0.0799999999999983,-0.2722287234963498
2019-11-15,0.10999999999999943,0.2264774556682001
2019-12-06,-0.22999999999999687,-0.6708361760162026
2019-12-13,0.11999999999999744,0.287597129907553
2020-01-03,0.28999999999999915,0.7223831133680397
2020-01-10,-0.28999999999999915,-0.8241524073118717
2020-01-17,-0.17999999999999972,-0.5302532847976693
2020-02-07,-0.10000000000000142,-0.3093696529239128
2020-02-14,-0.1599999999999966,-0.46769730703120377
2020-03-06,-0.30000000000000426,-0.8379957624262473
2020-03-13,-0.14999999999999858,-0.4065692468618647
2020-04-03,-0.1700000000000017,-0.46777995475806045
2020-04-10,-0.3500000000000014,-0.962352725611763
2020-04-17,-0.1600000000000037,-0.41447276991863735
2020-05-08,-0.240000000000002,-0.6276269811742802
2020-05-15,-0.3200000000000003,-0.8300766855206575
2020-06-05,-1.6300000000000026,-3.812813498705501
2020-06-12,-0.3500000000000014,-0.7987976750369227
2020-07-03,-0.22999999999999687,-0.40850361605445557
2020-07-10,-0.27999999999999403,-0.5484638968848673
2020-07-17,-0.19000000000000483,-0.2600714099245899
2020-08-07,-0.14000000000000057,-0.08384487842445025
2020-08-14,-0.19999999999999574,-0.25479686373743365
2020-09-04,-5.080000000000002,-6.460731444998557
2020-09-11,-0.3299999999999983,-0.12108793935066205
2020-09-18,-0.19999999999999574,0.0558255246204979
2020-10-02,-0.21000000000000085,0.04456680748118636
2020-10-09,-0.35999999999999943,-0.15236270186689643
2020-10-16,-0.17999999999999972,0.0894259852161599
2020-11-06,-0.22999999999999687,0.02703907928380404
2020-11-13,-0.17999999999999972,0.10149055316929903
2020-12-04,-0.4800000000000004,-0.30394533738524143
2020-12-11,-0.28999999999999915,-0.03916238607284313
2021-01-01,-0.10999999999999943,0.2119219121513088
2021-01-08,0.9000000000000057,1.532116281859133
2021-01-15,0.19999999999998863,0.5923618272280137
2021-02-05,-0.02999999999999403,0.2761622561794599
2021-02-12,0.23000000000000398,0.6200316925596301
2021-03-05,0.0799999999999983,0.42040737553213264
2021-03-12,0.1600000000000108,0.5180454987327056
2021-04-02,0.1599999999999966,0.5161260241704501
2021-04-09,0.35999999999999943,0.7655120754841046
2021-04-16,1.1099999999999994,1.6801216034400697
2021-05-07,0.7999999999999972,1.2344192658255877
2021-05-14,1.1400000000000006,1.5981195674099766
2021-06-04,-0.03999999999999915,0.14261941641718387
2021-06-11,0.37000000000000455,0.6346097916764442
2021-06-18,0.18999999999999773,0.4109374328301348
2021-07-02,-0.03999999999999915,0.12847699049402073
2021-07-09,0.21999999999999886,0.44160567286459257
2021-07-16,0.20999999999999375,0.4263455061567505
2021-08-06,0.1799999999999926,0.37747109233395537
2021-08-13,0.1799999999999926,0.3708546335288467
2021-09-03,0.020000000000003126,0.17752539007735582
2021-09-10,0.21999999999999886,0.4108552307097361
2021-09-17,0.14999999999999147,0.324621521309543
2021-10-08,0.23000000000000398,0.4239543877285821
2021-10-15,0.18999999999999773,0.3635068433933887
2021-11-05,-0.01999999999999602,0.10348725980985718
2021-11-12,1.1700000000000017,1.4914781194815334
2021-12-03,-0.030000000000001137,0.0571207970948752
2021-12-10,0.7199999999999989,0.9211239246578565
2021-12-17,1.1000000000000085,1.3190256489496255
2022-01-07,2.660000000000011,2.8166408094100177
2022-01-14,0.0799999999999983,0.05507516819843931
2022-02-04,3.539999999999992,3.263094811443971
2022-02-11,1.1400000000000006,0.9538055623937758
2022-02-18,-0.06999999999999318,-0.18932643111592845
2022-03-04,3.0600000000000023,2.5640719332634947
2022-03-11,0.9899999999999949,0.6699206887749198
2022-04-01,0.25,-0.00555827707821224
2022-04-08,0.980000000000004,0.6308682497247746
2022-04-15,1.1599999999999966,0.7666146588201896
2022-05-06,1.5200000000000102,1.0511435682262131
2022-05-13,-0.14999999999999147,-0.4353418279689725
2022-06-03,0.5799999999999983,0.1604402632389462
2022-06-10,0.8599999999999994,0.47634362078850556
2022-06-17,-0.20999999999999375,-0.833376914743498
2022-07-01,0.46000000000000796,-0.029159215927891058
2022-07-08,3.480000000000004,3.2381119224774246
2022-07-15,-0.269999999999996,-0.913401783793569
2022-08-05,0.5300000000000011,-0.04501060781719654
2022-08-12,-0.12000000000000455,-0.7715664545280622
2022-09-02,1.1299999999999955,0.5947000834197534
2022-09-09,0.4300000000000068,-0.21214893045412975
2022-09-16,-0.18999999999999773,-0.9148241103259097
2022-10-07,2.549999999999997,2.070996502300904
2022-10-14,0.8100000000000023,0.16543112505759874
2022-11-04,0.37000000000000455,-0.3241758631788033
2022-11-11,0.7999999999999972,0.13509366355278632
2022-12-02,0.6200000000000045,-0.07419435633791308
2022-12-09,0.37000000000000455,-0.3549794996576883
2022-12-16,-0.10999999999999943,-0.875735255107141
2023-01-06,-0.10000000000000853,-0.8499033599978012
2023-01-13,-0.18000000000000682,-0.904797247185961
2023-02-03,-0.15000000000000568,-0.8464274736362472
2023-02-10,1.6499999999999915,1.076307849786063
2023-02-17,0.29999999999999716,-0.37658222698787464
2023-03-03,-0.10999999999999943,-0.802595329291212
2023-03-10,1.7900000000000063,1.1801386809063457
2023-03-17,0.28000000000000114,-0.42209041210198117
2023-04-07,-0.11999999999999034,-0.835186005304364
2023-04-14,-0.2799999999999869,-0.9866497221192893
2023-05-05,0.07000000000000739,-0.6171827851969873
2023-05-12,-0.21000000000000796,-0.8971214611040187
2023-06-02,-0.35999999999999943,-1.0386762394855942
2023-06-09,0.75,0.09772928349779662
2023-06-16,-0.27000000000001023,-0.9437205837879797
2023-07-07,0.09000000000000341,-0.5698591278052199
2023-07-14,-0.25,-0.9048856854046539
2023-08-04,-0.15000000000000568,-0.7987151260646455
2023-08-11,0.01999999999999602,-0.6025635563971046
2023-08-18,-0.20999999999999375,-0.8310319626905189
2023-09-01,-0.29000000000000625,-0.8856419095361779
2023-09-08,0.710000000000008,0.12997196518158982
2023-09-15,-0.010000000000005116,-0.5694420204047547
2023-10-06,0.04000000000000625,-0.5156935595255727
2023-10-13,0.01999999999999602,-0.5193937485116944
2023-11-03,-0.27000000000001023,-0.8282209081614753
2023-11-10,1.4200000000000017,1.1149543329632234
2023-11-17,-0.2400000000000091,-0.8189673749813579
2023-12-01,-0.2600000000000051,-0.8130586095743821
2023-12-08,0.20999999999999375,-0.21079014045686975
2023-12-15,-0.23999999999999488,-0.7565406714795122
2024-01-05,0.5600000000000023,0.28453637665587184
2024-01-12,0.4099999999999966,0.12111973141184272
2024-02-02,-0.01999999999999602,-0.45196258144429036
2024-02-09,0.8999999999999915,0.7559301777546258
2024-02-16,0.2599999999999909,-0.07369576520362321
2024-03-01,-0.18999999999999773,-0.6711506971512865
2024-03-08,0.9000000000000057,0.7593580943221697
2024-03-15,0.3999999999999915,0.21990044632102929
2024-04-05,0.7800000000000011,0.8077227074119836
2024-04-12,0.3500000000000085,0.11133574617548449
2024-05-03,0.7400000000000091,0.7214655630078863
2024-05-10,0.6500000000000057,0.5985244774944855
2024-05-17,0.3400000000000034,0.08713962109376164
2024-06-07,0.3100000000000023,0.021521375594652663
2024-06-14,0.21999999999999886,-0.06373195164835332
2024-07-05,0.3199999999999932,0.15396011365470338
2024-07-12,0.4000000000000057,0.3124236363574148
2024-08-02,0.030000000000001137,-0.40081554749729326
2024-08-09,1.1499999999999915,1.7897475554156814
2024-08-16,0.269999999999996,0.06501224063941823
2024-09-06,0.46000000000000796,0.4181285239331971
2024-09-13,0.28000000000000114,0.04913203301637772
2024-10-04,0.769999999999996,0.9812058437165208
2024-10-11,0.7399999999999949,0.8873169420586601
2024-10-18,0.3200000000000074,0.11735299480828146
2024-11-01,-0.07000000000000739,-0.6962448771168801
2024-11-08,1.240000000000009,1.962607718043213
2024-11-15,0.4200000000000017,0.3703478248704154
2024-12-06,0.3499999999999943,0.20766129421108487
2024-12-13,0.35999999999999943,0.21089679979079057
2025-01-03,0.46999999999999886,0.4363085854589345
2025-02-07,0.6299999999999955,0.7806875446960383
2025-03-07,0.3100000000000023,0.015821594489735545
2025-04-04,0.5600000000000023,0.5741631156494095
2025-05-02,0.29000000000000625,-0.05369200230914105
2025-05-09,0.4000000000000057,0.18576987833868158
2025-06-06,0.35999999999999943,0.07407888899546136
2025-07-04,0.29000000000000625,-0.12837068912621497
2025-08-01,0.6499999999999915,0.7538305006400178
2025-09-05,0.6800000000000068,0.7990393949935783
2025-10-03,0.3499999999999943,-0.07722867912428402
2025-11-07,0.3199999999999932,-0.19273562025708252
2025-12-05,0.30000000000001137,-0.22713637165384604
